trip_id,day_of_week,destination,time_of_day,weather,trip_duration,item,item_importance,item_relevance,times_carried_before,previous_forget_count,forgot
1,Monday,Gym,Morning,Sunny,Medium,Phone,0.98,0.656,11,0,0
1,Monday,Gym,Morning,Sunny,Medium,ID_Card,0.9,0.147,3,3,1
1,Monday,Gym,Morning,Sunny,Medium,Keys,0.93,0.469,5,0,0
2,Saturday,College,Morning,Hot,Short,Water_Bottle,0.45,0.964,13,1,0
2,Saturday,College,Morning,Hot,Short,Keys,0.93,0.519,10,0,0
2,Saturday,College,Morning,Hot,Short,Notebook,0.5,0.938,17,3,0
2,Saturday,College,Morning,Hot,Short,Laptop,0.8,0.941,20,0,0
2,Saturday,College,Morning,Hot,Short,Wallet,0.95,0.73,13,0,0
2,Saturday,College,Morning,Hot,Short,Earphones,0.4,0.633,7,1,0
2,Saturday,College,Morning,Hot,Short,Charger,0.55,0.828,14,3,1
3,Friday,College,Morning,Hot,Short,ID_Card,0.9,0.865,17,0,0
3,Friday,College,Morning,Hot,Short,Water_Bottle,0.45,0.871,14,1,0
3,Friday,College,Morning,Hot,Short,Keys,0.93,0.581,11,0,1
3,Friday,College,Morning,Hot,Short,Laptop,0.8,0.971,18,0,0
3,Friday,College,Morning,Hot,Short,Phone,0.98,0.883,17,0,0
3,Friday,College,Morning,Hot,Short,Notebook,0.5,0.853,10,0,0
4,Thursday,Other,Morning,Sunny,Short,ID_Card,0.9,0.328,8,1,0
4,Thursday,Other,Morning,Sunny,Short,Notebook,0.5,0.141,5,2,1
4,Thursday,Other,Morning,Sunny,Short,Laptop,0.8,0.356,6,1,1
4,Thursday,Other,Morning,Sunny,Short,Charger,0.55,0.361,9,0,1
4,Thursday,Other,Morning,Sunny,Short,Umbrella,0.35,0.092,4,1,1
4,Thursday,Other,Morning,Sunny,Short,Wallet,0.95,0.599,14,1,0
4,Thursday,Other,Morning,Sunny,Short,Keys,0.93,0.552,8,0,1
5,Thursday,College,Night,Cold,Medium,ID_Card,0.9,0.894,13,0,0
5,Thursday,College,Night,Cold,Medium,Laptop,0.8,0.953,18,1,1
5,Thursday,College,Night,Cold,Medium,Phone,0.98,0.895,18,0,0
5,Thursday,College,Night,Cold,Medium,Charger,0.55,0.872,14,1,0
5,Thursday,College,Night,Cold,Medium,Earphones,0.4,0.522,9,1,1
5,Thursday,College,Night,Cold,Medium,Wallet,0.95,0.775,13,1,0
5,Thursday,College,Night,Cold,Medium,Notebook,0.5,0.942,9,3,1
5,Thursday,College,Night,Cold,Medium,Keys,0.93,0.583,5,1,0
6,Sunday,Office,Afternoon,Hot,Short,Keys,0.93,0.577,14,0,0
6,Sunday,Office,Afternoon,Hot,Short,Phone,0.98,0.962,11,0,0
6,Sunday,Office,Afternoon,Hot,Short,ID_Card,0.9,0.777,10,0,0
6,Sunday,Office,Afternoon,Hot,Short,Notebook,0.5,0.498,12,3,1
6,Sunday,Office,Afternoon,Hot,Short,Charger,0.55,0.765,11,1,0
6,Sunday,Office,Afternoon,Hot,Short,Laptop,0.8,0.808,12,1,0
6,Sunday,Office,Afternoon,Hot,Short,Water_Bottle,0.45,0.865,9,0,0
7,Monday,Office,Morning,Cold,Long,Wallet,0.95,0.666,7,0,1
7,Monday,Office,Morning,Cold,Long,Laptop,0.8,0.828,12,0,0
7,Monday,Office,Morning,Cold,Long,Notebook,0.5,0.516,8,2,1
7,Monday,Office,Morning,Cold,Long,Phone,0.98,0.966,15,0,0
7,Monday,Office,Morning,Cold,Long,ID_Card,0.9,0.843,11,0,0
7,Monday,Office,Morning,Cold,Long,Keys,0.93,0.554,12,0,0
7,Monday,Office,Morning,Cold,Long,Charger,0.55,0.906,12,0,0
8,Friday,Shopping,Evening,Rainy,Medium,Keys,0.93,0.624,7,0,0
8,Friday,Shopping,Evening,Rainy,Medium,Wallet,0.95,0.99,13,0,0
9,Tuesday,Travel,Afternoon,Rainy,Medium,Keys,0.93,0.411,10,0,0
9,Tuesday,Travel,Afternoon,Rainy,Medium,Umbrella,0.35,0.903,18,3,1
9,Tuesday,Travel,Afternoon,Rainy,Medium,ID_Card,0.9,0.962,12,1,0
9,Tuesday,Travel,Afternoon,Rainy,Medium,Charger,0.55,0.851,15,1,0
9,Tuesday,Travel,Afternoon,Rainy,Medium,Wallet,0.95,0.833,15,0,0
9,Tuesday,Travel,Afternoon,Rainy,Medium,Phone,0.98,0.983,8,0,0
10,Monday,Shopping,Morning,Rainy,Short,Water_Bottle,0.45,0.29,13,0,1
10,Monday,Shopping,Morning,Rainy,Short,Phone,0.98,0.886,14,0,0
10,Monday,Shopping,Morning,Rainy,Short,Wallet,0.95,0.99,12,0,1
10,Monday,Shopping,Morning,Rainy,Short,Earphones,0.4,0.394,5,1,1
11,Thursday,College,Morning,Rainy,Medium,Laptop,0.8,0.817,9,0,1
11,Thursday,College,Morning,Rainy,Medium,Wallet,0.95,0.727,10,0,0
11,Thursday,College,Morning,Rainy,Medium,Phone,0.98,0.882,9,0,0
11,Thursday,College,Morning,Rainy,Medium,Notebook,0.5,0.834,15,2,0
11,Thursday,College,Morning,Rainy,Medium,Umbrella,0.35,0.816,12,2,1
11,Thursday,College,Morning,Rainy,Medium,ID_Card,0.9,0.99,13,0,0
11,Thursday,College,Morning,Rainy,Medium,Keys,0.93,0.601,12,0,1
11,Thursday,College,Morning,Rainy,Medium,Charger,0.55,0.781,23,0,1
12,Sunday,Office,Afternoon,Cold,Short,Wallet,0.95,0.731,14,1,0
12,Sunday,Office,Afternoon,Cold,Short,Notebook,0.5,0.495,7,1,0
12,Sunday,Office,Afternoon,Cold,Short,Keys,0.93,0.641,11,0,1
12,Sunday,Office,Afternoon,Cold,Short,Charger,0.55,0.905,14,3,0
12,Sunday,Office,Afternoon,Cold,Short,Earphones,0.4,0.438,10,0,1
12,Sunday,Office,Afternoon,Cold,Short,Laptop,0.8,0.845,18,1,0
13,Saturday,Family_Event,Evening,Sunny,Medium,Umbrella,0.35,0.131,4,2,1
13,Saturday,Family_Event,Evening,Sunny,Medium,Phone,0.98,0.756,17,0,0
13,Saturday,Family_Event,Evening,Sunny,Medium,Wallet,0.95,0.532,9,0,1
13,Saturday,Family_Event,Evening,Sunny,Medium,Keys,0.93,0.596,14,0,0
14,Saturday,Travel,Morning,Cloudy,Short,ID_Card,0.9,0.965,23,0,0
14,Saturday,Travel,Morning,Cloudy,Short,Laptop,0.8,0.557,17,1,0
14,Saturday,Travel,Morning,Cloudy,Short,Wallet,0.95,0.842,12,0,0
14,Saturday,Travel,Morning,Cloudy,Short,Phone,0.98,0.99,13,0,0
14,Saturday,Travel,Morning,Cloudy,Short,Keys,0.93,0.389,4,0,1
14,Saturday,Travel,Morning,Cloudy,Short,Charger,0.55,0.885,17,2,1
15,Saturday,Travel,Night,Sunny,Long,Charger,0.55,0.931,9,1,1
15,Saturday,Travel,Night,Sunny,Long,Wallet,0.95,0.982,14,0,0
15,Saturday,Travel,Night,Sunny,Long,Phone,0.98,0.914,9,0,0
16,Saturday,Travel,Evening,Cold,Short,Water_Bottle,0.45,0.485,8,3,0
16,Saturday,Travel,Evening,Cold,Short,Charger,0.55,0.929,14,0,0
16,Saturday,Travel,Evening,Cold,Short,Laptop,0.8,0.589,8,1,0
16,Saturday,Travel,Evening,Cold,Short,Umbrella,0.35,0.348,8,2,1
16,Saturday,Travel,Evening,Cold,Short,Earphones,0.4,0.561,4,0,1
16,Saturday,Travel,Evening,Cold,Short,Wallet,0.95,0.99,18,0,1
16,Saturday,Travel,Evening,Cold,Short,ID_Card,0.9,0.969,21,0,0
17,Thursday,Friends_House,Evening,Cloudy,Medium,Earphones,0.4,0.35,5,2,0
17,Thursday,Friends_House,Evening,Cloudy,Medium,Phone,0.98,0.79,13,0,0
17,Thursday,Friends_House,Evening,Cloudy,Medium,ID_Card,0.9,0.313,13,0,0
18,Monday,College,Morning,Rainy,Short,Charger,0.55,0.896,13,0,1
18,Monday,College,Morning,Rainy,Short,Phone,0.98,0.937,15,0,1
18,Monday,College,Morning,Rainy,Short,Laptop,0.8,0.921,14,1,1
18,Monday,College,Morning,Rainy,Short,Water_Bottle,0.45,0.585,15,4,1
18,Monday,College,Morning,Rainy,Short,Wallet,0.95,0.724,11,0,0
18,Monday,College,Morning,Rainy,Short,ID_Card,0.9,0.86,15,0,1
19,Saturday,Gym,Morning,Hot,Medium,Keys,0.93,0.46,5,0,0
19,Saturday,Gym,Morning,Hot,Medium,Earphones,0.4,0.913,11,1,0
19,Saturday,Gym,Morning,Hot,Medium,Umbrella,0.35,0.01,2,3,1
20,Thursday,Shopping,Evening,Cold,Medium,Wallet,0.95,0.99,11,0,0
20,Thursday,Shopping,Evening,Cold,Medium,Phone,0.98,0.742,15,0,0
20,Thursday,Shopping,Evening,Cold,Medium,ID_Card,0.9,0.454,10,0,0
21,Thursday,Office,Morning,Sunny,Short,Water_Bottle,0.45,0.504,11,0,1
21,Thursday,Office,Morning,Sunny,Short,Wallet,0.95,0.706,15,0,1
21,Thursday,Office,Morning,Sunny,Short,Earphones,0.4,0.459,13,0,0
21,Thursday,Office,Morning,Sunny,Short,ID_Card,0.9,0.815,9,0,0
22,Wednesday,Family_Event,Afternoon,Hot,Short,Wallet,0.95,0.531,8,0,0
22,Wednesday,Family_Event,Afternoon,Hot,Short,Charger,0.55,0.3,8,3,1
22,Wednesday,Family_Event,Afternoon,Hot,Short,Water_Bottle,0.45,0.583,11,0,0
23,Tuesday,Shopping,Evening,Cold,Short,Water_Bottle,0.45,0.31,9,0,1
23,Tuesday,Shopping,Evening,Cold,Short,Phone,0.98,0.817,7,0,0
23,Tuesday,Shopping,Evening,Cold,Short,ID_Card,0.9,0.502,9,0,0
23,Tuesday,Shopping,Evening,Cold,Short,Keys,0.93,0.589,12,0,0
23,Tuesday,Shopping,Evening,Cold,Short,Wallet,0.95,0.984,13,0,0
24,Sunday,Friends_House,Morning,Sunny,Short,Phone,0.98,0.816,15,0,0
24,Sunday,Friends_House,Morning,Sunny,Short,Water_Bottle,0.45,0.414,8,2,1
24,Sunday,Friends_House,Morning,Sunny,Short,Charger,0.55,0.412,10,0,1
25,Saturday,Family_Event,Evening,Hot,Long,Charger,0.55,0.323,9,3,0
25,Saturday,Family_Event,Evening,Hot,Long,Water_Bottle,0.45,0.641,8,1,1
26,Friday,Shopping,Night,Cloudy,Medium,Phone,0.98,0.914,11,0,0
26,Friday,Shopping,Night,Cloudy,Medium,Water_Bottle,0.45,0.304,7,5,1
26,Friday,Shopping,Night,Cloudy,Medium,Keys,0.93,0.626,12,0,0
26,Friday,Shopping,Night,Cloudy,Medium,Charger,0.55,0.166,7,0,0
26,Friday,Shopping,Night,Cloudy,Medium,Notebook,0.5,0.024,3,2,1
26,Friday,Shopping,Night,Cloudy,Medium,Earphones,0.4,0.284,4,0,1
27,Wednesday,Other,Evening,Rainy,Short,Keys,0.93,0.537,12,0,0
27,Wednesday,Other,Evening,Rainy,Short,Water_Bottle,0.45,0.405,9,2,1
27,Wednesday,Other,Evening,Rainy,Short,Notebook,0.5,0.187,2,4,0
27,Wednesday,Other,Evening,Rainy,Short,Phone,0.98,0.741,8,0,0
27,Wednesday,Other,Evening,Rainy,Short,Earphones,0.4,0.359,7,2,1
28,Saturday,Travel,Afternoon,Rainy,Long,Charger,0.55,0.895,17,3,1
28,Saturday,Travel,Afternoon,Rainy,Long,Wallet,0.95,0.878,11,1,0
28,Saturday,Travel,Afternoon,Rainy,Long,Notebook,0.5,0.233,4,1,1
28,Saturday,Travel,Afternoon,Rainy,Long,Laptop,0.8,0.594,9,0,0
28,Saturday,Travel,Afternoon,Rainy,Long,Umbrella,0.35,0.872,13,1,1
28,Saturday,Travel,Afternoon,Rainy,Long,Water_Bottle,0.45,0.523,9,3,1
28,Saturday,Travel,Afternoon,Rainy,Long,Earphones,0.4,0.586,9,0,1
28,Saturday,Travel,Afternoon,Rainy,Long,Phone,0.98,0.904,7,0,0
28,Saturday,Travel,Afternoon,Rainy,Long,Keys,0.93,0.363,8,0,1
28,Saturday,Travel,Afternoon,Rainy,Long,ID_Card,0.9,0.941,25,0,0
29,Thursday,Family_Event,Evening,Sunny,Short,Phone,0.98,0.82,19,0,1
29,Thursday,Family_Event,Evening,Sunny,Short,Umbrella,0.35,0.248,4,4,1
29,Thursday,Family_Event,Evening,Sunny,Short,Water_Bottle,0.45,0.361,6,0,1
29,Thursday,Family_Event,Evening,Sunny,Short,Wallet,0.95,0.677,11,0,1
30,Thursday,Office,Afternoon,Sunny,Medium,Laptop,0.8,0.877,10,3,1
30,Thursday,Office,Afternoon,Sunny,Medium,ID_Card,0.9,0.817,11,0,0
30,Thursday,Office,Afternoon,Sunny,Medium,Charger,0.55,0.776,8,3,0
30,Thursday,Office,Afternoon,Sunny,Medium,Phone,0.98,0.928,24,0,0
30,Thursday,Office,Afternoon,Sunny,Medium,Wallet,0.95,0.741,13,0,0
30,Thursday,Office,Afternoon,Sunny,Medium,Earphones,0.4,0.526,10,1,0
31,Thursday,Shopping,Evening,Sunny,Medium,Phone,0.98,0.788,20,0,0
32,Tuesday,Shopping,Evening,Sunny,Long,Phone,0.98,0.906,11,0,0
32,Tuesday,Shopping,Evening,Sunny,Long,Water_Bottle,0.45,0.462,6,2,0
32,Tuesday,Shopping,Evening,Sunny,Long,Wallet,0.95,0.976,22,0,0
32,Tuesday,Shopping,Evening,Sunny,Long,Keys,0.93,0.6,11,0,0
32,Tuesday,Shopping,Evening,Sunny,Long,Charger,0.55,0.213,6,1,1
32,Tuesday,Shopping,Evening,Sunny,Long,ID_Card,0.9,0.562,11,0,0
33,Monday,College,Evening,Rainy,Medium,Charger,0.55,0.805,12,1,1
33,Monday,College,Evening,Rainy,Medium,ID_Card,0.9,0.903,17,0,1
33,Monday,College,Evening,Rainy,Medium,Notebook,0.5,0.919,12,1,0
34,Thursday,Gym,Morning,Cloudy,Medium,ID_Card,0.9,0.131,5,0,0
34,Thursday,Gym,Morning,Cloudy,Medium,Earphones,0.4,0.812,17,1,0
34,Thursday,Gym,Morning,Cloudy,Medium,Keys,0.93,0.374,9,0,0
35,Sunday,Other,Morning,Sunny,Long,Keys,0.93,0.395,6,0,1
35,Sunday,Other,Morning,Sunny,Long,Earphones,0.4,0.307,8,0,1
35,Sunday,Other,Morning,Sunny,Long,Phone,0.98,0.757,13,0,0
35,Sunday,Other,Morning,Sunny,Long,Notebook,0.5,0.191,5,3,1
36,Monday,Travel,Morning,Rainy,Short,Wallet,0.95,0.97,17,0,0
36,Monday,Travel,Morning,Rainy,Short,Phone,0.98,0.918,6,0,0
36,Monday,Travel,Morning,Rainy,Short,Charger,0.55,0.919,12,2,0
36,Monday,Travel,Morning,Rainy,Short,ID_Card,0.9,0.976,15,0,0
36,Monday,Travel,Morning,Rainy,Short,Umbrella,0.35,0.951,13,0,0
36,Monday,Travel,Morning,Rainy,Short,Earphones,0.4,0.655,9,0,1
37,Sunday,College,Afternoon,Rainy,Long,Wallet,0.95,0.728,12,0,0
37,Sunday,College,Afternoon,Rainy,Long,Notebook,0.5,0.867,12,1,0
37,Sunday,College,Afternoon,Rainy,Long,Phone,0.98,0.849,16,0,0
37,Sunday,College,Afternoon,Rainy,Long,ID_Card,0.9,0.86,13,0,0
37,Sunday,College,Afternoon,Rainy,Long,Charger,0.55,0.9,15,1,0
37,Sunday,College,Afternoon,Rainy,Long,Laptop,0.8,0.922,7,1,1
38,Saturday,Office,Afternoon,Rainy,Long,Notebook,0.5,0.51,7,0,1
38,Saturday,Office,Afternoon,Rainy,Long,Wallet,0.95,0.752,16,0,1
38,Saturday,Office,Afternoon,Rainy,Long,Phone,0.98,0.923,12,0,0
38,Saturday,Office,Afternoon,Rainy,Long,Keys,0.93,0.551,9,0,1
38,Saturday,Office,Afternoon,Rainy,Long,ID_Card,0.9,0.804,12,0,0
38,Saturday,Office,Afternoon,Rainy,Long,Laptop,0.8,0.861,11,1,1
39,Tuesday,College,Afternoon,Cold,Long,Notebook,0.5,0.951,9,2,1
39,Tuesday,College,Afternoon,Cold,Long,ID_Card,0.9,0.849,11,1,0
39,Tuesday,College,Afternoon,Cold,Long,Phone,0.98,0.87,14,0,0
39,Tuesday,College,Afternoon,Cold,Long,Wallet,0.95,0.827,15,0,0
40,Friday,College,Afternoon,Cloudy,Short,ID_Card,0.9,0.884,9,1,0
40,Friday,College,Afternoon,Cloudy,Short,Phone,0.98,0.897,11,0,1
40,Friday,College,Afternoon,Cloudy,Short,Notebook,0.5,0.99,20,0,0
40,Friday,College,Afternoon,Cloudy,Short,Wallet,0.95,0.702,14,0,0
40,Friday,College,Afternoon,Cloudy,Short,Keys,0.93,0.621,10,0,0
41,Tuesday,Other,Evening,Hot,Short,Water_Bottle,0.45,0.628,5,1,0
41,Tuesday,Other,Evening,Hot,Short,Earphones,0.4,0.326,7,1,1
42,Saturday,Gym,Night,Sunny,Medium,Water_Bottle,0.45,0.9,10,0,1
42,Saturday,Gym,Night,Sunny,Medium,Charger,0.55,0.155,4,2,1
42,Saturday,Gym,Night,Sunny,Medium,Laptop,0.8,0.01,1,1,1
43,Friday,Office,Morning,Hot,Medium,Water_Bottle,0.45,0.823,14,0,0
43,Friday,Office,Morning,Hot,Medium,ID_Card,0.9,0.913,16,0,0
43,Friday,Office,Morning,Hot,Medium,Earphones,0.4,0.459,8,0,1
43,Friday,Office,Morning,Hot,Medium,Wallet,0.95,0.701,13,0,0
43,Friday,Office,Morning,Hot,Medium,Phone,0.98,0.901,16,0,1
44,Wednesday,Travel,Evening,Cold,Medium,Water_Bottle,0.45,0.445,10,1,0
44,Wednesday,Travel,Evening,Cold,Medium,Charger,0.55,0.903,12,1,1
44,Wednesday,Travel,Evening,Cold,Medium,ID_Card,0.9,0.973,17,0,0
44,Wednesday,Travel,Evening,Cold,Medium,Umbrella,0.35,0.361,7,0,1
44,Wednesday,Travel,Evening,Cold,Medium,Earphones,0.4,0.534,10,3,1
45,Monday,College,Evening,Hot,Long,ID_Card,0.9,0.905,10,0,0
45,Monday,College,Evening,Hot,Long,Notebook,0.5,0.888,18,0,1
45,Monday,College,Evening,Hot,Long,Phone,0.98,0.863,10,0,1
45,Monday,College,Evening,Hot,Long,Laptop,0.8,0.935,7,1,1
45,Monday,College,Evening,Hot,Long,Water_Bottle,0.45,0.925,12,1,0
45,Monday,College,Evening,Hot,Long,Wallet,0.95,0.792,6,0,0
45,Monday,College,Evening,Hot,Long,Keys,0.93,0.674,11,0,1
46,Sunday,Office,Afternoon,Rainy,Medium,ID_Card,0.9,0.958,19,0,0
46,Sunday,Office,Afternoon,Rainy,Medium,Phone,0.98,0.839,9,0,0
46,Sunday,Office,Afternoon,Rainy,Medium,Laptop,0.8,0.922,16,1,0
46,Sunday,Office,Afternoon,Rainy,Medium,Earphones,0.4,0.307,5,1,1
46,Sunday,Office,Afternoon,Rainy,Medium,Charger,0.55,0.839,7,0,0
46,Sunday,Office,Afternoon,Rainy,Medium,Water_Bottle,0.45,0.436,7,2,1
46,Sunday,Office,Afternoon,Rainy,Medium,Wallet,0.95,0.79,12,0,0
47,Thursday,Friends_House,Morning,Rainy,Short,Water_Bottle,0.45,0.296,7,0,0
47,Thursday,Friends_House,Morning,Rainy,Short,Phone,0.98,0.896,6,0,0
47,Thursday,Friends_House,Morning,Rainy,Short,Wallet,0.95,0.505,9,0,0
47,Thursday,Friends_House,Morning,Rainy,Short,Charger,0.55,0.383,3,0,1
47,Thursday,Friends_House,Morning,Rainy,Short,Earphones,0.4,0.409,8,1,1
48,Sunday,Travel,Evening,Cloudy,Medium,Charger,0.55,0.933,15,1,0
48,Sunday,Travel,Evening,Cloudy,Medium,Laptop,0.8,0.564,9,2,1
48,Sunday,Travel,Evening,Cloudy,Medium,Phone,0.98,0.989,19,0,0
48,Sunday,Travel,Evening,Cloudy,Medium,Wallet,0.95,0.894,13,1,1
48,Sunday,Travel,Evening,Cloudy,Medium,ID_Card,0.9,0.99,6,0,0
49,Friday,Other,Night,Rainy,Short,Notebook,0.5,0.223,3,2,1
49,Friday,Other,Night,Rainy,Short,Umbrella,0.35,0.911,14,3,0
49,Friday,Other,Night,Rainy,Short,Keys,0.93,0.619,13,0,1
49,Friday,Other,Night,Rainy,Short,Wallet,0.95,0.541,6,0,1
49,Friday,Other,Night,Rainy,Short,Phone,0.98,0.832,12,0,0
50,Saturday,Travel,Evening,Hot,Short,Earphones,0.4,0.655,11,0,0
50,Saturday,Travel,Evening,Hot,Short,Wallet,0.95,0.818,12,0,0
50,Saturday,Travel,Evening,Hot,Short,Charger,0.55,0.983,12,2,0
50,Saturday,Travel,Evening,Hot,Short,Phone,0.98,0.964,14,0,0
51,Saturday,Gym,Night,Cold,Short,Keys,0.93,0.475,10,0,1
51,Saturday,Gym,Night,Cold,Short,Water_Bottle,0.45,0.851,14,0,0
51,Saturday,Gym,Night,Cold,Short,Wallet,0.95,0.238,6,0,0
51,Saturday,Gym,Night,Cold,Short,Earphones,0.4,0.839,11,0,0
51,Saturday,Gym,Night,Cold,Short,Phone,0.98,0.706,11,0,0
51,Saturday,Gym,Night,Cold,Short,Notebook,0.5,0.019,1,1,1
52,Tuesday,Friends_House,Night,Cloudy,Long,Notebook,0.5,0.06,4,0,0
52,Tuesday,Friends_House,Night,Cloudy,Long,Phone,0.98,0.819,10,0,0
52,Tuesday,Friends_House,Night,Cloudy,Long,Umbrella,0.35,0.59,12,2,0
52,Tuesday,Friends_House,Night,Cloudy,Long,ID_Card,0.9,0.143,10,0,0
52,Tuesday,Friends_House,Night,Cloudy,Long,Laptop,0.8,0.182,10,0,1
52,Tuesday,Friends_House,Night,Cloudy,Long,Charger,0.55,0.438,9,1,0
53,Wednesday,Other,Afternoon,Sunny,Medium,Keys,0.93,0.56,9,0,1
53,Wednesday,Other,Afternoon,Sunny,Medium,Laptop,0.8,0.278,3,0,0
53,Wednesday,Other,Afternoon,Sunny,Medium,Wallet,0.95,0.6,11,0,1
53,Wednesday,Other,Afternoon,Sunny,Medium,Phone,0.98,0.829,10,0,0
54,Thursday,Friends_House,Afternoon,Rainy,Medium,Earphones,0.4,0.352,11,0,0
54,Thursday,Friends_House,Afternoon,Rainy,Medium,Umbrella,0.35,0.831,11,2,0
54,Thursday,Friends_House,Afternoon,Rainy,Medium,Charger,0.55,0.272,12,1,0
54,Thursday,Friends_House,Afternoon,Rainy,Medium,Laptop,0.8,0.209,4,1,1
54,Thursday,Friends_House,Afternoon,Rainy,Medium,Wallet,0.95,0.522,9,0,0
54,Thursday,Friends_House,Afternoon,Rainy,Medium,Phone,0.98,0.81,17,0,0
55,Thursday,Other,Afternoon,Sunny,Short,Keys,0.93,0.541,8,0,0
55,Thursday,Other,Afternoon,Sunny,Short,Charger,0.55,0.352,8,0,1
55,Thursday,Other,Afternoon,Sunny,Short,Earphones,0.4,0.312,5,2,0
55,Thursday,Other,Afternoon,Sunny,Short,Wallet,0.95,0.543,9,0,0
56,Monday,Friends_House,Night,Sunny,Medium,Keys,0.93,0.612,12,0,0
56,Monday,Friends_House,Night,Sunny,Medium,Phone,0.98,0.85,7,0,1
56,Monday,Friends_House,Night,Sunny,Medium,Charger,0.55,0.358,5,0,1
57,Thursday,Family_Event,Morning,Cloudy,Long,Umbrella,0.35,0.524,13,3,1
57,Thursday,Family_Event,Morning,Cloudy,Long,Water_Bottle,0.45,0.275,6,1,0
57,Thursday,Family_Event,Morning,Cloudy,Long,Phone,0.98,0.765,15,0,0
57,Thursday,Family_Event,Morning,Cloudy,Long,ID_Card,0.9,0.294,6,1,0
58,Tuesday,College,Afternoon,Hot,Long,ID_Card,0.9,0.9,16,0,1
58,Tuesday,College,Afternoon,Hot,Long,Phone,0.98,0.955,13,0,0
58,Tuesday,College,Afternoon,Hot,Long,Notebook,0.5,0.792,9,1,0
58,Tuesday,College,Afternoon,Hot,Long,Charger,0.55,0.914,9,0,1
58,Tuesday,College,Afternoon,Hot,Long,Water_Bottle,0.45,0.897,18,0,0
58,Tuesday,College,Afternoon,Hot,Long,Umbrella,0.35,0.138,4,2,1
58,Tuesday,College,Afternoon,Hot,Long,Laptop,0.8,0.961,6,0,0
59,Saturday,Friends_House,Evening,Sunny,Medium,Notebook,0.5,0.083,5,4,0
59,Saturday,Friends_House,Evening,Sunny,Medium,Wallet,0.95,0.512,6,0,0
59,Saturday,Friends_House,Evening,Sunny,Medium,Water_Bottle,0.45,0.341,11,1,0
59,Saturday,Friends_House,Evening,Sunny,Medium,Phone,0.98,0.886,10,0,0
59,Saturday,Friends_House,Evening,Sunny,Medium,Earphones,0.4,0.394,6,0,1
60,Friday,Gym,Morning,Sunny,Long,Keys,0.93,0.431,6,0,0
60,Friday,Gym,Morning,Sunny,Long,Earphones,0.4,0.792,13,1,1
61,Sunday,Shopping,Evening,Sunny,Medium,Laptop,0.8,0.093,2,1,1
61,Sunday,Shopping,Evening,Sunny,Medium,Water_Bottle,0.45,0.305,7,3,0
61,Sunday,Shopping,Evening,Sunny,Medium,Wallet,0.95,0.911,10,0,0
62,Saturday,Travel,Afternoon,Cold,Medium,Charger,0.55,0.828,14,2,0
62,Saturday,Travel,Afternoon,Cold,Medium,Keys,0.93,0.346,8,0,1
62,Saturday,Travel,Afternoon,Cold,Medium,Phone,0.98,0.967,23,0,0
62,Saturday,Travel,Afternoon,Cold,Medium,Earphones,0.4,0.591,11,1,0
62,Saturday,Travel,Afternoon,Cold,Medium,Umbrella,0.35,0.317,2,1,0
62,Saturday,Travel,Afternoon,Cold,Medium,ID_Card,0.9,0.948,23,0,0
63,Wednesday,Other,Night,Rainy,Long,Keys,0.93,0.643,8,0,0
63,Wednesday,Other,Night,Rainy,Long,Phone,0.98,0.791,13,0,0
63,Wednesday,Other,Night,Rainy,Long,ID_Card,0.9,0.396,9,0,1
63,Wednesday,Other,Night,Rainy,Long,Laptop,0.8,0.365,4,3,1
63,Wednesday,Other,Night,Rainy,Long,Umbrella,0.35,0.828,12,2,0
64,Sunday,Other,Evening,Sunny,Short,Phone,0.98,0.821,13,0,0
65,Wednesday,Office,Morning,Sunny,Short,Keys,0.93,0.59,7,0,1
65,Wednesday,Office,Morning,Sunny,Short,Charger,0.55,0.786,13,2,0
65,Wednesday,Office,Morning,Sunny,Short,Phone,0.98,0.96,19,1,0
65,Wednesday,Office,Morning,Sunny,Short,ID_Card,0.9,0.726,11,0,0
65,Wednesday,Office,Morning,Sunny,Short,Notebook,0.5,0.605,8,1,0
65,Wednesday,Office,Morning,Sunny,Short,Laptop,0.8,0.916,12,0,0
66,Wednesday,Friends_House,Evening,Rainy,Short,Water_Bottle,0.45,0.281,8,3,1
66,Wednesday,Friends_House,Evening,Rainy,Short,Umbrella,0.35,0.814,11,1,0
66,Wednesday,Friends_House,Evening,Rainy,Short,Phone,0.98,0.895,10,0,0
67,Sunday,Friends_House,Morning,Sunny,Medium,Notebook,0.5,0.08,4,3,1
67,Sunday,Friends_House,Morning,Sunny,Medium,Phone,0.98,0.794,16,0,0
67,Sunday,Friends_House,Morning,Sunny,Medium,Charger,0.55,0.381,8,2,1
68,Wednesday,Office,Afternoon,Rainy,Medium,Notebook,0.5,0.638,9,1,0
68,Wednesday,Office,Afternoon,Rainy,Medium,Umbrella,0.35,0.845,16,1,0
68,Wednesday,Office,Afternoon,Rainy,Medium,Keys,0.93,0.545,13,0,0
68,Wednesday,Office,Afternoon,Rainy,Medium,Phone,0.98,0.879,15,0,0
68,Wednesday,Office,Afternoon,Rainy,Medium,Wallet,0.95,0.719,18,0,0
68,Wednesday,Office,Afternoon,Rainy,Medium,ID_Card,0.9,0.855,9,1,1
68,Wednesday,Office,Afternoon,Rainy,Medium,Laptop,0.8,0.847,8,3,1
68,Wednesday,Office,Afternoon,Rainy,Medium,Earphones,0.4,0.437,7,2,1
69,Monday,College,Evening,Cloudy,Medium,Earphones,0.4,0.55,5,0,1
69,Monday,College,Evening,Cloudy,Medium,Water_Bottle,0.45,0.589,12,1,0
69,Monday,College,Evening,Cloudy,Medium,Phone,0.98,0.847,17,0,0
69,Monday,College,Evening,Cloudy,Medium,ID_Card,0.9,0.914,15,0,0
69,Monday,College,Evening,Cloudy,Medium,Laptop,0.8,0.917,9,1,0
69,Monday,College,Evening,Cloudy,Medium,Notebook,0.5,0.917,13,0,0
69,Monday,College,Evening,Cloudy,Medium,Wallet,0.95,0.722,12,1,0
70,Thursday,College,Evening,Cold,Medium,Keys,0.93,0.611,12,0,0
70,Thursday,College,Evening,Cold,Medium,Wallet,0.95,0.745,10,0,0
70,Thursday,College,Evening,Cold,Medium,Notebook,0.5,0.923,8,0,0
70,Thursday,College,Evening,Cold,Medium,Phone,0.98,0.875,11,0,0
70,Thursday,College,Evening,Cold,Medium,ID_Card,0.9,0.918,12,0,0
70,Thursday,College,Evening,Cold,Medium,Umbrella,0.35,0.332,14,0,1
70,Thursday,College,Evening,Cold,Medium,Laptop,0.8,0.944,17,0,1
71,Saturday,Friends_House,Morning,Sunny,Short,ID_Card,0.9,0.179,8,0,0
71,Saturday,Friends_House,Morning,Sunny,Short,Earphones,0.4,0.488,14,2,0
71,Saturday,Friends_House,Morning,Sunny,Short,Keys,0.93,0.516,3,1,0
71,Saturday,Friends_House,Morning,Sunny,Short,Wallet,0.95,0.447,12,0,0
72,Tuesday,Shopping,Morning,Rainy,Long,Laptop,0.8,0.16,5,1,0
72,Tuesday,Shopping,Morning,Rainy,Long,ID_Card,0.9,0.559,12,0,1
72,Tuesday,Shopping,Morning,Rainy,Long,Umbrella,0.35,0.838,8,0,1
72,Tuesday,Shopping,Morning,Rainy,Long,Water_Bottle,0.45,0.24,12,0,1
72,Tuesday,Shopping,Morning,Rainy,Long,Phone,0.98,0.739,9,0,1
72,Tuesday,Shopping,Morning,Rainy,Long,Wallet,0.95,0.909,15,0,0
73,Thursday,Other,Evening,Sunny,Short,Charger,0.55,0.436,11,0,0
73,Thursday,Other,Evening,Sunny,Short,Water_Bottle,0.45,0.303,5,1,0
73,Thursday,Other,Evening,Sunny,Short,Phone,0.98,0.873,16,0,0
73,Thursday,Other,Evening,Sunny,Short,Wallet,0.95,0.583,12,0,1
74,Monday,Gym,Afternoon,Cold,Long,Water_Bottle,0.45,0.783,20,1,0
74,Monday,Gym,Afternoon,Cold,Long,Earphones,0.4,0.864,11,0,1
74,Monday,Gym,Afternoon,Cold,Long,Charger,0.55,0.084,3,1,1
74,Monday,Gym,Afternoon,Cold,Long,Keys,0.93,0.569,10,0,1
74,Monday,Gym,Afternoon,Cold,Long,Umbrella,0.35,0.146,2,5,1
75,Friday,Other,Afternoon,Cold,Short,Notebook,0.5,0.171,4,2,1
75,Friday,Other,Afternoon,Cold,Short,Laptop,0.8,0.32,6,2,1
75,Friday,Other,Afternoon,Cold,Short,Water_Bottle,0.45,0.315,7,2,0
75,Friday,Other,Afternoon,Cold,Short,Phone,0.98,0.735,15,0,0
76,Thursday,Gym,Morning,Hot,Medium,Water_Bottle,0.45,0.99,16,0,0
76,Thursday,Gym,Morning,Hot,Medium,Keys,0.93,0.532,6,0,0
76,Thursday,Gym,Morning,Hot,Medium,Laptop,0.8,0.01,2,1,1
76,Thursday,Gym,Morning,Hot,Medium,Charger,0.55,0.129,5,2,1
76,Thursday,Gym,Morning,Hot,Medium,Earphones,0.4,0.852,14,0,0
77,Wednesday,Friends_House,Morning,Cloudy,Medium,Phone,0.98,0.895,14,0,0
77,Wednesday,Friends_House,Morning,Cloudy,Medium,Keys,0.93,0.603,8,0,0
77,Wednesday,Friends_House,Morning,Cloudy,Medium,Earphones,0.4,0.376,11,3,1
77,Wednesday,Friends_House,Morning,Cloudy,Medium,ID_Card,0.9,0.24,5,0,0
78,Tuesday,College,Evening,Sunny,Long,ID_Card,0.9,0.826,16,0,0
78,Tuesday,College,Evening,Sunny,Long,Notebook,0.5,0.955,13,1,1
78,Tuesday,College,Evening,Sunny,Long,Phone,0.98,0.948,12,1,0
79,Thursday,Shopping,Morning,Hot,Short,Wallet,0.95,0.954,11,0,1
79,Thursday,Shopping,Morning,Hot,Short,Water_Bottle,0.45,0.69,11,1,0
79,Thursday,Shopping,Morning,Hot,Short,Phone,0.98,0.813,13,0,0
79,Thursday,Shopping,Morning,Hot,Short,ID_Card,0.9,0.618,11,1,0
80,Friday,Family_Event,Afternoon,Hot,Long,Keys,0.93,0.523,8,0,0
80,Friday,Family_Event,Afternoon,Hot,Long,Phone,0.98,0.881,13,0,0
80,Friday,Family_Event,Afternoon,Hot,Long,Water_Bottle,0.45,0.654,19,1,0
81,Sunday,Other,Night,Sunny,Medium,Earphones,0.4,0.336,7,0,0
81,Sunday,Other,Night,Sunny,Medium,Phone,0.98,0.801,15,0,0
81,Sunday,Other,Night,Sunny,Medium,Notebook,0.5,0.201,7,0,0
82,Thursday,Family_Event,Morning,Cloudy,Medium,Keys,0.93,0.594,10,0,0
83,Tuesday,College,Evening,Cloudy,Medium,Notebook,0.5,0.899,19,1,0
83,Tuesday,College,Evening,Cloudy,Medium,Wallet,0.95,0.777,9,0,0
83,Tuesday,College,Evening,Cloudy,Medium,ID_Card,0.9,0.868,16,0,0
83,Tuesday,College,Evening,Cloudy,Medium,Laptop,0.8,0.951,11,0,1
83,Tuesday,College,Evening,Cloudy,Medium,Phone,0.98,0.872,17,0,1
84,Saturday,Gym,Morning,Hot,Short,ID_Card,0.9,0.173,4,0,0
84,Saturday,Gym,Morning,Hot,Short,Water_Bottle,0.45,0.961,19,1,0
85,Friday,College,Evening,Rainy,Medium,Wallet,0.95,0.767,10,0,0
85,Friday,College,Evening,Rainy,Medium,ID_Card,0.9,0.981,12,0,0
85,Friday,College,Evening,Rainy,Medium,Laptop,0.8,0.848,9,2,0
85,Friday,College,Evening,Rainy,Medium,Phone,0.98,0.942,9,0,0
85,Friday,College,Evening,Rainy,Medium,Keys,0.93,0.6,8,0,0
85,Friday,College,Evening,Rainy,Medium,Charger,0.55,0.837,20,0,0
85,Friday,College,Evening,Rainy,Medium,Notebook,0.5,0.914,9,0,0
86,Friday,College,Evening,Rainy,Short,Laptop,0.8,0.84,14,0,0
86,Friday,College,Evening,Rainy,Short,Notebook,0.5,0.907,14,3,1
86,Friday,College,Evening,Rainy,Short,Umbrella,0.35,0.893,12,0,0
86,Friday,College,Evening,Rainy,Short,Earphones,0.4,0.563,10,3,0
86,Friday,College,Evening,Rainy,Short,ID_Card,0.9,0.82,11,0,1
86,Friday,College,Evening,Rainy,Short,Wallet,0.95,0.714,6,0,0
86,Friday,College,Evening,Rainy,Short,Phone,0.98,0.796,15,0,0
87,Monday,Travel,Evening,Rainy,Short,Earphones,0.4,0.657,10,4,1
87,Monday,Travel,Evening,Rainy,Short,Wallet,0.95,0.887,8,0,0
87,Monday,Travel,Evening,Rainy,Short,Phone,0.98,0.915,17,0,0
87,Monday,Travel,Evening,Rainy,Short,Water_Bottle,0.45,0.51,10,0,1
87,Monday,Travel,Evening,Rainy,Short,Charger,0.55,0.926,18,1,0
88,Wednesday,Friends_House,Morning,Sunny,Medium,Wallet,0.95,0.566,9,0,0
88,Wednesday,Friends_House,Morning,Sunny,Medium,Keys,0.93,0.614,12,0,0
88,Wednesday,Friends_House,Morning,Sunny,Medium,Phone,0.98,0.912,11,0,0
89,Saturday,Friends_House,Afternoon,Cloudy,Medium,Keys,0.93,0.51,7,0,0
89,Saturday,Friends_House,Afternoon,Cloudy,Medium,Phone,0.98,0.852,18,0,0
90,Saturday,Family_Event,Evening,Sunny,Short,Earphones,0.4,0.221,4,1,1
90,Saturday,Family_Event,Evening,Sunny,Short,Wallet,0.95,0.595,13,0,0
91,Thursday,Friends_House,Morning,Hot,Short,Charger,0.55,0.416,8,0,1
91,Thursday,Friends_House,Morning,Hot,Short,Wallet,0.95,0.466,2,0,0
91,Thursday,Friends_House,Morning,Hot,Short,Water_Bottle,0.45,0.576,5,0,1
91,Thursday,Friends_House,Morning,Hot,Short,ID_Card,0.9,0.291,4,0,0
92,Saturday,Family_Event,Morning,Cloudy,Short,Laptop,0.8,0.14,6,1,1
92,Saturday,Family_Event,Morning,Cloudy,Short,Phone,0.98,0.834,13,0,0
92,Saturday,Family_Event,Morning,Cloudy,Short,Keys,0.93,0.612,9,0,0
93,Saturday,College,Morning,Cloudy,Short,Umbrella,0.35,0.518,9,1,0
93,Saturday,College,Morning,Cloudy,Short,Water_Bottle,0.45,0.581,13,1,1
93,Saturday,College,Morning,Cloudy,Short,Wallet,0.95,0.749,8,0,0
93,Saturday,College,Morning,Cloudy,Short,Notebook,0.5,0.879,9,0,1
93,Saturday,College,Morning,Cloudy,Short,Keys,0.93,0.498,9,0,0
93,Saturday,College,Morning,Cloudy,Short,ID_Card,0.9,0.9,15,0,0
93,Saturday,College,Morning,Cloudy,Short,Charger,0.55,0.915,14,0,0
94,Wednesday,Office,Night,Sunny,Medium,Charger,0.55,0.853,17,0,0
94,Wednesday,Office,Night,Sunny,Medium,Water_Bottle,0.45,0.503,13,0,0
94,Wednesday,Office,Night,Sunny,Medium,Phone,0.98,0.936,13,0,0
94,Wednesday,Office,Night,Sunny,Medium,Laptop,0.8,0.852,9,3,0
94,Wednesday,Office,Night,Sunny,Medium,Notebook,0.5,0.575,6,2,1
95,Sunday,Travel,Evening,Sunny,Short,Notebook,0.5,0.238,5,1,1
95,Sunday,Travel,Evening,Sunny,Short,Laptop,0.8,0.544,7,2,0
95,Sunday,Travel,Evening,Sunny,Short,Wallet,0.95,0.958,14,0,0
95,Sunday,Travel,Evening,Sunny,Short,Water_Bottle,0.45,0.566,5,0,1
95,Sunday,Travel,Evening,Sunny,Short,Earphones,0.4,0.637,13,1,1
95,Sunday,Travel,Evening,Sunny,Short,Charger,0.55,0.99,20,0,1
95,Sunday,Travel,Evening,Sunny,Short,ID_Card,0.9,0.99,12,0,0
96,Wednesday,Family_Event,Afternoon,Rainy,Long,Laptop,0.8,0.12,3,0,1
96,Wednesday,Family_Event,Afternoon,Rainy,Long,Charger,0.55,0.292,4,1,0
96,Wednesday,Family_Event,Afternoon,Rainy,Long,Umbrella,0.35,0.825,16,0,0
96,Wednesday,Family_Event,Afternoon,Rainy,Long,Phone,0.98,0.691,7,0,0
97,Tuesday,College,Evening,Sunny,Short,ID_Card,0.9,0.962,11,0,1
97,Tuesday,College,Evening,Sunny,Short,Keys,0.93,0.623,13,0,0
97,Tuesday,College,Evening,Sunny,Short,Wallet,0.95,0.66,8,0,0
97,Tuesday,College,Evening,Sunny,Short,Notebook,0.5,0.779,11,1,0
97,Tuesday,College,Evening,Sunny,Short,Laptop,0.8,0.89,17,1,0
97,Tuesday,College,Evening,Sunny,Short,Charger,0.55,0.772,23,0,1
98,Friday,Shopping,Afternoon,Sunny,Short,Keys,0.93,0.662,9,0,0
98,Friday,Shopping,Afternoon,Sunny,Short,Wallet,0.95,0.936,14,0,0
98,Friday,Shopping,Afternoon,Sunny,Short,Phone,0.98,0.821,17,0,0
99,Friday,Travel,Afternoon,Hot,Long,Wallet,0.95,0.878,16,0,0
99,Friday,Travel,Afternoon,Hot,Long,Water_Bottle,0.45,0.777,13,2,0
99,Friday,Travel,Afternoon,Hot,Long,ID_Card,0.9,0.881,20,0,0
99,Friday,Travel,Afternoon,Hot,Long,Charger,0.55,0.893,14,4,0
100,Monday,College,Afternoon,Cloudy,Short,Keys,0.93,0.626,11,0,0
100,Monday,College,Afternoon,Cloudy,Short,Charger,0.55,0.864,17,0,0
100,Monday,College,Afternoon,Cloudy,Short,Phone,0.98,0.86,14,0,0
100,Monday,College,Afternoon,Cloudy,Short,Water_Bottle,0.45,0.638,10,1,0
100,Monday,College,Afternoon,Cloudy,Short,Notebook,0.5,0.93,11,2,0
100,Monday,College,Afternoon,Cloudy,Short,ID_Card,0.9,0.952,13,0,1
101,Saturday,Gym,Afternoon,Cloudy,Medium,Wallet,0.95,0.278,7,0,0
101,Saturday,Gym,Afternoon,Cloudy,Medium,Phone,0.98,0.693,16,0,0
101,Saturday,Gym,Afternoon,Cloudy,Medium,Umbrella,0.35,0.183,4,3,1
101,Saturday,Gym,Afternoon,Cloudy,Medium,Water_Bottle,0.45,0.99,15,0,0
102,Tuesday,Family_Event,Morning,Cloudy,Long,Phone,0.98,0.819,16,0,0
102,Tuesday,Family_Event,Morning,Cloudy,Long,Wallet,0.95,0.587,6,0,0
102,Tuesday,Family_Event,Morning,Cloudy,Long,Keys,0.93,0.478,7,0,0
102,Tuesday,Family_Event,Morning,Cloudy,Long,Umbrella,0.35,0.397,7,2,1
103,Saturday,Travel,Evening,Hot,Long,Earphones,0.4,0.532,11,0,1
103,Saturday,Travel,Evening,Hot,Long,Water_Bottle,0.45,0.771,18,1,0
103,Saturday,Travel,Evening,Hot,Long,Keys,0.93,0.482,10,0,1
103,Saturday,Travel,Evening,Hot,Long,Phone,0.98,0.904,14,0,0
103,Saturday,Travel,Evening,Hot,Long,Laptop,0.8,0.595,8,1,0
103,Saturday,Travel,Evening,Hot,Long,Charger,0.55,0.961,16,1,0
104,Monday,Office,Evening,Cloudy,Medium,Notebook,0.5,0.541,7,0,0
104,Monday,Office,Evening,Cloudy,Medium,Water_Bottle,0.45,0.444,13,0,0
104,Monday,Office,Evening,Cloudy,Medium,Keys,0.93,0.597,12,0,0
104,Monday,Office,Evening,Cloudy,Medium,Phone,0.98,0.828,18,0,1
104,Monday,Office,Evening,Cloudy,Medium,Charger,0.55,0.821,15,1,0
104,Monday,Office,Evening,Cloudy,Medium,Umbrella,0.35,0.476,11,1,1
104,Monday,Office,Evening,Cloudy,Medium,Wallet,0.95,0.704,4,0,0
104,Monday,Office,Evening,Cloudy,Medium,Laptop,0.8,0.914,12,0,0
105,Saturday,Family_Event,Morning,Hot,Short,Water_Bottle,0.45,0.579,10,1,0
105,Saturday,Family_Event,Morning,Hot,Short,Keys,0.93,0.579,9,0,0
106,Saturday,Office,Afternoon,Cold,Medium,Charger,0.55,0.845,11,1,1
106,Saturday,Office,Afternoon,Cold,Medium,ID_Card,0.9,0.806,9,0,0
106,Saturday,Office,Afternoon,Cold,Medium,Laptop,0.8,0.844,16,3,0
107,Saturday,Family_Event,Morning,Rainy,Long,ID_Card,0.9,0.269,5,0,0
107,Saturday,Family_Event,Morning,Rainy,Long,Charger,0.55,0.326,7,4,1
107,Saturday,Family_Event,Morning,Rainy,Long,Wallet,0.95,0.652,10,0,1
107,Saturday,Family_Event,Morning,Rainy,Long,Umbrella,0.35,0.844,10,1,0
107,Saturday,Family_Event,Morning,Rainy,Long,Water_Bottle,0.45,0.214,3,1,1
107,Saturday,Family_Event,Morning,Rainy,Long,Keys,0.93,0.583,13,0,0
108,Friday,Office,Night,Cloudy,Long,ID_Card,0.9,0.842,7,0,0
108,Friday,Office,Night,Cloudy,Long,Charger,0.55,0.872,14,0,1
108,Friday,Office,Night,Cloudy,Long,Umbrella,0.35,0.362,17,1,1
108,Friday,Office,Night,Cloudy,Long,Notebook,0.5,0.532,10,1,1
108,Friday,Office,Night,Cloudy,Long,Water_Bottle,0.45,0.53,14,1,1
109,Thursday,Travel,Night,Hot,Short,Wallet,0.95,0.904,23,0,0
109,Thursday,Travel,Night,Hot,Short,Charger,0.55,0.867,16,3,1
109,Thursday,Travel,Night,Hot,Short,Phone,0.98,0.908,12,0,0
109,Thursday,Travel,Night,Hot,Short,Earphones,0.4,0.606,8,2,0
110,Friday,Gym,Night,Cloudy,Short,Water_Bottle,0.45,0.904,13,2,1
110,Friday,Gym,Night,Cloudy,Short,Keys,0.93,0.52,6,0,0
110,Friday,Gym,Night,Cloudy,Short,Laptop,0.8,0.024,3,1,1
110,Friday,Gym,Night,Cloudy,Short,Phone,0.98,0.621,12,0,0
110,Friday,Gym,Night,Cloudy,Short,Earphones,0.4,0.822,17,0,0
110,Friday,Gym,Night,Cloudy,Short,Umbrella,0.35,0.185,1,1,1
111,Tuesday,Office,Morning,Cloudy,Short,Water_Bottle,0.45,0.58,5,2,1
111,Tuesday,Office,Morning,Cloudy,Short,Wallet,0.95,0.651,7,0,1
111,Tuesday,Office,Morning,Cloudy,Short,Laptop,0.8,0.879,10,0,0
111,Tuesday,Office,Morning,Cloudy,Short,ID_Card,0.9,0.914,22,0,0
111,Tuesday,Office,Morning,Cloudy,Short,Phone,0.98,0.951,12,0,0
112,Saturday,Family_Event,Morning,Rainy,Short,Charger,0.55,0.198,6,1,1
112,Saturday,Family_Event,Morning,Rainy,Short,Wallet,0.95,0.642,2,2,0
112,Saturday,Family_Event,Morning,Rainy,Short,Phone,0.98,0.8,15,1,0
112,Saturday,Family_Event,Morning,Rainy,Short,Umbrella,0.35,0.831,17,0,0
112,Saturday,Family_Event,Morning,Rainy,Short,ID_Card,0.9,0.278,12,0,0
113,Thursday,College,Morning,Cloudy,Medium,Water_Bottle,0.45,0.666,13,0,1
113,Thursday,College,Morning,Cloudy,Medium,Umbrella,0.35,0.446,9,3,1
113,Thursday,College,Morning,Cloudy,Medium,Earphones,0.4,0.547,6,1,0
113,Thursday,College,Morning,Cloudy,Medium,Wallet,0.95,0.829,13,0,0
113,Thursday,College,Morning,Cloudy,Medium,ID_Card,0.9,0.878,5,1,1
113,Thursday,College,Morning,Cloudy,Medium,Notebook,0.5,0.836,14,3,1
113,Thursday,College,Morning,Cloudy,Medium,Keys,0.93,0.554,6,0,0
113,Thursday,College,Morning,Cloudy,Medium,Charger,0.55,0.824,10,3,1
114,Thursday,College,Morning,Sunny,Short,Water_Bottle,0.45,0.603,9,1,0
114,Thursday,College,Morning,Sunny,Short,Wallet,0.95,0.723,10,0,1
114,Thursday,College,Morning,Sunny,Short,Phone,0.98,0.877,12,0,0
114,Thursday,College,Morning,Sunny,Short,Charger,0.55,0.785,8,1,0
114,Thursday,College,Morning,Sunny,Short,Notebook,0.5,0.885,17,0,0
114,Thursday,College,Morning,Sunny,Short,Laptop,0.8,0.921,17,1,1
114,Thursday,College,Morning,Sunny,Short,Earphones,0.4,0.624,8,2,1
115,Thursday,Office,Morning,Cloudy,Short,Laptop,0.8,0.987,18,0,1
115,Thursday,Office,Morning,Cloudy,Short,Notebook,0.5,0.554,18,0,1
115,Thursday,Office,Morning,Cloudy,Short,Water_Bottle,0.45,0.486,8,1,1
115,Thursday,Office,Morning,Cloudy,Short,Charger,0.55,0.778,14,2,0
116,Thursday,Friends_House,Morning,Sunny,Short,Umbrella,0.35,0.204,4,2,1
116,Thursday,Friends_House,Morning,Sunny,Short,Phone,0.98,0.896,16,0,0
117,Monday,Family_Event,Night,Cloudy,Medium,Notebook,0.5,0.01,8,1,1
117,Monday,Family_Event,Night,Cloudy,Medium,Phone,0.98,0.81,13,0,0
117,Monday,Family_Event,Night,Cloudy,Medium,Umbrella,0.35,0.505,6,0,1
118,Monday,Other,Morning,Rainy,Short,Umbrella,0.35,0.899,9,3,1
118,Monday,Other,Morning,Rainy,Short,Keys,0.93,0.489,9,0,0
118,Monday,Other,Morning,Rainy,Short,Notebook,0.5,0.314,5,2,1
118,Monday,Other,Morning,Rainy,Short,Wallet,0.95,0.574,10,0,0
118,Monday,Other,Morning,Rainy,Short,Phone,0.98,0.925,28,0,0
118,Monday,Other,Morning,Rainy,Short,ID_Card,0.9,0.382,10,0,0
118,Monday,Other,Morning,Rainy,Short,Water_Bottle,0.45,0.341,3,2,1
119,Tuesday,Office,Morning,Cold,Medium,Charger,0.55,0.811,14,3,1
119,Tuesday,Office,Morning,Cold,Medium,ID_Card,0.9,0.961,15,1,0
119,Tuesday,Office,Morning,Cold,Medium,Laptop,0.8,0.867,17,0,1
119,Tuesday,Office,Morning,Cold,Medium,Umbrella,0.35,0.288,6,0,1
119,Tuesday,Office,Morning,Cold,Medium,Phone,0.98,0.872,16,0,0
119,Tuesday,Office,Morning,Cold,Medium,Earphones,0.4,0.476,3,1,0
119,Tuesday,Office,Morning,Cold,Medium,Notebook,0.5,0.581,8,3,0
119,Tuesday,Office,Morning,Cold,Medium,Keys,0.93,0.676,15,0,1
120,Monday,Gym,Evening,Sunny,Short,Water_Bottle,0.45,0.86,20,1,1
120,Monday,Gym,Evening,Sunny,Short,Phone,0.98,0.699,8,0,1
120,Monday,Gym,Evening,Sunny,Short,Charger,0.55,0.095,3,2,0
121,Thursday,College,Afternoon,Rainy,Long,Earphones,0.4,0.565,8,0,0
121,Thursday,College,Afternoon,Rainy,Long,Umbrella,0.35,0.951,16,0,0
121,Thursday,College,Afternoon,Rainy,Long,ID_Card,0.9,0.96,8,2,0
121,Thursday,College,Afternoon,Rainy,Long,Keys,0.93,0.515,7,1,0
121,Thursday,College,Afternoon,Rainy,Long,Water_Bottle,0.45,0.578,13,1,1
121,Thursday,College,Afternoon,Rainy,Long,Notebook,0.5,0.844,14,1,0
121,Thursday,College,Afternoon,Rainy,Long,Wallet,0.95,0.763,16,0,0
121,Thursday,College,Afternoon,Rainy,Long,Phone,0.98,0.957,11,0,0
122,Friday,Shopping,Evening,Cloudy,Short,Phone,0.98,0.856,13,0,0
122,Friday,Shopping,Evening,Cloudy,Short,Earphones,0.4,0.309,8,0,1
122,Friday,Shopping,Evening,Cloudy,Short,Wallet,0.95,0.99,14,0,0
123,Friday,Other,Afternoon,Sunny,Medium,Charger,0.55,0.381,11,2,0
123,Friday,Other,Afternoon,Sunny,Medium,Wallet,0.95,0.518,9,0,0
123,Friday,Other,Afternoon,Sunny,Medium,Earphones,0.4,0.343,9,2,1
124,Thursday,Friends_House,Evening,Sunny,Short,Phone,0.98,0.849,19,0,0
125,Saturday,Travel,Afternoon,Sunny,Short,Earphones,0.4,0.581,8,1,0
125,Saturday,Travel,Afternoon,Sunny,Short,Wallet,0.95,0.943,17,0,0
125,Saturday,Travel,Afternoon,Sunny,Short,Laptop,0.8,0.477,12,2,0
125,Saturday,Travel,Afternoon,Sunny,Short,ID_Card,0.9,0.962,14,0,0
125,Saturday,Travel,Afternoon,Sunny,Short,Charger,0.55,0.865,14,1,0
126,Thursday,Gym,Afternoon,Sunny,Short,ID_Card,0.9,0.176,5,1,1
126,Thursday,Gym,Afternoon,Sunny,Short,Earphones,0.4,0.816,9,0,0
126,Thursday,Gym,Afternoon,Sunny,Short,Phone,0.98,0.737,14,0,0
126,Thursday,Gym,Afternoon,Sunny,Short,Wallet,0.95,0.325,8,0,0
127,Monday,Other,Evening,Sunny,Short,Charger,0.55,0.355,7,2,0
127,Monday,Other,Evening,Sunny,Short,Keys,0.93,0.548,8,0,0
127,Monday,Other,Evening,Sunny,Short,ID_Card,0.9,0.441,15,0,0
127,Monday,Other,Evening,Sunny,Short,Phone,0.98,0.776,12,0,0
127,Monday,Other,Evening,Sunny,Short,Earphones,0.4,0.399,7,0,0
128,Saturday,Shopping,Afternoon,Cloudy,Short,Keys,0.93,0.579,5,0,0
128,Saturday,Shopping,Afternoon,Cloudy,Short,Phone,0.98,0.775,19,0,0
128,Saturday,Shopping,Afternoon,Cloudy,Short,Wallet,0.95,0.935,14,0,0
128,Saturday,Shopping,Afternoon,Cloudy,Short,ID_Card,0.9,0.403,11,0,0
129,Friday,College,Morning,Rainy,Medium,Umbrella,0.35,0.941,20,1,0
129,Friday,College,Morning,Rainy,Medium,Charger,0.55,0.901,11,1,1
129,Friday,College,Morning,Rainy,Medium,Notebook,0.5,0.921,13,4,0
129,Friday,College,Morning,Rainy,Medium,ID_Card,0.9,0.849,14,0,0
129,Friday,College,Morning,Rainy,Medium,Wallet,0.95,0.729,18,0,0
129,Friday,College,Morning,Rainy,Medium,Phone,0.98,0.964,12,0,0
129,Friday,College,Morning,Rainy,Medium,Water_Bottle,0.45,0.613,13,1,0
129,Friday,College,Morning,Rainy,Medium,Keys,0.93,0.547,8,0,0
129,Friday,College,Morning,Rainy,Medium,Laptop,0.8,0.92,23,0,0
130,Friday,Gym,Afternoon,Sunny,Medium,Water_Bottle,0.45,0.962,14,0,1
130,Friday,Gym,Afternoon,Sunny,Medium,Earphones,0.4,0.863,10,1,1
130,Friday,Gym,Afternoon,Sunny,Medium,Charger,0.55,0.141,4,2,1
130,Friday,Gym,Afternoon,Sunny,Medium,ID_Card,0.9,0.198,6,0,0
131,Thursday,College,Morning,Sunny,Short,Wallet,0.95,0.729,9,0,0
131,Thursday,College,Morning,Sunny,Short,Umbrella,0.35,0.202,6,1,0
131,Thursday,College,Morning,Sunny,Short,Charger,0.55,0.875,9,1,0
131,Thursday,College,Morning,Sunny,Short,Notebook,0.5,0.947,17,0,0
131,Thursday,College,Morning,Sunny,Short,Earphones,0.4,0.551,9,1,1
131,Thursday,College,Morning,Sunny,Short,Laptop,0.8,0.915,21,0,0
131,Thursday,College,Morning,Sunny,Short,Phone,0.98,0.905,13,0,0
132,Thursday,Office,Evening,Sunny,Medium,Wallet,0.95,0.86,12,0,1
132,Thursday,Office,Evening,Sunny,Medium,Phone,0.98,0.982,12,0,0
132,Thursday,Office,Evening,Sunny,Medium,Notebook,0.5,0.628,10,1,0
132,Thursday,Office,Evening,Sunny,Medium,Laptop,0.8,0.876,11,3,0
133,Monday,College,Morning,Rainy,Medium,Notebook,0.5,0.827,13,0,1
133,Monday,College,Morning,Rainy,Medium,ID_Card,0.9,0.894,14,1,0
133,Monday,College,Morning,Rainy,Medium,Water_Bottle,0.45,0.654,17,0,1
133,Monday,College,Morning,Rainy,Medium,Phone,0.98,0.835,12,0,0
133,Monday,College,Morning,Rainy,Medium,Umbrella,0.35,0.814,8,0,0
133,Monday,College,Morning,Rainy,Medium,Laptop,0.8,0.862,8,0,0
134,Thursday,Gym,Morning,Cloudy,Short,Wallet,0.95,0.231,14,0,0
134,Thursday,Gym,Morning,Cloudy,Short,Earphones,0.4,0.863,13,1,0
134,Thursday,Gym,Morning,Cloudy,Short,Water_Bottle,0.45,0.929,16,1,0
135,Saturday,Travel,Morning,Rainy,Short,Earphones,0.4,0.558,13,1,0
135,Saturday,Travel,Morning,Rainy,Short,Phone,0.98,0.915,16,1,0
135,Saturday,Travel,Morning,Rainy,Short,ID_Card,0.9,0.936,16,1,0
135,Saturday,Travel,Morning,Rainy,Short,Umbrella,0.35,0.956,13,3,1
136,Wednesday,Office,Evening,Sunny,Short,Phone,0.98,0.867,17,0,0
136,Wednesday,Office,Evening,Sunny,Short,Charger,0.55,0.782,12,1,0
136,Wednesday,Office,Evening,Sunny,Short,ID_Card,0.9,0.956,18,0,0
136,Wednesday,Office,Evening,Sunny,Short,Earphones,0.4,0.447,9,4,1
136,Wednesday,Office,Evening,Sunny,Short,Laptop,0.8,0.79,12,0,1
136,Wednesday,Office,Evening,Sunny,Short,Wallet,0.95,0.717,14,0,0
137,Friday,Gym,Morning,Sunny,Short,Phone,0.98,0.743,24,0,0
137,Friday,Gym,Morning,Sunny,Short,Wallet,0.95,0.335,3,0,1
137,Friday,Gym,Morning,Sunny,Short,Earphones,0.4,0.849,13,1,0
137,Friday,Gym,Morning,Sunny,Short,Water_Bottle,0.45,0.99,12,0,1
138,Monday,Other,Evening,Cold,Medium,Phone,0.98,0.812,8,0,0
138,Monday,Other,Evening,Cold,Medium,Wallet,0.95,0.628,6,0,0
138,Monday,Other,Evening,Cold,Medium,Keys,0.93,0.567,10,0,0
138,Monday,Other,Evening,Cold,Medium,Notebook,0.5,0.276,8,2,0
139,Wednesday,Friends_House,Evening,Sunny,Long,Keys,0.93,0.608,10,1,0
139,Wednesday,Friends_House,Evening,Sunny,Long,Wallet,0.95,0.539,6,0,0
139,Wednesday,Friends_House,Evening,Sunny,Long,Earphones,0.4,0.449,9,2,0
140,Thursday,Shopping,Morning,Sunny,Long,Phone,0.98,0.839,10,0,0
140,Thursday,Shopping,Morning,Sunny,Long,Keys,0.93,0.618,12,0,0
140,Thursday,Shopping,Morning,Sunny,Long,ID_Card,0.9,0.537,6,0,1
140,Thursday,Shopping,Morning,Sunny,Long,Wallet,0.95,0.932,14,0,0
141,Sunday,Office,Evening,Sunny,Long,Keys,0.93,0.577,12,0,0
141,Sunday,Office,Evening,Sunny,Long,Charger,0.55,0.867,16,0,0
141,Sunday,Office,Evening,Sunny,Long,Phone,0.98,0.859,8,0,0
141,Sunday,Office,Evening,Sunny,Long,Water_Bottle,0.45,0.518,13,2,1
141,Sunday,Office,Evening,Sunny,Long,Notebook,0.5,0.583,10,4,1
142,Tuesday,Family_Event,Morning,Cold,Medium,Keys,0.93,0.583,6,0,0
142,Tuesday,Family_Event,Morning,Cold,Medium,Wallet,0.95,0.619,10,0,0
142,Tuesday,Family_Event,Morning,Cold,Medium,Phone,0.98,0.72,11,1,0
143,Tuesday,Office,Morning,Rainy,Short,ID_Card,0.9,0.89,17,0,0
143,Tuesday,Office,Morning,Rainy,Short,Water_Bottle,0.45,0.448,13,1,1
143,Tuesday,Office,Morning,Rainy,Short,Umbrella,0.35,0.76,15,0,1
143,Tuesday,Office,Morning,Rainy,Short,Notebook,0.5,0.585,9,2,1
143,Tuesday,Office,Morning,Rainy,Short,Laptop,0.8,0.885,21,1,0
144,Wednesday,Office,Evening,Rainy,Short,Notebook,0.5,0.583,10,0,0
144,Wednesday,Office,Evening,Rainy,Short,Umbrella,0.35,0.856,17,0,0
144,Wednesday,Office,Evening,Rainy,Short,Charger,0.55,0.84,17,2,1
144,Wednesday,Office,Evening,Rainy,Short,ID_Card,0.9,0.775,11,0,0
144,Wednesday,Office,Evening,Rainy,Short,Laptop,0.8,0.814,9,1,0
144,Wednesday,Office,Evening,Rainy,Short,Water_Bottle,0.45,0.457,9,0,1
145,Sunday,Other,Night,Cold,Short,Charger,0.55,0.388,13,5,0
145,Sunday,Other,Night,Cold,Short,Phone,0.98,0.884,15,0,0
145,Sunday,Other,Night,Cold,Short,Wallet,0.95,0.557,5,0,0
145,Sunday,Other,Night,Cold,Short,Umbrella,0.35,0.254,12,5,1
146,Saturday,Shopping,Morning,Sunny,Short,Phone,0.98,0.816,15,0,0
146,Saturday,Shopping,Morning,Sunny,Short,Charger,0.55,0.261,9,2,1
146,Saturday,Shopping,Morning,Sunny,Short,Wallet,0.95,0.988,11,1,0
147,Monday,Friends_House,Afternoon,Cold,Short,Umbrella,0.35,0.335,10,2,1
147,Monday,Friends_House,Afternoon,Cold,Short,Phone,0.98,0.838,14,1,0
147,Monday,Friends_House,Afternoon,Cold,Short,Keys,0.93,0.6,10,1,0
148,Tuesday,Travel,Morning,Sunny,Medium,Charger,0.55,0.866,10,2,1
148,Tuesday,Travel,Morning,Sunny,Medium,Phone,0.98,0.925,15,1,0
148,Tuesday,Travel,Morning,Sunny,Medium,Keys,0.93,0.359,8,0,0
148,Tuesday,Travel,Morning,Sunny,Medium,Water_Bottle,0.45,0.564,10,1,1
148,Tuesday,Travel,Morning,Sunny,Medium,Notebook,0.5,0.191,6,0,1
148,Tuesday,Travel,Morning,Sunny,Medium,Earphones,0.4,0.614,10,1,0
149,Saturday,Travel,Afternoon,Rainy,Short,Umbrella,0.35,0.896,13,1,1
149,Saturday,Travel,Afternoon,Rainy,Short,Charger,0.55,0.875,16,1,1
149,Saturday,Travel,Afternoon,Rainy,Short,Phone,0.98,0.909,10,0,0
149,Saturday,Travel,Afternoon,Rainy,Short,Keys,0.93,0.337,6,0,1
149,Saturday,Travel,Afternoon,Rainy,Short,Wallet,0.95,0.902,11,0,1
149,Saturday,Travel,Afternoon,Rainy,Short,Water_Bottle,0.45,0.659,9,0,1
150,Monday,Office,Afternoon,Cloudy,Short,Phone,0.98,0.921,17,0,0
150,Monday,Office,Afternoon,Cloudy,Short,ID_Card,0.9,0.907,16,2,0
150,Monday,Office,Afternoon,Cloudy,Short,Umbrella,0.35,0.43,12,1,0
150,Monday,Office,Afternoon,Cloudy,Short,Charger,0.55,0.762,11,1,1
151,Saturday,Office,Afternoon,Cloudy,Medium,Charger,0.55,0.821,7,1,0
151,Saturday,Office,Afternoon,Cloudy,Medium,Laptop,0.8,0.837,11,0,0
151,Saturday,Office,Afternoon,Cloudy,Medium,Water_Bottle,0.45,0.464,11,0,0
151,Saturday,Office,Afternoon,Cloudy,Medium,Wallet,0.95,0.709,7,0,0
152,Tuesday,Office,Afternoon,Cold,Short,Water_Bottle,0.45,0.4,8,3,1
152,Tuesday,Office,Afternoon,Cold,Short,Laptop,0.8,0.827,11,1,0
152,Tuesday,Office,Afternoon,Cold,Short,Charger,0.55,0.823,11,0,0
152,Tuesday,Office,Afternoon,Cold,Short,Wallet,0.95,0.733,13,0,0
152,Tuesday,Office,Afternoon,Cold,Short,ID_Card,0.9,0.89,8,1,0
153,Sunday,College,Morning,Sunny,Long,Notebook,0.5,0.872,14,0,0
153,Sunday,College,Morning,Sunny,Long,Phone,0.98,0.919,17,0,1
153,Sunday,College,Morning,Sunny,Long,Wallet,0.95,0.663,14,0,0
153,Sunday,College,Morning,Sunny,Long,Keys,0.93,0.581,14,0,0
153,Sunday,College,Morning,Sunny,Long,ID_Card,0.9,0.889,9,0,1
153,Sunday,College,Morning,Sunny,Long,Laptop,0.8,0.892,17,1,0
153,Sunday,College,Morning,Sunny,Long,Earphones,0.4,0.498,2,0,0
154,Wednesday,Family_Event,Evening,Cold,Short,Phone,0.98,0.807,9,0,0
154,Wednesday,Family_Event,Evening,Cold,Short,Earphones,0.4,0.093,2,1,0
155,Thursday,Office,Evening,Cloudy,Medium,Phone,0.98,0.864,14,1,0
155,Thursday,Office,Evening,Cloudy,Medium,Umbrella,0.35,0.401,9,1,1
155,Thursday,Office,Evening,Cloudy,Medium,Keys,0.93,0.562,8,0,1
155,Thursday,Office,Evening,Cloudy,Medium,Wallet,0.95,0.691,13,0,0
155,Thursday,Office,Evening,Cloudy,Medium,Notebook,0.5,0.618,13,1,0
155,Thursday,Office,Evening,Cloudy,Medium,ID_Card,0.9,0.792,10,1,0
156,Friday,Shopping,Evening,Rainy,Short,Umbrella,0.35,0.781,13,2,0
156,Friday,Shopping,Evening,Rainy,Short,Keys,0.93,0.651,12,0,0
156,Friday,Shopping,Evening,Rainy,Short,Wallet,0.95,0.99,14,0,0
157,Monday,Friends_House,Morning,Cold,Medium,Laptop,0.8,0.173,3,0,1
157,Monday,Friends_House,Morning,Cold,Medium,Phone,0.98,0.838,9,0,0
157,Monday,Friends_House,Morning,Cold,Medium,Charger,0.55,0.394,11,0,1
157,Monday,Friends_House,Morning,Cold,Medium,ID_Card,0.9,0.338,2,0,1
157,Monday,Friends_House,Morning,Cold,Medium,Earphones,0.4,0.445,10,0,1
157,Monday,Friends_House,Morning,Cold,Medium,Keys,0.93,0.653,9,0,0
158,Thursday,Friends_House,Afternoon,Sunny,Short,Notebook,0.5,0.01,5,3,1
158,Thursday,Friends_House,Afternoon,Sunny,Short,Wallet,0.95,0.505,14,0,0
158,Thursday,Friends_House,Afternoon,Sunny,Short,Charger,0.55,0.482,6,2,0
158,Thursday,Friends_House,Afternoon,Sunny,Short,Umbrella,0.35,0.159,4,0,1
159,Thursday,Gym,Afternoon,Cold,Short,Earphones,0.4,0.897,13,0,1
159,Thursday,Gym,Afternoon,Cold,Short,Phone,0.98,0.703,5,1,0
159,Thursday,Gym,Afternoon,Cold,Short,Water_Bottle,0.45,0.794,17,2,0
160,Saturday,Gym,Morning,Rainy,Medium,Umbrella,0.35,0.652,11,0,1
161,Sunday,Other,Morning,Hot,Short,Laptop,0.8,0.307,2,1,1
161,Sunday,Other,Morning,Hot,Short,ID_Card,0.9,0.319,7,0,1
161,Sunday,Other,Morning,Hot,Short,Umbrella,0.35,0.202,4,2,1
161,Sunday,Other,Morning,Hot,Short,Wallet,0.95,0.612,10,0,0
161,Sunday,Other,Morning,Hot,Short,Notebook,0.5,0.208,10,0,1
162,Friday,Travel,Afternoon,Sunny,Short,ID_Card,0.9,0.99,15,1,0
162,Friday,Travel,Afternoon,Sunny,Short,Charger,0.55,0.828,10,2,1
162,Friday,Travel,Afternoon,Sunny,Short,Phone,0.98,0.955,13,0,0
162,Friday,Travel,Afternoon,Sunny,Short,Wallet,0.95,0.895,18,0,0
162,Friday,Travel,Afternoon,Sunny,Short,Water_Bottle,0.45,0.604,6,2,0
162,Friday,Travel,Afternoon,Sunny,Short,Laptop,0.8,0.561,5,1,1
162,Friday,Travel,Afternoon,Sunny,Short,Earphones,0.4,0.594,15,2,0
163,Wednesday,Family_Event,Evening,Rainy,Long,Umbrella,0.35,0.801,11,3,0
163,Wednesday,Family_Event,Evening,Rainy,Long,Wallet,0.95,0.537,13,0,1
163,Wednesday,Family_Event,Evening,Rainy,Long,Phone,0.98,0.878,7,0,0
164,Wednesday,Other,Morning,Rainy,Short,Phone,0.98,0.893,9,0,0
164,Wednesday,Other,Morning,Rainy,Short,Wallet,0.95,0.629,8,0,0
164,Wednesday,Other,Morning,Rainy,Short,Water_Bottle,0.45,0.397,10,0,0
165,Wednesday,Friends_House,Evening,Cloudy,Medium,Umbrella,0.35,0.451,2,0,1
165,Wednesday,Friends_House,Evening,Cloudy,Medium,Water_Bottle,0.45,0.31,9,0,0
165,Wednesday,Friends_House,Evening,Cloudy,Medium,Earphones,0.4,0.342,12,1,0
165,Wednesday,Friends_House,Evening,Cloudy,Medium,Phone,0.98,0.81,11,0,1
166,Saturday,College,Afternoon,Sunny,Medium,Charger,0.55,0.801,11,0,0
166,Saturday,College,Afternoon,Sunny,Medium,Notebook,0.5,0.887,13,0,0
166,Saturday,College,Afternoon,Sunny,Medium,Keys,0.93,0.697,12,0,0
167,Wednesday,Shopping,Evening,Sunny,Short,Keys,0.93,0.579,14,0,0
167,Wednesday,Shopping,Evening,Sunny,Short,Earphones,0.4,0.366,8,1,1
167,Wednesday,Shopping,Evening,Sunny,Short,Phone,0.98,0.846,12,0,0
168,Tuesday,College,Afternoon,Cold,Medium,Earphones,0.4,0.58,9,2,0
168,Tuesday,College,Afternoon,Cold,Medium,Wallet,0.95,0.708,13,0,1
168,Tuesday,College,Afternoon,Cold,Medium,Notebook,0.5,0.976,17,1,0
168,Tuesday,College,Afternoon,Cold,Medium,Charger,0.55,0.89,13,0,0
168,Tuesday,College,Afternoon,Cold,Medium,Phone,0.98,0.798,8,0,0
168,Tuesday,College,Afternoon,Cold,Medium,Laptop,0.8,0.885,14,0,1
169,Wednesday,Travel,Afternoon,Sunny,Short,Phone,0.98,0.885,8,0,0
169,Wednesday,Travel,Afternoon,Sunny,Short,Wallet,0.95,0.823,9,0,0
169,Wednesday,Travel,Afternoon,Sunny,Short,Keys,0.93,0.351,9,0,0
169,Wednesday,Travel,Afternoon,Sunny,Short,ID_Card,0.9,0.877,12,0,0
169,Wednesday,Travel,Afternoon,Sunny,Short,Laptop,0.8,0.482,7,1,1
170,Monday,Other,Afternoon,Hot,Medium,Phone,0.98,0.784,18,0,1
170,Monday,Other,Afternoon,Hot,Medium,Keys,0.93,0.582,8,0,1
170,Monday,Other,Afternoon,Hot,Medium,Umbrella,0.35,0.106,5,3,1
170,Monday,Other,Afternoon,Hot,Medium,Charger,0.55,0.402,9,1,1
170,Monday,Other,Afternoon,Hot,Medium,Wallet,0.95,0.552,13,0,0
171,Monday,Shopping,Night,Cold,Short,Keys,0.93,0.62,11,0,0
171,Monday,Shopping,Night,Cold,Short,Phone,0.98,0.936,15,0,0
171,Monday,Shopping,Night,Cold,Short,Wallet,0.95,0.968,15,1,0
172,Monday,Gym,Afternoon,Sunny,Short,Charger,0.55,0.243,8,1,1
172,Monday,Gym,Afternoon,Sunny,Short,Water_Bottle,0.45,0.926,13,2,0
172,Monday,Gym,Afternoon,Sunny,Short,Phone,0.98,0.72,9,0,0
173,Saturday,College,Afternoon,Sunny,Short,ID_Card,0.9,0.99,16,0,0
173,Saturday,College,Afternoon,Sunny,Short,Phone,0.98,0.879,10,0,1
173,Saturday,College,Afternoon,Sunny,Short,Wallet,0.95,0.755,9,0,0
173,Saturday,College,Afternoon,Sunny,Short,Water_Bottle,0.45,0.612,9,2,1
173,Saturday,College,Afternoon,Sunny,Short,Notebook,0.5,0.889,7,2,0
173,Saturday,College,Afternoon,Sunny,Short,Earphones,0.4,0.564,11,1,1
174,Saturday,Other,Afternoon,Rainy,Long,ID_Card,0.9,0.405,3,0,1
174,Saturday,Other,Afternoon,Rainy,Long,Phone,0.98,0.79,13,0,0
174,Saturday,Other,Afternoon,Rainy,Long,Keys,0.93,0.537,18,0,0
174,Saturday,Other,Afternoon,Rainy,Long,Umbrella,0.35,0.861,14,0,0
175,Friday,College,Evening,Sunny,Medium,Laptop,0.8,0.99,14,0,1
175,Friday,College,Evening,Sunny,Medium,Umbrella,0.35,0.187,9,1,1
175,Friday,College,Evening,Sunny,Medium,ID_Card,0.9,0.928,17,0,0
175,Friday,College,Evening,Sunny,Medium,Phone,0.98,0.876,21,0,0
175,Friday,College,Evening,Sunny,Medium,Water_Bottle,0.45,0.647,13,0,0
175,Friday,College,Evening,Sunny,Medium,Notebook,0.5,0.921,15,2,0
175,Friday,College,Evening,Sunny,Medium,Charger,0.55,0.837,14,1,1
175,Friday,College,Evening,Sunny,Medium,Keys,0.93,0.567,16,0,1
176,Thursday,College,Morning,Rainy,Long,Notebook,0.5,0.866,13,0,0
176,Thursday,College,Morning,Rainy,Long,Umbrella,0.35,0.9,18,4,0
176,Thursday,College,Morning,Rainy,Long,Phone,0.98,0.849,12,0,0
176,Thursday,College,Morning,Rainy,Long,ID_Card,0.9,0.862,17,0,1
176,Thursday,College,Morning,Rainy,Long,Wallet,0.95,0.834,10,0,0
177,Saturday,Office,Afternoon,Rainy,Medium,Wallet,0.95,0.72,10,0,0
177,Saturday,Office,Afternoon,Rainy,Medium,Umbrella,0.35,0.795,20,1,0
177,Saturday,Office,Afternoon,Rainy,Medium,Notebook,0.5,0.549,10,0,0
177,Saturday,Office,Afternoon,Rainy,Medium,Phone,0.98,0.852,15,0,0
177,Saturday,Office,Afternoon,Rainy,Medium,Laptop,0.8,0.814,9,1,0
177,Saturday,Office,Afternoon,Rainy,Medium,ID_Card,0.9,0.853,11,0,0
178,Tuesday,College,Afternoon,Rainy,Medium,Keys,0.93,0.688,14,0,0
178,Tuesday,College,Afternoon,Rainy,Medium,Phone,0.98,0.843,12,0,0
178,Tuesday,College,Afternoon,Rainy,Medium,ID_Card,0.9,0.914,19,0,0
178,Tuesday,College,Afternoon,Rainy,Medium,Water_Bottle,0.45,0.592,9,1,1
178,Tuesday,College,Afternoon,Rainy,Medium,Wallet,0.95,0.749,13,0,0
178,Tuesday,College,Afternoon,Rainy,Medium,Notebook,0.5,0.929,15,0,0
178,Tuesday,College,Afternoon,Rainy,Medium,Umbrella,0.35,0.803,7,2,0
178,Tuesday,College,Afternoon,Rainy,Medium,Laptop,0.8,0.932,11,1,0
179,Sunday,Gym,Night,Cloudy,Medium,Water_Bottle,0.45,0.889,16,0,0
179,Sunday,Gym,Night,Cloudy,Medium,ID_Card,0.9,0.143,5,0,1
179,Sunday,Gym,Night,Cloudy,Medium,Earphones,0.4,0.82,15,0,0
180,Thursday,Shopping,Afternoon,Rainy,Long,Umbrella,0.35,0.867,13,2,0
180,Thursday,Shopping,Afternoon,Rainy,Long,ID_Card,0.9,0.555,7,1,1
180,Thursday,Shopping,Afternoon,Rainy,Long,Keys,0.93,0.646,13,0,0
180,Thursday,Shopping,Afternoon,Rainy,Long,Phone,0.98,0.815,9,0,0
180,Thursday,Shopping,Afternoon,Rainy,Long,Charger,0.55,0.137,6,1,1
180,Thursday,Shopping,Afternoon,Rainy,Long,Wallet,0.95,0.99,10,0,0
181,Sunday,Office,Afternoon,Rainy,Medium,ID_Card,0.9,0.736,15,0,0
181,Sunday,Office,Afternoon,Rainy,Medium,Keys,0.93,0.504,9,0,0
181,Sunday,Office,Afternoon,Rainy,Medium,Earphones,0.4,0.463,13,1,0
181,Sunday,Office,Afternoon,Rainy,Medium,Umbrella,0.35,0.842,13,1,1
181,Sunday,Office,Afternoon,Rainy,Medium,Phone,0.98,0.887,9,0,1
181,Sunday,Office,Afternoon,Rainy,Medium,Charger,0.55,0.818,16,1,0
181,Sunday,Office,Afternoon,Rainy,Medium,Notebook,0.5,0.527,10,2,1
182,Tuesday,College,Night,Sunny,Short,ID_Card,0.9,0.969,12,0,0
182,Tuesday,College,Night,Sunny,Short,Laptop,0.8,0.923,12,0,0
182,Tuesday,College,Night,Sunny,Short,Keys,0.93,0.678,12,0,0
182,Tuesday,College,Night,Sunny,Short,Wallet,0.95,0.738,13,0,0
182,Tuesday,College,Night,Sunny,Short,Notebook,0.5,0.926,10,1,0
182,Tuesday,College,Night,Sunny,Short,Phone,0.98,0.977,8,0,0
183,Thursday,College,Afternoon,Rainy,Medium,Phone,0.98,0.861,14,0,0
183,Thursday,College,Afternoon,Rainy,Medium,ID_Card,0.9,0.898,13,0,0
183,Thursday,College,Afternoon,Rainy,Medium,Umbrella,0.35,0.863,17,0,0
184,Friday,Gym,Morning,Cold,Medium,Water_Bottle,0.45,0.786,7,1,0
184,Friday,Gym,Morning,Cold,Medium,Earphones,0.4,0.815,11,0,1
184,Friday,Gym,Morning,Cold,Medium,Phone,0.98,0.675,12,1,0
184,Friday,Gym,Morning,Cold,Medium,Wallet,0.95,0.297,10,0,0
185,Thursday,College,Morning,Rainy,Short,Phone,0.98,0.828,8,0,0
185,Thursday,College,Morning,Rainy,Short,Wallet,0.95,0.734,10,0,0
185,Thursday,College,Morning,Rainy,Short,Earphones,0.4,0.518,11,0,1
185,Thursday,College,Morning,Rainy,Short,Laptop,0.8,0.873,17,0,0
185,Thursday,College,Morning,Rainy,Short,Charger,0.55,0.839,16,0,0
185,Thursday,College,Morning,Rainy,Short,Notebook,0.5,0.821,12,0,1
185,Thursday,College,Morning,Rainy,Short,Umbrella,0.35,0.884,15,1,1
186,Thursday,Friends_House,Morning,Cloudy,Short,Earphones,0.4,0.352,10,4,0
187,Tuesday,Office,Morning,Cloudy,Short,Umbrella,0.35,0.448,12,3,1
187,Tuesday,Office,Morning,Cloudy,Short,Charger,0.55,0.886,9,1,0
187,Tuesday,Office,Morning,Cloudy,Short,Phone,0.98,0.914,13,0,0
187,Tuesday,Office,Morning,Cloudy,Short,Keys,0.93,0.54,13,0,0
187,Tuesday,Office,Morning,Cloudy,Short,ID_Card,0.9,0.903,12,0,1
187,Tuesday,Office,Morning,Cloudy,Short,Earphones,0.4,0.433,6,1,0
187,Tuesday,Office,Morning,Cloudy,Short,Laptop,0.8,0.903,21,0,0
187,Tuesday,Office,Morning,Cloudy,Short,Wallet,0.95,0.713,11,0,0
188,Wednesday,Office,Afternoon,Sunny,Long,Water_Bottle,0.45,0.582,11,1,0
188,Wednesday,Office,Afternoon,Sunny,Long,Phone,0.98,0.917,9,0,0
188,Wednesday,Office,Afternoon,Sunny,Long,Keys,0.93,0.537,11,0,0
188,Wednesday,Office,Afternoon,Sunny,Long,Charger,0.55,0.881,13,0,1
188,Wednesday,Office,Afternoon,Sunny,Long,Wallet,0.95,0.712,16,0,0
188,Wednesday,Office,Afternoon,Sunny,Long,ID_Card,0.9,0.803,16,0,1
189,Tuesday,Gym,Evening,Sunny,Short,Water_Bottle,0.45,0.883,10,0,1
189,Tuesday,Gym,Evening,Sunny,Short,Phone,0.98,0.726,10,0,1
189,Tuesday,Gym,Evening,Sunny,Short,Keys,0.93,0.522,8,0,0
190,Wednesday,Gym,Evening,Sunny,Long,Keys,0.93,0.519,11,0,1
190,Wednesday,Gym,Evening,Sunny,Long,Earphones,0.4,0.832,15,1,0
190,Wednesday,Gym,Evening,Sunny,Long,Wallet,0.95,0.251,6,0,0
190,Wednesday,Gym,Evening,Sunny,Long,Phone,0.98,0.713,10,0,0
190,Wednesday,Gym,Evening,Sunny,Long,Water_Bottle,0.45,0.841,8,1,1
191,Friday,College,Morning,Cold,Medium,Water_Bottle,0.45,0.5,6,1,1
191,Friday,College,Morning,Cold,Medium,Laptop,0.8,0.868,15,0,0
191,Friday,College,Morning,Cold,Medium,Keys,0.93,0.589,10,0,0
191,Friday,College,Morning,Cold,Medium,Earphones,0.4,0.565,11,1,1
191,Friday,College,Morning,Cold,Medium,ID_Card,0.9,0.855,13,1,0
191,Friday,College,Morning,Cold,Medium,Notebook,0.5,0.917,13,1,0
191,Friday,College,Morning,Cold,Medium,Umbrella,0.35,0.388,9,3,0
191,Friday,College,Morning,Cold,Medium,Charger,0.55,0.687,11,0,0
191,Friday,College,Morning,Cold,Medium,Wallet,0.95,0.733,12,0,0
192,Friday,College,Afternoon,Sunny,Medium,Charger,0.55,0.873,14,1,0
192,Friday,College,Afternoon,Sunny,Medium,Notebook,0.5,0.911,13,3,1
192,Friday,College,Afternoon,Sunny,Medium,Phone,0.98,0.925,16,0,0
192,Friday,College,Afternoon,Sunny,Medium,Laptop,0.8,0.944,12,0,0
192,Friday,College,Afternoon,Sunny,Medium,ID_Card,0.9,0.936,15,0,1
192,Friday,College,Afternoon,Sunny,Medium,Water_Bottle,0.45,0.704,9,3,1
193,Friday,Family_Event,Morning,Hot,Short,Wallet,0.95,0.661,10,0,0
193,Friday,Family_Event,Morning,Hot,Short,ID_Card,0.9,0.265,5,0,0
193,Friday,Family_Event,Morning,Hot,Short,Water_Bottle,0.45,0.536,10,1,1
193,Friday,Family_Event,Morning,Hot,Short,Phone,0.98,0.729,10,0,0
193,Friday,Family_Event,Morning,Hot,Short,Keys,0.93,0.577,10,0,0
194,Wednesday,College,Night,Sunny,Long,Phone,0.98,0.99,14,0,0
194,Wednesday,College,Night,Sunny,Long,Charger,0.55,0.853,17,1,1
194,Wednesday,College,Night,Sunny,Long,Laptop,0.8,0.828,12,0,0
194,Wednesday,College,Night,Sunny,Long,Water_Bottle,0.45,0.598,14,0,0
194,Wednesday,College,Night,Sunny,Long,Notebook,0.5,0.879,15,0,0
194,Wednesday,College,Night,Sunny,Long,ID_Card,0.9,0.794,13,2,1
195,Sunday,Shopping,Morning,Sunny,Medium,Umbrella,0.35,0.137,4,1,1
195,Sunday,Shopping,Morning,Sunny,Medium,Phone,0.98,0.907,12,0,0
195,Sunday,Shopping,Morning,Sunny,Medium,ID_Card,0.9,0.449,7,1,0
195,Sunday,Shopping,Morning,Sunny,Medium,Wallet,0.95,0.99,12,0,0
196,Monday,Shopping,Afternoon,Cloudy,Short,ID_Card,0.9,0.536,8,0,1
196,Monday,Shopping,Afternoon,Cloudy,Short,Wallet,0.95,0.968,15,0,0
197,Wednesday,Office,Morning,Cloudy,Short,Charger,0.55,0.755,10,0,0
197,Wednesday,Office,Morning,Cloudy,Short,Water_Bottle,0.45,0.416,4,3,1
197,Wednesday,Office,Morning,Cloudy,Short,Phone,0.98,0.913,11,0,0
197,Wednesday,Office,Morning,Cloudy,Short,Notebook,0.5,0.584,11,1,0
198,Monday,Gym,Afternoon,Hot,Short,Keys,0.93,0.573,13,0,0
198,Monday,Gym,Afternoon,Hot,Short,Water_Bottle,0.45,0.99,16,1,0
200,Sunday,Family_Event,Evening,Cold,Medium,Wallet,0.95,0.533,8,0,0
200,Sunday,Family_Event,Evening,Cold,Medium,Phone,0.98,0.781,14,0,1
201,Wednesday,Office,Morning,Sunny,Long,ID_Card,0.9,0.864,15,0,0
201,Wednesday,Office,Morning,Sunny,Long,Wallet,0.95,0.654,7,0,0
201,Wednesday,Office,Morning,Sunny,Long,Phone,0.98,0.974,15,0,0
201,Wednesday,Office,Morning,Sunny,Long,Earphones,0.4,0.404,7,0,1
201,Wednesday,Office,Morning,Sunny,Long,Keys,0.93,0.658,8,0,0
201,Wednesday,Office,Morning,Sunny,Long,Water_Bottle,0.45,0.55,6,3,1
202,Sunday,Office,Night,Hot,Medium,Notebook,0.5,0.637,12,2,1
202,Sunday,Office,Night,Hot,Medium,Umbrella,0.35,0.212,7,3,1
202,Sunday,Office,Night,Hot,Medium,ID_Card,0.9,0.898,13,0,0
202,Sunday,Office,Night,Hot,Medium,Water_Bottle,0.45,0.887,15,1,0
202,Sunday,Office,Night,Hot,Medium,Charger,0.55,0.756,13,4,1
202,Sunday,Office,Night,Hot,Medium,Keys,0.93,0.656,20,0,0
203,Thursday,Office,Afternoon,Sunny,Medium,ID_Card,0.9,0.786,19,0,0
203,Thursday,Office,Afternoon,Sunny,Medium,Keys,0.93,0.724,8,2,0
203,Thursday,Office,Afternoon,Sunny,Medium,Laptop,0.8,0.923,13,0,0
203,Thursday,Office,Afternoon,Sunny,Medium,Charger,0.55,0.798,11,0,1
203,Thursday,Office,Afternoon,Sunny,Medium,Umbrella,0.35,0.153,3,1,1
203,Thursday,Office,Afternoon,Sunny,Medium,Phone,0.98,0.969,14,0,0
204,Friday,Gym,Evening,Cold,Medium,Water_Bottle,0.45,0.861,13,0,1
204,Friday,Gym,Evening,Cold,Medium,Earphones,0.4,0.898,14,1,1
204,Friday,Gym,Evening,Cold,Medium,Umbrella,0.35,0.122,1,5,1
205,Thursday,Friends_House,Evening,Rainy,Long,Umbrella,0.35,0.873,16,0,1
205,Thursday,Friends_House,Evening,Rainy,Long,Phone,0.98,0.829,15,1,0
205,Thursday,Friends_House,Evening,Rainy,Long,Wallet,0.95,0.495,9,0,0
206,Tuesday,Office,Night,Cloudy,Long,Keys,0.93,0.717,15,0,0
206,Tuesday,Office,Night,Cloudy,Long,Umbrella,0.35,0.485,6,1,0
206,Tuesday,Office,Night,Cloudy,Long,Notebook,0.5,0.486,8,0,1
206,Tuesday,Office,Night,Cloudy,Long,Phone,0.98,0.954,10,0,1
206,Tuesday,Office,Night,Cloudy,Long,Charger,0.55,0.745,10,1,1
206,Tuesday,Office,Night,Cloudy,Long,Wallet,0.95,0.733,16,0,1
206,Tuesday,Office,Night,Cloudy,Long,Earphones,0.4,0.427,8,0,0
207,Saturday,Office,Morning,Sunny,Short,Umbrella,0.35,0.182,5,3,1
207,Saturday,Office,Morning,Sunny,Short,ID_Card,0.9,0.769,14,1,0
207,Saturday,Office,Morning,Sunny,Short,Charger,0.55,0.837,10,1,1
207,Saturday,Office,Morning,Sunny,Short,Phone,0.98,0.99,14,0,0
207,Saturday,Office,Morning,Sunny,Short,Wallet,0.95,0.699,10,0,0
207,Saturday,Office,Morning,Sunny,Short,Water_Bottle,0.45,0.453,2,1,1
207,Saturday,Office,Morning,Sunny,Short,Notebook,0.5,0.453,7,0,0
208,Sunday,Other,Morning,Sunny,Long,ID_Card,0.9,0.468,14,1,0
208,Sunday,Other,Morning,Sunny,Long,Charger,0.55,0.432,9,3,1
208,Sunday,Other,Morning,Sunny,Long,Keys,0.93,0.56,8,0,0
209,Tuesday,College,Morning,Sunny,Short,Notebook,0.5,0.913,12,1,0
209,Tuesday,College,Morning,Sunny,Short,Wallet,0.95,0.816,10,0,0
209,Tuesday,College,Morning,Sunny,Short,Laptop,0.8,0.95,10,1,0
209,Tuesday,College,Morning,Sunny,Short,Charger,0.55,0.868,17,1,0
209,Tuesday,College,Morning,Sunny,Short,Keys,0.93,0.607,4,0,0
209,Tuesday,College,Morning,Sunny,Short,ID_Card,0.9,0.904,10,0,1
209,Tuesday,College,Morning,Sunny,Short,Phone,0.98,0.877,11,0,0
210,Saturday,Gym,Morning,Cold,Long,Phone,0.98,0.785,14,0,0
210,Saturday,Gym,Morning,Cold,Long,Water_Bottle,0.45,0.756,12,0,0
210,Saturday,Gym,Morning,Cold,Long,Earphones,0.4,0.747,16,0,0
211,Tuesday,Friends_House,Afternoon,Hot,Long,ID_Card,0.9,0.244,6,2,1
211,Tuesday,Friends_House,Afternoon,Hot,Long,Umbrella,0.35,0.165,7,1,1
211,Tuesday,Friends_House,Afternoon,Hot,Long,Charger,0.55,0.36,6,1,1
211,Tuesday,Friends_House,Afternoon,Hot,Long,Keys,0.93,0.525,10,0,0
211,Tuesday,Friends_House,Afternoon,Hot,Long,Wallet,0.95,0.519,8,0,0
212,Saturday,College,Night,Cold,Medium,Notebook,0.5,0.856,18,1,0
212,Saturday,College,Night,Cold,Medium,Charger,0.55,0.782,15,0,0
212,Saturday,College,Night,Cold,Medium,ID_Card,0.9,0.933,12,0,1
212,Saturday,College,Night,Cold,Medium,Earphones,0.4,0.571,7,6,1
212,Saturday,College,Night,Cold,Medium,Wallet,0.95,0.737,9,0,0
212,Saturday,College,Night,Cold,Medium,Phone,0.98,0.913,14,0,0
212,Saturday,College,Night,Cold,Medium,Laptop,0.8,0.856,16,0,1
213,Saturday,College,Night,Sunny,Short,Keys,0.93,0.536,13,0,0
213,Saturday,College,Night,Sunny,Short,Laptop,0.8,0.944,15,0,0
213,Saturday,College,Night,Sunny,Short,Earphones,0.4,0.631,10,2,1
213,Saturday,College,Night,Sunny,Short,Water_Bottle,0.45,0.658,10,1,0
213,Saturday,College,Night,Sunny,Short,Phone,0.98,0.907,13,0,0
213,Saturday,College,Night,Sunny,Short,Wallet,0.95,0.753,8,0,0
213,Saturday,College,Night,Sunny,Short,Charger,0.55,0.791,17,2,1
213,Saturday,College,Night,Sunny,Short,ID_Card,0.9,0.967,18,0,0
214,Thursday,College,Afternoon,Rainy,Medium,Earphones,0.4,0.574,12,1,1
214,Thursday,College,Afternoon,Rainy,Medium,ID_Card,0.9,0.782,10,0,0
214,Thursday,College,Afternoon,Rainy,Medium,Umbrella,0.35,0.845,12,3,1
214,Thursday,College,Afternoon,Rainy,Medium,Wallet,0.95,0.741,12,0,0
214,Thursday,College,Afternoon,Rainy,Medium,Laptop,0.8,0.883,14,0,0
214,Thursday,College,Afternoon,Rainy,Medium,Phone,0.98,0.889,13,0,0
215,Saturday,Other,Afternoon,Sunny,Short,Phone,0.98,0.756,17,0,0
215,Saturday,Other,Afternoon,Sunny,Short,Earphones,0.4,0.399,11,2,0
216,Tuesday,College,Evening,Rainy,Medium,Charger,0.55,0.839,9,2,0
216,Tuesday,College,Evening,Rainy,Medium,Umbrella,0.35,0.846,11,3,0
216,Tuesday,College,Evening,Rainy,Medium,ID_Card,0.9,0.83,17,0,0
216,Tuesday,College,Evening,Rainy,Medium,Keys,0.93,0.594,15,0,0
216,Tuesday,College,Evening,Rainy,Medium,Notebook,0.5,0.781,15,0,0
216,Tuesday,College,Evening,Rainy,Medium,Phone,0.98,0.824,13,0,0
216,Tuesday,College,Evening,Rainy,Medium,Water_Bottle,0.45,0.625,10,1,0
216,Tuesday,College,Evening,Rainy,Medium,Earphones,0.4,0.491,8,1,1
217,Monday,College,Night,Cloudy,Short,Wallet,0.95,0.808,11,0,0
217,Monday,College,Night,Cloudy,Short,Charger,0.55,0.862,9,0,1
217,Monday,College,Night,Cloudy,Short,Notebook,0.5,0.924,15,0,0
217,Monday,College,Night,Cloudy,Short,Laptop,0.8,0.976,18,2,0
217,Monday,College,Night,Cloudy,Short,Earphones,0.4,0.534,7,0,0
217,Monday,College,Night,Cloudy,Short,ID_Card,0.9,0.946,17,1,0
218,Monday,College,Morning,Sunny,Medium,ID_Card,0.9,0.99,9,0,0
218,Monday,College,Morning,Sunny,Medium,Water_Bottle,0.45,0.525,11,0,1
218,Monday,College,Morning,Sunny,Medium,Notebook,0.5,0.82,12,1,0
218,Monday,College,Morning,Sunny,Medium,Phone,0.98,0.972,18,0,0
218,Monday,College,Morning,Sunny,Medium,Laptop,0.8,0.904,14,1,0
219,Thursday,College,Afternoon,Rainy,Long,Wallet,0.95,0.817,13,0,0
219,Thursday,College,Afternoon,Rainy,Long,Charger,0.55,0.952,11,2,0
219,Thursday,College,Afternoon,Rainy,Long,Umbrella,0.35,0.804,20,0,1
219,Thursday,College,Afternoon,Rainy,Long,Water_Bottle,0.45,0.644,7,3,0
220,Sunday,Travel,Evening,Sunny,Short,ID_Card,0.9,0.983,15,2,0
220,Sunday,Travel,Evening,Sunny,Short,Water_Bottle,0.45,0.546,12,1,0
220,Sunday,Travel,Evening,Sunny,Short,Phone,0.98,0.99,26,0,0
220,Sunday,Travel,Evening,Sunny,Short,Wallet,0.95,0.979,12,0,0
220,Sunday,Travel,Evening,Sunny,Short,Charger,0.55,0.825,15,2,1
221,Monday,Office,Morning,Cloudy,Short,Notebook,0.5,0.558,8,1,0
221,Monday,Office,Morning,Cloudy,Short,Earphones,0.4,0.52,14,2,0
221,Monday,Office,Morning,Cloudy,Short,Wallet,0.95,0.69,12,0,0
221,Monday,Office,Morning,Cloudy,Short,Phone,0.98,0.922,13,0,1
221,Monday,Office,Morning,Cloudy,Short,Laptop,0.8,0.873,12,0,1
222,Thursday,Shopping,Afternoon,Rainy,Medium,Notebook,0.5,0.087,3,1,1
222,Thursday,Shopping,Afternoon,Rainy,Medium,Wallet,0.95,0.99,15,0,0
222,Thursday,Shopping,Afternoon,Rainy,Medium,Umbrella,0.35,0.872,18,3,0
222,Thursday,Shopping,Afternoon,Rainy,Medium,Phone,0.98,0.82,10,1,1
223,Friday,Travel,Night,Sunny,Medium,ID_Card,0.9,0.99,21,0,0
223,Friday,Travel,Night,Sunny,Medium,Phone,0.98,0.909,14,0,0
223,Friday,Travel,Night,Sunny,Medium,Wallet,0.95,0.873,11,0,0
223,Friday,Travel,Night,Sunny,Medium,Water_Bottle,0.45,0.593,19,2,1
224,Tuesday,Family_Event,Night,Cold,Short,Wallet,0.95,0.614,10,0,1
224,Tuesday,Family_Event,Night,Cold,Short,Umbrella,0.35,0.319,6,1,1
224,Tuesday,Family_Event,Night,Cold,Short,Keys,0.93,0.523,12,0,0
225,Saturday,College,Night,Rainy,Short,Water_Bottle,0.45,0.585,5,0,1
225,Saturday,College,Night,Rainy,Short,ID_Card,0.9,0.876,15,0,0
225,Saturday,College,Night,Rainy,Short,Wallet,0.95,0.765,11,0,1
225,Saturday,College,Night,Rainy,Short,Laptop,0.8,0.928,7,0,0
225,Saturday,College,Night,Rainy,Short,Notebook,0.5,0.891,8,3,1
226,Wednesday,Family_Event,Evening,Hot,Medium,Phone,0.98,0.856,10,0,0
226,Wednesday,Family_Event,Evening,Hot,Medium,Keys,0.93,0.569,10,0,0
226,Wednesday,Family_Event,Evening,Hot,Medium,Earphones,0.4,0.121,6,2,0
226,Wednesday,Family_Event,Evening,Hot,Medium,Charger,0.55,0.305,8,1,0
226,Wednesday,Family_Event,Evening,Hot,Medium,Water_Bottle,0.45,0.53,7,1,1
227,Saturday,Travel,Morning,Rainy,Medium,Wallet,0.95,0.935,17,0,0
227,Saturday,Travel,Morning,Rainy,Medium,Charger,0.55,0.982,9,1,0
227,Saturday,Travel,Morning,Rainy,Medium,Keys,0.93,0.423,10,0,0
227,Saturday,Travel,Morning,Rainy,Medium,Phone,0.98,0.898,14,0,0
228,Friday,College,Morning,Hot,Medium,Laptop,0.8,0.897,13,1,0
228,Friday,College,Morning,Hot,Medium,Keys,0.93,0.514,7,0,0
228,Friday,College,Morning,Hot,Medium,Wallet,0.95,0.74,9,0,0
228,Friday,College,Morning,Hot,Medium,Phone,0.98,0.957,10,0,0
228,Friday,College,Morning,Hot,Medium,Earphones,0.4,0.529,9,0,1
228,Friday,College,Morning,Hot,Medium,Water_Bottle,0.45,0.816,13,0,1
228,Friday,College,Morning,Hot,Medium,ID_Card,0.9,0.83,12,0,0
228,Friday,College,Morning,Hot,Medium,Charger,0.55,0.954,15,0,0
229,Thursday,Friends_House,Afternoon,Hot,Short,Water_Bottle,0.45,0.642,4,1,0
229,Thursday,Friends_House,Afternoon,Hot,Short,Charger,0.55,0.384,3,2,0
229,Thursday,Friends_House,Afternoon,Hot,Short,Wallet,0.95,0.499,6,1,0
230,Tuesday,Family_Event,Afternoon,Cold,Medium,Umbrella,0.35,0.301,13,4,1
230,Tuesday,Family_Event,Afternoon,Cold,Medium,Phone,0.98,0.802,14,1,0
231,Thursday,Office,Afternoon,Rainy,Short,Wallet,0.95,0.623,12,0,0
231,Thursday,Office,Afternoon,Rainy,Short,Laptop,0.8,0.921,19,0,1
231,Thursday,Office,Afternoon,Rainy,Short,ID_Card,0.9,0.865,9,0,0
231,Thursday,Office,Afternoon,Rainy,Short,Notebook,0.5,0.549,12,2,1
231,Thursday,Office,Afternoon,Rainy,Short,Keys,0.93,0.591,14,0,0
232,Saturday,Other,Afternoon,Sunny,Short,Wallet,0.95,0.6,9,0,1
232,Saturday,Other,Afternoon,Sunny,Short,Water_Bottle,0.45,0.47,9,1,0
232,Saturday,Other,Afternoon,Sunny,Short,Keys,0.93,0.537,9,0,0
233,Monday,Gym,Afternoon,Sunny,Medium,Water_Bottle,0.45,0.914,7,2,0
233,Monday,Gym,Afternoon,Sunny,Medium,Wallet,0.95,0.398,11,0,1
233,Monday,Gym,Afternoon,Sunny,Medium,Earphones,0.4,0.851,11,2,0
234,Saturday,Travel,Evening,Rainy,Short,Charger,0.55,0.871,12,1,0
234,Saturday,Travel,Evening,Rainy,Short,Earphones,0.4,0.618,16,1,0
234,Saturday,Travel,Evening,Rainy,Short,ID_Card,0.9,0.95,14,0,0
234,Saturday,Travel,Evening,Rainy,Short,Phone,0.98,0.943,8,0,1
234,Saturday,Travel,Evening,Rainy,Short,Umbrella,0.35,0.916,16,0,0
235,Thursday,Other,Morning,Sunny,Medium,Laptop,0.8,0.378,8,3,0
235,Thursday,Other,Morning,Sunny,Medium,Wallet,0.95,0.621,6,0,0
235,Thursday,Other,Morning,Sunny,Medium,Phone,0.98,0.805,11,0,0
235,Thursday,Other,Morning,Sunny,Medium,Umbrella,0.35,0.28,2,2,1
236,Saturday,Gym,Morning,Sunny,Long,Earphones,0.4,0.92,13,1,1
236,Saturday,Gym,Morning,Sunny,Long,Phone,0.98,0.702,12,0,0
236,Saturday,Gym,Morning,Sunny,Long,Water_Bottle,0.45,0.864,11,1,1
236,Saturday,Gym,Morning,Sunny,Long,Keys,0.93,0.548,16,0,0
237,Friday,Family_Event,Morning,Sunny,Medium,Phone,0.98,0.765,12,0,1
237,Friday,Family_Event,Morning,Sunny,Medium,Keys,0.93,0.573,12,0,0
237,Friday,Family_Event,Morning,Sunny,Medium,Wallet,0.95,0.623,11,0,1
237,Friday,Family_Event,Morning,Sunny,Medium,ID_Card,0.9,0.287,3,0,0
238,Thursday,Office,Morning,Rainy,Medium,Laptop,0.8,0.811,16,0,0
238,Thursday,Office,Morning,Rainy,Medium,Phone,0.98,0.888,14,0,1
238,Thursday,Office,Morning,Rainy,Medium,ID_Card,0.9,0.927,20,0,0
238,Thursday,Office,Morning,Rainy,Medium,Notebook,0.5,0.505,11,0,0
239,Wednesday,Friends_House,Evening,Sunny,Short,Charger,0.55,0.378,7,4,0
239,Wednesday,Friends_House,Evening,Sunny,Short,Phone,0.98,0.887,22,0,0
239,Wednesday,Friends_House,Evening,Sunny,Short,Earphones,0.4,0.431,5,2,1
240,Friday,Travel,Afternoon,Rainy,Short,Laptop,0.8,0.509,10,1,0
240,Friday,Travel,Afternoon,Rainy,Short,Notebook,0.5,0.129,5,2,1
240,Friday,Travel,Afternoon,Rainy,Short,Umbrella,0.35,0.886,9,0,0
240,Friday,Travel,Afternoon,Rainy,Short,ID_Card,0.9,0.918,15,0,0
240,Friday,Travel,Afternoon,Rainy,Short,Water_Bottle,0.45,0.513,6,1,0
240,Friday,Travel,Afternoon,Rainy,Short,Charger,0.55,0.931,18,1,0
240,Friday,Travel,Afternoon,Rainy,Short,Phone,0.98,0.99,10,0,0
240,Friday,Travel,Afternoon,Rainy,Short,Earphones,0.4,0.616,7,0,0
241,Monday,Office,Morning,Hot,Short,Umbrella,0.35,0.135,6,5,1
241,Monday,Office,Morning,Hot,Short,Water_Bottle,0.45,0.833,9,1,1
241,Monday,Office,Morning,Hot,Short,ID_Card,0.9,0.876,19,0,0
241,Monday,Office,Morning,Hot,Short,Keys,0.93,0.696,16,0,0
241,Monday,Office,Morning,Hot,Short,Laptop,0.8,0.78,11,1,0
241,Monday,Office,Morning,Hot,Short,Phone,0.98,0.928,17,0,0
241,Monday,Office,Morning,Hot,Short,Wallet,0.95,0.765,12,0,1
242,Friday,Gym,Evening,Hot,Medium,Keys,0.93,0.559,10,0,0
242,Friday,Gym,Evening,Hot,Medium,Water_Bottle,0.45,0.934,8,1,0
242,Friday,Gym,Evening,Hot,Medium,Phone,0.98,0.712,13,0,1
242,Friday,Gym,Evening,Hot,Medium,ID_Card,0.9,0.198,5,0,1
243,Monday,Office,Afternoon,Cloudy,Long,Keys,0.93,0.561,6,0,0
243,Monday,Office,Afternoon,Cloudy,Long,ID_Card,0.9,0.94,20,0,1
243,Monday,Office,Afternoon,Cloudy,Long,Water_Bottle,0.45,0.51,5,1,1
243,Monday,Office,Afternoon,Cloudy,Long,Laptop,0.8,0.914,15,0,0
243,Monday,Office,Afternoon,Cloudy,Long,Earphones,0.4,0.386,9,1,1
243,Monday,Office,Afternoon,Cloudy,Long,Phone,0.98,0.99,12,0,0
243,Monday,Office,Afternoon,Cloudy,Long,Notebook,0.5,0.642,14,0,0
243,Monday,Office,Afternoon,Cloudy,Long,Charger,0.55,0.79,12,1,0
244,Friday,College,Morning,Rainy,Short,Wallet,0.95,0.718,13,1,0
244,Friday,College,Morning,Rainy,Short,ID_Card,0.9,0.966,17,1,0
244,Friday,College,Morning,Rainy,Short,Water_Bottle,0.45,0.648,9,2,1
244,Friday,College,Morning,Rainy,Short,Umbrella,0.35,0.856,19,1,0
244,Friday,College,Morning,Rainy,Short,Earphones,0.4,0.601,14,0,0
244,Friday,College,Morning,Rainy,Short,Notebook,0.5,0.894,23,1,0
244,Friday,College,Morning,Rainy,Short,Phone,0.98,0.818,11,0,0
244,Friday,College,Morning,Rainy,Short,Laptop,0.8,0.828,11,1,1
245,Friday,College,Morning,Rainy,Short,Wallet,0.95,0.712,4,0,0
245,Friday,College,Morning,Rainy,Short,Laptop,0.8,0.983,17,0,0
245,Friday,College,Morning,Rainy,Short,Notebook,0.5,0.95,19,0,0
245,Friday,College,Morning,Rainy,Short,Charger,0.55,0.838,15,2,0
245,Friday,College,Morning,Rainy,Short,Phone,0.98,0.921,12,0,0
245,Friday,College,Morning,Rainy,Short,Umbrella,0.35,0.856,13,1,0
245,Friday,College,Morning,Rainy,Short,ID_Card,0.9,0.924,10,0,0
245,Friday,College,Morning,Rainy,Short,Water_Bottle,0.45,0.637,14,0,0
246,Monday,Office,Morning,Cloudy,Short,Notebook,0.5,0.535,14,0,1
246,Monday,Office,Morning,Cloudy,Short,Keys,0.93,0.618,12,0,0
246,Monday,Office,Morning,Cloudy,Short,Charger,0.55,0.819,5,1,1
246,Monday,Office,Morning,Cloudy,Short,Wallet,0.95,0.714,11,0,0
246,Monday,Office,Morning,Cloudy,Short,ID_Card,0.9,0.931,18,0,0
246,Monday,Office,Morning,Cloudy,Short,Laptop,0.8,0.856,12,1,0
246,Monday,Office,Morning,Cloudy,Short,Phone,0.98,0.89,9,0,0
247,Saturday,College,Evening,Rainy,Medium,Notebook,0.5,0.899,9,2,0
247,Saturday,College,Evening,Rainy,Medium,Charger,0.55,0.889,13,1,0
247,Saturday,College,Evening,Rainy,Medium,Umbrella,0.35,0.914,27,0,0
247,Saturday,College,Evening,Rainy,Medium,Wallet,0.95,0.786,8,1,0
247,Saturday,College,Evening,Rainy,Medium,Water_Bottle,0.45,0.475,9,1,1
247,Saturday,College,Evening,Rainy,Medium,Earphones,0.4,0.572,6,1,0
247,Saturday,College,Evening,Rainy,Medium,ID_Card,0.9,0.825,11,0,0
247,Saturday,College,Evening,Rainy,Medium,Laptop,0.8,0.95,13,0,0
248,Wednesday,College,Morning,Sunny,Medium,Wallet,0.95,0.798,12,0,0
248,Wednesday,College,Morning,Sunny,Medium,Keys,0.93,0.562,9,0,0
248,Wednesday,College,Morning,Sunny,Medium,Laptop,0.8,0.99,15,0,0
248,Wednesday,College,Morning,Sunny,Medium,Charger,0.55,0.921,22,1,0
248,Wednesday,College,Morning,Sunny,Medium,Notebook,0.5,0.955,20,0,0
248,Wednesday,College,Morning,Sunny,Medium,ID_Card,0.9,0.856,18,0,0
248,Wednesday,College,Morning,Sunny,Medium,Phone,0.98,0.935,10,0,0
248,Wednesday,College,Morning,Sunny,Medium,Earphones,0.4,0.582,9,1,1
249,Saturday,Friends_House,Morning,Cold,Medium,Keys,0.93,0.572,16,0,0
249,Saturday,Friends_House,Morning,Cold,Medium,Water_Bottle,0.45,0.159,6,1,1
249,Saturday,Friends_House,Morning,Cold,Medium,Phone,0.98,0.91,11,0,0
249,Saturday,Friends_House,Morning,Cold,Medium,Earphones,0.4,0.392,11,0,0
249,Saturday,Friends_House,Morning,Cold,Medium,Wallet,0.95,0.534,12,0,0
249,Saturday,Friends_House,Morning,Cold,Medium,ID_Card,0.9,0.242,7,1,0
250,Monday,Friends_House,Morning,Sunny,Long,ID_Card,0.9,0.185,4,1,1
250,Monday,Friends_House,Morning,Sunny,Long,Phone,0.98,0.801,14,0,0
251,Tuesday,Friends_House,Afternoon,Hot,Short,Keys,0.93,0.503,12,0,0
251,Tuesday,Friends_House,Afternoon,Hot,Short,Phone,0.98,0.84,10,0,0
251,Tuesday,Friends_House,Afternoon,Hot,Short,Earphones,0.4,0.415,9,0,0
252,Thursday,Office,Morning,Rainy,Medium,Water_Bottle,0.45,0.473,10,1,0
252,Thursday,Office,Morning,Rainy,Medium,Charger,0.55,0.753,15,2,1
252,Thursday,Office,Morning,Rainy,Medium,Laptop,0.8,0.832,11,0,0
252,Thursday,Office,Morning,Rainy,Medium,Phone,0.98,0.9,13,0,0
252,Thursday,Office,Morning,Rainy,Medium,Umbrella,0.35,0.843,5,3,1
253,Tuesday,Family_Event,Evening,Sunny,Medium,Wallet,0.95,0.627,16,0,0
253,Tuesday,Family_Event,Evening,Sunny,Medium,Phone,0.98,0.809,15,0,0
254,Wednesday,Travel,Morning,Hot,Short,ID_Card,0.9,0.936,13,0,1
254,Wednesday,Travel,Morning,Hot,Short,Notebook,0.5,0.161,7,3,0
254,Wednesday,Travel,Morning,Hot,Short,Umbrella,0.35,0.159,4,0,1
254,Wednesday,Travel,Morning,Hot,Short,Earphones,0.4,0.462,5,0,0
254,Wednesday,Travel,Morning,Hot,Short,Water_Bottle,0.45,0.868,15,2,0
254,Wednesday,Travel,Morning,Hot,Short,Wallet,0.95,0.99,17,0,0
254,Wednesday,Travel,Morning,Hot,Short,Phone,0.98,0.911,12,0,0
254,Wednesday,Travel,Morning,Hot,Short,Charger,0.55,0.899,14,0,1
255,Friday,College,Afternoon,Sunny,Long,Notebook,0.5,0.845,15,1,1
255,Friday,College,Afternoon,Sunny,Long,Charger,0.55,0.88,22,2,0
255,Friday,College,Afternoon,Sunny,Long,ID_Card,0.9,0.883,13,0,0
255,Friday,College,Afternoon,Sunny,Long,Water_Bottle,0.45,0.482,7,1,1
256,Tuesday,College,Afternoon,Hot,Short,Charger,0.55,0.849,8,2,0
256,Tuesday,College,Afternoon,Hot,Short,Phone,0.98,0.92,8,0,0
256,Tuesday,College,Afternoon,Hot,Short,ID_Card,0.9,0.947,19,0,0
256,Tuesday,College,Afternoon,Hot,Short,Wallet,0.95,0.723,16,0,0
256,Tuesday,College,Afternoon,Hot,Short,Notebook,0.5,0.875,13,0,0
257,Friday,Friends_House,Afternoon,Rainy,Medium,Umbrella,0.35,0.806,13,2,0
257,Friday,Friends_House,Afternoon,Rainy,Medium,Charger,0.55,0.36,9,2,0
257,Friday,Friends_House,Afternoon,Rainy,Medium,Earphones,0.4,0.379,11,2,1
257,Friday,Friends_House,Afternoon,Rainy,Medium,Notebook,0.5,0.144,4,3,0
257,Friday,Friends_House,Afternoon,Rainy,Medium,Phone,0.98,0.865,20,0,0
257,Friday,Friends_House,Afternoon,Rainy,Medium,Keys,0.93,0.582,13,0,0
258,Monday,College,Morning,Sunny,Medium,Laptop,0.8,0.951,11,1,1
258,Monday,College,Morning,Sunny,Medium,Earphones,0.4,0.557,5,0,0
258,Monday,College,Morning,Sunny,Medium,Notebook,0.5,0.881,12,2,1
258,Monday,College,Morning,Sunny,Medium,ID_Card,0.9,0.955,11,0,0
258,Monday,College,Morning,Sunny,Medium,Charger,0.55,0.811,13,1,0
258,Monday,College,Morning,Sunny,Medium,Wallet,0.95,0.678,13,0,0
258,Monday,College,Morning,Sunny,Medium,Phone,0.98,0.956,10,0,0
259,Tuesday,Shopping,Evening,Sunny,Long,Wallet,0.95,0.99,13,0,1
259,Tuesday,Shopping,Evening,Sunny,Long,Earphones,0.4,0.262,4,1,1
259,Tuesday,Shopping,Evening,Sunny,Long,ID_Card,0.9,0.466,15,0,1
259,Tuesday,Shopping,Evening,Sunny,Long,Laptop,0.8,0.143,4,1,1
259,Tuesday,Shopping,Evening,Sunny,Long,Phone,0.98,0.777,14,0,0
260,Friday,Other,Evening,Hot,Medium,Keys,0.93,0.612,8,0,1
260,Friday,Other,Evening,Hot,Medium,Umbrella,0.35,0.239,11,0,1
260,Friday,Other,Evening,Hot,Medium,Water_Bottle,0.45,0.668,13,3,0
261,Saturday,College,Morning,Sunny,Short,ID_Card,0.9,0.954,14,0,0
261,Saturday,College,Morning,Sunny,Short,Wallet,0.95,0.794,10,1,0
261,Saturday,College,Morning,Sunny,Short,Water_Bottle,0.45,0.609,11,1,0
261,Saturday,College,Morning,Sunny,Short,Laptop,0.8,0.881,14,1,1
261,Saturday,College,Morning,Sunny,Short,Notebook,0.5,0.877,12,0,0
262,Tuesday,College,Morning,Cold,Long,Water_Bottle,0.45,0.454,8,3,1
262,Tuesday,College,Morning,Cold,Long,Wallet,0.95,0.8,12,0,1
262,Tuesday,College,Morning,Cold,Long,Charger,0.55,0.923,13,1,1
262,Tuesday,College,Morning,Cold,Long,Laptop,0.8,0.879,14,0,0
262,Tuesday,College,Morning,Cold,Long,Phone,0.98,0.9,18,0,0
263,Wednesday,Other,Night,Hot,Medium,Umbrella,0.35,0.125,3,2,1
263,Wednesday,Other,Night,Hot,Medium,Earphones,0.4,0.334,5,2,0
263,Wednesday,Other,Night,Hot,Medium,Charger,0.55,0.407,5,2,1
263,Wednesday,Other,Night,Hot,Medium,ID_Card,0.9,0.477,13,0,0
263,Wednesday,Other,Night,Hot,Medium,Wallet,0.95,0.593,9,0,0
264,Sunday,Travel,Afternoon,Rainy,Medium,Wallet,0.95,0.916,9,0,0
264,Sunday,Travel,Afternoon,Rainy,Medium,Earphones,0.4,0.571,13,4,1
264,Sunday,Travel,Afternoon,Rainy,Medium,Phone,0.98,0.938,16,0,0
264,Sunday,Travel,Afternoon,Rainy,Medium,Water_Bottle,0.45,0.515,11,0,0
264,Sunday,Travel,Afternoon,Rainy,Medium,Keys,0.93,0.371,7,0,0
264,Sunday,Travel,Afternoon,Rainy,Medium,Charger,0.55,0.834,12,1,1
264,Sunday,Travel,Afternoon,Rainy,Medium,ID_Card,0.9,0.912,18,1,0
265,Sunday,College,Morning,Sunny,Medium,Earphones,0.4,0.542,6,1,1
265,Sunday,College,Morning,Sunny,Medium,Laptop,0.8,0.912,11,1,0
265,Sunday,College,Morning,Sunny,Medium,ID_Card,0.9,0.902,17,0,0
265,Sunday,College,Morning,Sunny,Medium,Charger,0.55,0.842,15,1,0
265,Sunday,College,Morning,Sunny,Medium,Notebook,0.5,0.93,18,1,1
265,Sunday,College,Morning,Sunny,Medium,Water_Bottle,0.45,0.718,9,0,1
266,Friday,Family_Event,Morning,Hot,Short,Umbrella,0.35,0.147,6,0,0
266,Friday,Family_Event,Morning,Hot,Short,Wallet,0.95,0.636,17,0,0
267,Thursday,Family_Event,Evening,Cold,Medium,Phone,0.98,0.814,7,0,0
267,Thursday,Family_Event,Evening,Cold,Medium,Wallet,0.95,0.601,9,0,0
268,Wednesday,Shopping,Evening,Sunny,Long,ID_Card,0.9,0.501,8,1,1
268,Wednesday,Shopping,Evening,Sunny,Long,Charger,0.55,0.121,1,3,1
268,Wednesday,Shopping,Evening,Sunny,Long,Phone,0.98,0.86,12,0,0
269,Friday,Travel,Afternoon,Cloudy,Short,Water_Bottle,0.45,0.596,11,0,1
269,Friday,Travel,Afternoon,Cloudy,Short,Keys,0.93,0.334,9,0,0
269,Friday,Travel,Afternoon,Cloudy,Short,Earphones,0.4,0.579,8,1,1
269,Friday,Travel,Afternoon,Cloudy,Short,ID_Card,0.9,0.99,17,1,0
269,Friday,Travel,Afternoon,Cloudy,Short,Phone,0.98,0.99,11,0,0
270,Friday,Office,Night,Sunny,Medium,Phone,0.98,0.99,13,0,0
270,Friday,Office,Night,Sunny,Medium,Keys,0.93,0.71,12,0,0
270,Friday,Office,Night,Sunny,Medium,Charger,0.55,0.791,9,1,1
270,Friday,Office,Night,Sunny,Medium,Water_Bottle,0.45,0.474,7,2,1
270,Friday,Office,Night,Sunny,Medium,ID_Card,0.9,0.841,16,0,0
271,Wednesday,College,Afternoon,Cloudy,Long,Notebook,0.5,0.876,11,1,0
271,Wednesday,College,Afternoon,Cloudy,Long,Wallet,0.95,0.717,17,0,0
271,Wednesday,College,Afternoon,Cloudy,Long,Earphones,0.4,0.604,8,1,0
271,Wednesday,College,Afternoon,Cloudy,Long,Phone,0.98,0.931,16,0,0
271,Wednesday,College,Afternoon,Cloudy,Long,Charger,0.55,0.861,14,3,0
271,Wednesday,College,Afternoon,Cloudy,Long,ID_Card,0.9,0.771,11,1,1
271,Wednesday,College,Afternoon,Cloudy,Long,Laptop,0.8,0.92,18,2,0
272,Monday,Travel,Morning,Hot,Medium,Charger,0.55,0.918,14,0,0
272,Monday,Travel,Morning,Hot,Medium,Phone,0.98,0.99,14,0,1
272,Monday,Travel,Morning,Hot,Medium,Earphones,0.4,0.631,5,2,0
272,Monday,Travel,Morning,Hot,Medium,Wallet,0.95,0.96,11,0,0
272,Monday,Travel,Morning,Hot,Medium,ID_Card,0.9,0.99,15,0,0
273,Tuesday,Office,Afternoon,Cloudy,Long,Wallet,0.95,0.758,6,0,0
273,Tuesday,Office,Afternoon,Cloudy,Long,ID_Card,0.9,0.88,13,0,1
273,Tuesday,Office,Afternoon,Cloudy,Long,Keys,0.93,0.63,7,0,0
273,Tuesday,Office,Afternoon,Cloudy,Long,Laptop,0.8,0.833,10,2,0
274,Sunday,Travel,Afternoon,Rainy,Short,Earphones,0.4,0.528,13,2,1
274,Sunday,Travel,Afternoon,Rainy,Short,Water_Bottle,0.45,0.52,10,1,1
274,Sunday,Travel,Afternoon,Rainy,Short,Umbrella,0.35,0.827,13,1,0
274,Sunday,Travel,Afternoon,Rainy,Short,ID_Card,0.9,0.86,13,1,0
275,Wednesday,Family_Event,Morning,Cloudy,Long,Earphones,0.4,0.134,4,0,0
275,Wednesday,Family_Event,Morning,Cloudy,Long,Keys,0.93,0.525,13,1,1
275,Wednesday,Family_Event,Morning,Cloudy,Long,ID_Card,0.9,0.298,4,0,1
275,Wednesday,Family_Event,Morning,Cloudy,Long,Wallet,0.95,0.627,13,0,1
275,Wednesday,Family_Event,Morning,Cloudy,Long,Water_Bottle,0.45,0.253,4,0,1
275,Wednesday,Family_Event,Morning,Cloudy,Long,Phone,0.98,0.806,11,0,1
276,Thursday,College,Morning,Sunny,Short,Charger,0.55,0.774,17,0,0
276,Thursday,College,Morning,Sunny,Short,Keys,0.93,0.619,13,0,0
276,Thursday,College,Morning,Sunny,Short,Notebook,0.5,0.94,9,0,0
276,Thursday,College,Morning,Sunny,Short,Earphones,0.4,0.566,10,2,1
276,Thursday,College,Morning,Sunny,Short,ID_Card,0.9,0.872,10,0,0
276,Thursday,College,Morning,Sunny,Short,Phone,0.98,0.859,8,0,0
276,Thursday,College,Morning,Sunny,Short,Laptop,0.8,0.897,19,1,1
277,Thursday,Travel,Afternoon,Sunny,Medium,Water_Bottle,0.45,0.635,15,1,0
277,Thursday,Travel,Afternoon,Sunny,Medium,Keys,0.93,0.492,10,0,0
277,Thursday,Travel,Afternoon,Sunny,Medium,ID_Card,0.9,0.975,15,0,1
277,Thursday,Travel,Afternoon,Sunny,Medium,Wallet,0.95,0.955,9,0,0
277,Thursday,Travel,Afternoon,Sunny,Medium,Charger,0.55,0.875,18,2,0
278,Saturday,Office,Evening,Cold,Medium,Wallet,0.95,0.676,10,1,0
278,Saturday,Office,Evening,Cold,Medium,Umbrella,0.35,0.32,5,1,1
278,Saturday,Office,Evening,Cold,Medium,Laptop,0.8,0.837,11,1,0
278,Saturday,Office,Evening,Cold,Medium,Water_Bottle,0.45,0.354,4,1,0
279,Monday,Family_Event,Morning,Rainy,Medium,Charger,0.55,0.284,8,1,0
279,Monday,Family_Event,Morning,Rainy,Medium,Keys,0.93,0.567,10,0,0
279,Monday,Family_Event,Morning,Rainy,Medium,Wallet,0.95,0.651,7,0,1
279,Monday,Family_Event,Morning,Rainy,Medium,Umbrella,0.35,0.848,18,1,1
279,Monday,Family_Event,Morning,Rainy,Medium,Phone,0.98,0.847,16,0,0
280,Monday,Office,Afternoon,Cloudy,Long,Keys,0.93,0.561,8,0,0
280,Monday,Office,Afternoon,Cloudy,Long,Water_Bottle,0.45,0.515,15,4,1
280,Monday,Office,Afternoon,Cloudy,Long,Earphones,0.4,0.471,5,0,0
280,Monday,Office,Afternoon,Cloudy,Long,ID_Card,0.9,0.814,15,0,0
280,Monday,Office,Afternoon,Cloudy,Long,Laptop,0.8,0.883,16,0,1
281,Tuesday,Travel,Afternoon,Hot,Medium,Charger,0.55,0.963,8,1,0
281,Tuesday,Travel,Afternoon,Hot,Medium,Umbrella,0.35,0.19,7,3,1
281,Tuesday,Travel,Afternoon,Hot,Medium,Wallet,0.95,0.952,18,0,0
281,Tuesday,Travel,Afternoon,Hot,Medium,Phone,0.98,0.934,13,0,0
281,Tuesday,Travel,Afternoon,Hot,Medium,ID_Card,0.9,0.851,10,0,0
281,Tuesday,Travel,Afternoon,Hot,Medium,Laptop,0.8,0.493,10,2,1
281,Tuesday,Travel,Afternoon,Hot,Medium,Earphones,0.4,0.609,10,1,0
281,Tuesday,Travel,Afternoon,Hot,Medium,Water_Bottle,0.45,0.917,9,0,0
282,Thursday,Shopping,Afternoon,Sunny,Medium,Wallet,0.95,0.99,14,0,0
282,Thursday,Shopping,Afternoon,Sunny,Medium,Phone,0.98,0.907,12,0,1
283,Friday,Gym,Evening,Sunny,Medium,Earphones,0.4,0.809,16,1,1
283,Friday,Gym,Evening,Sunny,Medium,Keys,0.93,0.544,12,0,0
283,Friday,Gym,Evening,Sunny,Medium,Laptop,0.8,0.01,1,0,1
283,Friday,Gym,Evening,Sunny,Medium,Charger,0.55,0.049,2,1,1
284,Thursday,Travel,Evening,Sunny,Medium,ID_Card,0.9,0.961,7,0,0
284,Thursday,Travel,Evening,Sunny,Medium,Earphones,0.4,0.589,6,1,0
284,Thursday,Travel,Evening,Sunny,Medium,Notebook,0.5,0.333,8,0,1
284,Thursday,Travel,Evening,Sunny,Medium,Charger,0.55,0.871,21,0,0
284,Thursday,Travel,Evening,Sunny,Medium,Laptop,0.8,0.522,6,1,0
284,Thursday,Travel,Evening,Sunny,Medium,Phone,0.98,0.937,9,0,0
285,Thursday,Friends_House,Evening,Cold,Medium,Earphones,0.4,0.407,12,0,1
285,Thursday,Friends_House,Evening,Cold,Medium,Phone,0.98,0.778,13,0,0
286,Sunday,Shopping,Morning,Hot,Short,ID_Card,0.9,0.482,13,0,0
286,Sunday,Shopping,Morning,Hot,Short,Wallet,0.95,0.937,20,0,0
287,Tuesday,Friends_House,Afternoon,Rainy,Medium,Umbrella,0.35,0.872,9,2,0
287,Tuesday,Friends_House,Afternoon,Rainy,Medium,Keys,0.93,0.614,14,0,0
288,Friday,Other,Afternoon,Sunny,Long,Notebook,0.5,0.219,7,0,0
288,Friday,Other,Afternoon,Sunny,Long,Phone,0.98,0.797,11,0,0
288,Friday,Other,Afternoon,Sunny,Long,Wallet,0.95,0.659,11,0,0
288,Friday,Other,Afternoon,Sunny,Long,Charger,0.55,0.39,6,1,1
288,Friday,Other,Afternoon,Sunny,Long,Umbrella,0.35,0.221,5,1,1
289,Thursday,Gym,Morning,Sunny,Medium,Earphones,0.4,0.91,18,1,0
289,Thursday,Gym,Morning,Sunny,Medium,Keys,0.93,0.479,11,0,0
289,Thursday,Gym,Morning,Sunny,Medium,Water_Bottle,0.45,0.89,10,2,1
290,Thursday,Shopping,Morning,Rainy,Medium,Keys,0.93,0.566,13,0,0
290,Thursday,Shopping,Morning,Rainy,Medium,Umbrella,0.35,0.936,14,2,1
290,Thursday,Shopping,Morning,Rainy,Medium,ID_Card,0.9,0.49,7,0,1
290,Thursday,Shopping,Morning,Rainy,Medium,Wallet,0.95,0.898,21,0,0
290,Thursday,Shopping,Morning,Rainy,Medium,Charger,0.55,0.135,5,1,1
290,Thursday,Shopping,Morning,Rainy,Medium,Earphones,0.4,0.338,8,0,0
290,Thursday,Shopping,Morning,Rainy,Medium,Phone,0.98,0.892,13,0,0
291,Saturday,College,Morning,Cloudy,Short,Charger,0.55,0.811,13,0,1
291,Saturday,College,Morning,Cloudy,Short,Water_Bottle,0.45,0.656,8,0,0
291,Saturday,College,Morning,Cloudy,Short,ID_Card,0.9,0.892,17,0,0
291,Saturday,College,Morning,Cloudy,Short,Umbrella,0.35,0.402,13,2,1
291,Saturday,College,Morning,Cloudy,Short,Notebook,0.5,0.99,19,2,0
291,Saturday,College,Morning,Cloudy,Short,Wallet,0.95,0.722,13,1,0
292,Tuesday,Friends_House,Afternoon,Cold,Medium,Water_Bottle,0.45,0.219,5,1,1
292,Tuesday,Friends_House,Afternoon,Cold,Medium,Laptop,0.8,0.08,7,3,1
292,Tuesday,Friends_House,Afternoon,Cold,Medium,Charger,0.55,0.434,10,2,1
292,Tuesday,Friends_House,Afternoon,Cold,Medium,Wallet,0.95,0.566,12,0,0
292,Tuesday,Friends_House,Afternoon,Cold,Medium,Umbrella,0.35,0.32,7,3,1
293,Sunday,Shopping,Afternoon,Hot,Short,Keys,0.93,0.691,8,0,0
293,Sunday,Shopping,Afternoon,Hot,Short,Water_Bottle,0.45,0.743,13,1,0
293,Sunday,Shopping,Afternoon,Hot,Short,Laptop,0.8,0.035,4,3,1
293,Sunday,Shopping,Afternoon,Hot,Short,ID_Card,0.9,0.458,5,0,0
294,Wednesday,Gym,Morning,Cloudy,Short,ID_Card,0.9,0.214,7,2,1
294,Wednesday,Gym,Morning,Cloudy,Short,Phone,0.98,0.687,13,0,0
294,Wednesday,Gym,Morning,Cloudy,Short,Keys,0.93,0.522,7,0,0
294,Wednesday,Gym,Morning,Cloudy,Short,Laptop,0.8,0.01,0,1,1
294,Wednesday,Gym,Morning,Cloudy,Short,Water_Bottle,0.45,0.93,9,1,1
295,Thursday,College,Evening,Hot,Medium,ID_Card,0.9,0.925,9,1,0
295,Thursday,College,Evening,Hot,Medium,Water_Bottle,0.45,0.905,15,0,0
295,Thursday,College,Evening,Hot,Medium,Umbrella,0.35,0.173,3,2,1
295,Thursday,College,Evening,Hot,Medium,Phone,0.98,0.957,16,0,0
295,Thursday,College,Evening,Hot,Medium,Charger,0.55,0.814,15,0,0
295,Thursday,College,Evening,Hot,Medium,Wallet,0.95,0.799,10,0,0
295,Thursday,College,Evening,Hot,Medium,Notebook,0.5,0.894,10,2,1
295,Thursday,College,Evening,Hot,Medium,Laptop,0.8,0.89,12,0,0
296,Thursday,Family_Event,Night,Cold,Short,Phone,0.98,0.82,14,0,0
296,Thursday,Family_Event,Night,Cold,Short,Keys,0.93,0.586,16,0,0
297,Saturday,Gym,Morning,Cloudy,Short,Umbrella,0.35,0.315,6,3,1
297,Saturday,Gym,Morning,Cloudy,Short,Water_Bottle,0.45,0.917,14,0,0
298,Thursday,Friends_House,Night,Rainy,Medium,Earphones,0.4,0.364,7,1,1
298,Thursday,Friends_House,Night,Rainy,Medium,Phone,0.98,0.92,13,0,0
298,Thursday,Friends_House,Night,Rainy,Medium,Umbrella,0.35,0.851,19,2,0
298,Thursday,Friends_House,Night,Rainy,Medium,Keys,0.93,0.52,9,0,1
298,Thursday,Friends_House,Night,Rainy,Medium,Water_Bottle,0.45,0.26,4,0,0
299,Tuesday,College,Morning,Cold,Medium,Water_Bottle,0.45,0.502,7,2,1
299,Tuesday,College,Morning,Cold,Medium,ID_Card,0.9,0.879,16,1,0
299,Tuesday,College,Morning,Cold,Medium,Earphones,0.4,0.574,9,2,1
299,Tuesday,College,Morning,Cold,Medium,Phone,0.98,0.88,7,0,0
299,Tuesday,College,Morning,Cold,Medium,Wallet,0.95,0.659,5,0,0
299,Tuesday,College,Morning,Cold,Medium,Charger,0.55,0.843,17,1,0
300,Monday,Other,Night,Sunny,Medium,Keys,0.93,0.519,8,0,0
300,Monday,Other,Night,Sunny,Medium,Wallet,0.95,0.578,8,0,0
300,Monday,Other,Night,Sunny,Medium,Earphones,0.4,0.336,6,1,1
301,Wednesday,College,Night,Cold,Short,Wallet,0.95,0.731,17,0,0
301,Wednesday,College,Night,Cold,Short,Earphones,0.4,0.58,10,0,0
301,Wednesday,College,Night,Cold,Short,Phone,0.98,0.935,11,0,0
301,Wednesday,College,Night,Cold,Short,ID_Card,0.9,0.975,17,0,0
301,Wednesday,College,Night,Cold,Short,Charger,0.55,0.891,10,0,0
301,Wednesday,College,Night,Cold,Short,Laptop,0.8,0.92,14,2,0
301,Wednesday,College,Night,Cold,Short,Notebook,0.5,0.866,17,2,1
301,Wednesday,College,Night,Cold,Short,Umbrella,0.35,0.306,13,0,0
301,Wednesday,College,Night,Cold,Short,Water_Bottle,0.45,0.534,18,1,1
302,Saturday,College,Morning,Sunny,Medium,Earphones,0.4,0.452,8,0,0
302,Saturday,College,Morning,Sunny,Medium,Laptop,0.8,0.87,23,0,0
302,Saturday,College,Morning,Sunny,Medium,Water_Bottle,0.45,0.558,9,1,1
302,Saturday,College,Morning,Sunny,Medium,Charger,0.55,0.887,8,3,1
302,Saturday,College,Morning,Sunny,Medium,Wallet,0.95,0.754,15,1,0
302,Saturday,College,Morning,Sunny,Medium,Notebook,0.5,0.971,14,2,1
302,Saturday,College,Morning,Sunny,Medium,ID_Card,0.9,0.893,16,0,0
302,Saturday,College,Morning,Sunny,Medium,Phone,0.98,0.795,15,0,0
303,Monday,Family_Event,Evening,Rainy,Medium,Wallet,0.95,0.579,12,0,1
303,Monday,Family_Event,Evening,Rainy,Medium,Phone,0.98,0.79,11,0,0
304,Sunday,Other,Night,Hot,Medium,Keys,0.93,0.613,8,0,0
305,Thursday,Office,Night,Rainy,Medium,Keys,0.93,0.593,9,1,1
305,Thursday,Office,Night,Rainy,Medium,Phone,0.98,0.944,18,0,0
305,Thursday,Office,Night,Rainy,Medium,ID_Card,0.9,0.908,19,0,0
305,Thursday,Office,Night,Rainy,Medium,Water_Bottle,0.45,0.469,4,0,0
305,Thursday,Office,Night,Rainy,Medium,Charger,0.55,0.752,9,1,0
305,Thursday,Office,Night,Rainy,Medium,Earphones,0.4,0.411,8,1,0
306,Monday,Gym,Night,Cloudy,Short,Wallet,0.95,0.339,13,0,0
306,Monday,Gym,Night,Cloudy,Short,Water_Bottle,0.45,0.889,12,2,0
306,Monday,Gym,Night,Cloudy,Short,Earphones,0.4,0.881,14,2,0
307,Wednesday,Friends_House,Afternoon,Rainy,Long,Umbrella,0.35,0.807,16,1,1
307,Wednesday,Friends_House,Afternoon,Rainy,Long,Wallet,0.95,0.514,7,0,0
307,Wednesday,Friends_House,Afternoon,Rainy,Long,ID_Card,0.9,0.277,12,0,0
307,Wednesday,Friends_House,Afternoon,Rainy,Long,Keys,0.93,0.498,8,0,1
308,Thursday,Family_Event,Morning,Sunny,Short,ID_Card,0.9,0.23,7,2,1
308,Thursday,Family_Event,Morning,Sunny,Short,Phone,0.98,0.736,13,1,0
308,Thursday,Family_Event,Morning,Sunny,Short,Wallet,0.95,0.619,13,0,1
309,Wednesday,Gym,Evening,Sunny,Medium,Earphones,0.4,0.941,15,0,0
309,Wednesday,Gym,Evening,Sunny,Medium,Wallet,0.95,0.339,3,1,0
309,Wednesday,Gym,Evening,Sunny,Medium,ID_Card,0.9,0.107,6,2,0
309,Wednesday,Gym,Evening,Sunny,Medium,Phone,0.98,0.78,6,0,0
310,Monday,Shopping,Afternoon,Sunny,Short,Keys,0.93,0.532,4,0,0
310,Monday,Shopping,Afternoon,Sunny,Short,Phone,0.98,0.99,10,0,0
310,Monday,Shopping,Afternoon,Sunny,Short,Wallet,0.95,0.974,10,0,1
311,Friday,Friends_House,Afternoon,Rainy,Medium,Umbrella,0.35,0.841,15,1,0
311,Friday,Friends_House,Afternoon,Rainy,Medium,Phone,0.98,0.872,20,0,0
312,Friday,Friends_House,Afternoon,Cloudy,Short,Water_Bottle,0.45,0.319,10,1,0
312,Friday,Friends_House,Afternoon,Cloudy,Short,Earphones,0.4,0.352,10,0,1
312,Friday,Friends_House,Afternoon,Cloudy,Short,Phone,0.98,0.902,16,0,0
312,Friday,Friends_House,Afternoon,Cloudy,Short,Umbrella,0.35,0.326,12,1,0
313,Monday,Friends_House,Afternoon,Sunny,Long,Wallet,0.95,0.435,4,0,0
313,Monday,Friends_House,Afternoon,Sunny,Long,Keys,0.93,0.575,8,0,1
314,Tuesday,Shopping,Morning,Cold,Short,ID_Card,0.9,0.483,7,1,1
314,Tuesday,Shopping,Morning,Cold,Short,Umbrella,0.35,0.368,1,2,0
314,Tuesday,Shopping,Morning,Cold,Short,Wallet,0.95,0.987,10,0,0
314,Tuesday,Shopping,Morning,Cold,Short,Charger,0.55,0.153,2,4,1
315,Tuesday,College,Evening,Cloudy,Medium,Water_Bottle,0.45,0.586,8,1,1
315,Tuesday,College,Evening,Cloudy,Medium,ID_Card,0.9,0.882,14,0,0
315,Tuesday,College,Evening,Cloudy,Medium,Phone,0.98,0.851,12,0,0
315,Tuesday,College,Evening,Cloudy,Medium,Charger,0.55,0.906,13,2,0
315,Tuesday,College,Evening,Cloudy,Medium,Notebook,0.5,0.93,15,1,0
316,Friday,Other,Morning,Cloudy,Short,Keys,0.93,0.572,13,0,0
316,Friday,Other,Morning,Cloudy,Short,Phone,0.98,0.855,16,0,0
317,Saturday,Family_Event,Evening,Cloudy,Short,Phone,0.98,0.791,21,0,0
317,Saturday,Family_Event,Evening,Cloudy,Short,Umbrella,0.35,0.379,3,3,1
317,Saturday,Family_Event,Evening,Cloudy,Short,ID_Card,0.9,0.373,12,0,0
318,Saturday,Friends_House,Evening,Sunny,Medium,Keys,0.93,0.669,9,0,0
318,Saturday,Friends_House,Evening,Sunny,Medium,Phone,0.98,0.77,17,0,1
319,Sunday,College,Afternoon,Hot,Medium,Phone,0.98,0.916,12,0,0
319,Sunday,College,Afternoon,Hot,Medium,Laptop,0.8,0.805,12,1,0
319,Sunday,College,Afternoon,Hot,Medium,Water_Bottle,0.45,0.907,22,0,0
320,Saturday,Office,Afternoon,Cloudy,Medium,ID_Card,0.9,0.842,18,1,0
320,Saturday,Office,Afternoon,Cloudy,Medium,Laptop,0.8,0.88,16,1,0
320,Saturday,Office,Afternoon,Cloudy,Medium,Charger,0.55,0.861,11,3,0
320,Saturday,Office,Afternoon,Cloudy,Medium,Water_Bottle,0.45,0.485,5,2,1
320,Saturday,Office,Afternoon,Cloudy,Medium,Wallet,0.95,0.746,18,0,0
320,Saturday,Office,Afternoon,Cloudy,Medium,Notebook,0.5,0.517,11,3,1
320,Saturday,Office,Afternoon,Cloudy,Medium,Phone,0.98,0.99,13,0,0
321,Wednesday,Friends_House,Morning,Sunny,Long,Phone,0.98,0.936,19,0,0
321,Wednesday,Friends_House,Morning,Sunny,Long,Earphones,0.4,0.363,10,1,1
322,Monday,College,Night,Cold,Medium,Notebook,0.5,0.867,9,1,1
322,Monday,College,Night,Cold,Medium,Laptop,0.8,0.889,15,0,1
322,Monday,College,Night,Cold,Medium,ID_Card,0.9,0.878,15,0,0
322,Monday,College,Night,Cold,Medium,Charger,0.55,0.827,11,4,1
322,Monday,College,Night,Cold,Medium,Earphones,0.4,0.535,11,2,1
322,Monday,College,Night,Cold,Medium,Wallet,0.95,0.859,6,0,0
322,Monday,College,Night,Cold,Medium,Phone,0.98,0.911,16,0,0
323,Friday,Other,Evening,Hot,Long,ID_Card,0.9,0.395,9,1,0
323,Friday,Other,Evening,Hot,Long,Wallet,0.95,0.602,8,0,0
323,Friday,Other,Evening,Hot,Long,Water_Bottle,0.45,0.644,11,2,1
324,Sunday,Gym,Afternoon,Hot,Short,Earphones,0.4,0.851,9,1,0
324,Sunday,Gym,Afternoon,Hot,Short,Phone,0.98,0.679,7,1,0
324,Sunday,Gym,Afternoon,Hot,Short,Water_Bottle,0.45,0.99,15,0,1
324,Sunday,Gym,Afternoon,Hot,Short,Wallet,0.95,0.33,10,0,0
325,Sunday,Friends_House,Morning,Cold,Medium,Charger,0.55,0.332,6,1,1
325,Sunday,Friends_House,Morning,Cold,Medium,Keys,0.93,0.575,7,0,0
325,Sunday,Friends_House,Morning,Cold,Medium,Phone,0.98,0.853,9,0,0
325,Sunday,Friends_House,Morning,Cold,Medium,Umbrella,0.35,0.254,1,2,1
326,Tuesday,Family_Event,Morning,Cold,Medium,Umbrella,0.35,0.362,6,0,0
326,Tuesday,Family_Event,Morning,Cold,Medium,Phone,0.98,0.765,19,0,0
326,Tuesday,Family_Event,Morning,Cold,Medium,Wallet,0.95,0.579,10,0,0
326,Tuesday,Family_Event,Morning,Cold,Medium,ID_Card,0.9,0.283,12,1,0
326,Tuesday,Family_Event,Morning,Cold,Medium,Charger,0.55,0.345,8,2,1
326,Tuesday,Family_Event,Morning,Cold,Medium,Keys,0.93,0.532,11,0,0
327,Tuesday,Gym,Afternoon,Cloudy,Medium,Phone,0.98,0.654,13,1,0
327,Tuesday,Gym,Afternoon,Cloudy,Medium,Water_Bottle,0.45,0.903,18,0,1
327,Tuesday,Gym,Afternoon,Cloudy,Medium,Earphones,0.4,0.862,11,1,0
327,Tuesday,Gym,Afternoon,Cloudy,Medium,Keys,0.93,0.497,12,0,0
328,Monday,Office,Night,Rainy,Long,Umbrella,0.35,0.765,17,0,0
328,Monday,Office,Night,Rainy,Long,ID_Card,0.9,0.937,14,0,0
328,Monday,Office,Night,Rainy,Long,Keys,0.93,0.602,11,0,0
328,Monday,Office,Night,Rainy,Long,Laptop,0.8,0.89,12,0,0
329,Monday,Travel,Evening,Rainy,Medium,Phone,0.98,0.982,19,0,0
329,Monday,Travel,Evening,Rainy,Medium,Charger,0.55,0.902,20,1,1
329,Monday,Travel,Evening,Rainy,Medium,Umbrella,0.35,0.982,9,0,0
329,Monday,Travel,Evening,Rainy,Medium,ID_Card,0.9,0.844,14,1,0
329,Monday,Travel,Evening,Rainy,Medium,Keys,0.93,0.303,5,0,0
330,Thursday,Travel,Morning,Sunny,Long,Wallet,0.95,0.948,14,0,1
330,Thursday,Travel,Morning,Sunny,Long,Earphones,0.4,0.627,7,3,1
330,Thursday,Travel,Morning,Sunny,Long,ID_Card,0.9,0.87,16,0,0
330,Thursday,Travel,Morning,Sunny,Long,Phone,0.98,0.921,18,0,0
330,Thursday,Travel,Morning,Sunny,Long,Water_Bottle,0.45,0.584,8,2,1
330,Thursday,Travel,Morning,Sunny,Long,Keys,0.93,0.348,8,0,0
330,Thursday,Travel,Morning,Sunny,Long,Notebook,0.5,0.199,4,3,1
331,Thursday,Gym,Evening,Sunny,Medium,Water_Bottle,0.45,0.84,23,0,0
331,Thursday,Gym,Evening,Sunny,Medium,Earphones,0.4,0.92,10,1,0
331,Thursday,Gym,Evening,Sunny,Medium,Keys,0.93,0.466,8,0,0
332,Wednesday,Travel,Afternoon,Sunny,Short,Charger,0.55,0.845,14,0,0
332,Wednesday,Travel,Afternoon,Sunny,Short,Wallet,0.95,0.883,16,0,0
332,Wednesday,Travel,Afternoon,Sunny,Short,Phone,0.98,0.99,16,0,0
332,Wednesday,Travel,Afternoon,Sunny,Short,ID_Card,0.9,0.967,7,0,0
332,Wednesday,Travel,Afternoon,Sunny,Short,Umbrella,0.35,0.191,5,1,1
332,Wednesday,Travel,Afternoon,Sunny,Short,Laptop,0.8,0.498,9,0,0
333,Wednesday,Other,Evening,Rainy,Medium,Water_Bottle,0.45,0.374,9,1,0
333,Wednesday,Other,Evening,Rainy,Medium,ID_Card,0.9,0.394,8,0,1
333,Wednesday,Other,Evening,Rainy,Medium,Keys,0.93,0.671,11,1,0
333,Wednesday,Other,Evening,Rainy,Medium,Umbrella,0.35,0.932,11,1,0
334,Saturday,Gym,Morning,Hot,Medium,Earphones,0.4,0.824,19,2,0
334,Saturday,Gym,Morning,Hot,Medium,Phone,0.98,0.772,10,0,1
334,Saturday,Gym,Morning,Hot,Medium,ID_Card,0.9,0.225,8,0,1
334,Saturday,Gym,Morning,Hot,Medium,Keys,0.93,0.404,7,0,1
334,Saturday,Gym,Morning,Hot,Medium,Water_Bottle,0.45,0.982,17,1,1
335,Thursday,College,Afternoon,Hot,Long,Notebook,0.5,0.988,11,1,0
335,Thursday,College,Afternoon,Hot,Long,Charger,0.55,0.888,10,1,1
335,Thursday,College,Afternoon,Hot,Long,Phone,0.98,0.901,14,1,0
335,Thursday,College,Afternoon,Hot,Long,Keys,0.93,0.581,7,0,0
335,Thursday,College,Afternoon,Hot,Long,Earphones,0.4,0.568,9,1,0
335,Thursday,College,Afternoon,Hot,Long,ID_Card,0.9,0.959,11,0,0
335,Thursday,College,Afternoon,Hot,Long,Water_Bottle,0.45,0.847,11,4,1
335,Thursday,College,Afternoon,Hot,Long,Laptop,0.8,0.847,16,1,1
336,Saturday,Gym,Night,Cloudy,Long,Phone,0.98,0.703,17,0,0
336,Saturday,Gym,Night,Cloudy,Long,Earphones,0.4,0.825,17,0,0
336,Saturday,Gym,Night,Cloudy,Long,Water_Bottle,0.45,0.888,16,0,0
336,Saturday,Gym,Night,Cloudy,Long,Keys,0.93,0.523,7,0,0
337,Sunday,Gym,Morning,Sunny,Short,Keys,0.93,0.525,11,0,1
337,Sunday,Gym,Morning,Sunny,Short,Charger,0.55,0.183,7,1,0
337,Sunday,Gym,Morning,Sunny,Short,ID_Card,0.9,0.22,6,1,1
338,Wednesday,College,Evening,Cloudy,Short,Notebook,0.5,0.912,14,1,0
338,Wednesday,College,Evening,Cloudy,Short,Keys,0.93,0.574,8,1,0
338,Wednesday,College,Evening,Cloudy,Short,Phone,0.98,0.857,9,0,0
338,Wednesday,College,Evening,Cloudy,Short,ID_Card,0.9,0.899,12,0,0
338,Wednesday,College,Evening,Cloudy,Short,Laptop,0.8,0.854,9,1,0
338,Wednesday,College,Evening,Cloudy,Short,Charger,0.55,0.848,12,3,1
339,Tuesday,College,Night,Rainy,Short,Phone,0.98,0.945,22,0,0
339,Tuesday,College,Night,Rainy,Short,Earphones,0.4,0.554,8,0,1
339,Tuesday,College,Night,Rainy,Short,Umbrella,0.35,0.836,13,1,1
339,Tuesday,College,Night,Rainy,Short,Laptop,0.8,0.959,11,0,0
339,Tuesday,College,Night,Rainy,Short,Notebook,0.5,0.888,20,0,1
340,Sunday,Friends_House,Morning,Cold,Medium,Earphones,0.4,0.517,3,2,0
340,Sunday,Friends_House,Morning,Cold,Medium,Umbrella,0.35,0.234,7,1,1
340,Sunday,Friends_House,Morning,Cold,Medium,Notebook,0.5,0.051,4,3,0
340,Sunday,Friends_House,Morning,Cold,Medium,Phone,0.98,0.822,14,0,0
341,Friday,Office,Morning,Cold,Short,Wallet,0.95,0.705,13,0,0
341,Friday,Office,Morning,Cold,Short,Umbrella,0.35,0.29,2,2,1
341,Friday,Office,Morning,Cold,Short,Phone,0.98,0.953,13,0,0
342,Wednesday,Other,Evening,Cold,Medium,Notebook,0.5,0.298,5,0,0
342,Wednesday,Other,Evening,Cold,Medium,Water_Bottle,0.45,0.306,10,0,1
342,Wednesday,Other,Evening,Cold,Medium,Phone,0.98,0.725,13,0,0
342,Wednesday,Other,Evening,Cold,Medium,Wallet,0.95,0.647,12,0,0
343,Friday,Office,Morning,Cold,Medium,Wallet,0.95,0.735,9,0,1
343,Friday,Office,Morning,Cold,Medium,Notebook,0.5,0.563,10,1,1
343,Friday,Office,Morning,Cold,Medium,Phone,0.98,0.99,22,0,0
343,Friday,Office,Morning,Cold,Medium,Laptop,0.8,0.746,10,3,0
344,Thursday,College,Morning,Cold,Long,Laptop,0.8,0.947,14,1,0
344,Thursday,College,Morning,Cold,Long,Charger,0.55,0.832,13,1,1
344,Thursday,College,Morning,Cold,Long,ID_Card,0.9,0.962,13,0,0
344,Thursday,College,Morning,Cold,Long,Notebook,0.5,0.888,16,0,0
344,Thursday,College,Morning,Cold,Long,Earphones,0.4,0.53,11,0,0
344,Thursday,College,Morning,Cold,Long,Wallet,0.95,0.722,20,1,0
344,Thursday,College,Morning,Cold,Long,Keys,0.93,0.56,9,0,0
345,Sunday,Friends_House,Afternoon,Cloudy,Short,ID_Card,0.9,0.24,5,0,0
345,Sunday,Friends_House,Afternoon,Cloudy,Short,Phone,0.98,0.868,10,0,1
345,Sunday,Friends_House,Afternoon,Cloudy,Short,Keys,0.93,0.534,12,0,0
346,Tuesday,Family_Event,Evening,Sunny,Medium,Phone,0.98,0.858,9,0,0
346,Tuesday,Family_Event,Evening,Sunny,Medium,Water_Bottle,0.45,0.28,8,0,1
347,Sunday,Office,Morning,Sunny,Short,Wallet,0.95,0.732,15,0,0
347,Sunday,Office,Morning,Sunny,Short,Charger,0.55,0.863,17,0,1
347,Sunday,Office,Morning,Sunny,Short,Notebook,0.5,0.562,12,2,1
347,Sunday,Office,Morning,Sunny,Short,Phone,0.98,0.99,14,0,0
347,Sunday,Office,Morning,Sunny,Short,Laptop,0.8,0.865,11,2,1
347,Sunday,Office,Morning,Sunny,Short,Earphones,0.4,0.479,6,2,0
348,Sunday,Office,Morning,Cloudy,Long,Phone,0.98,0.955,8,0,0
348,Sunday,Office,Morning,Cloudy,Long,Charger,0.55,0.787,4,3,0
348,Sunday,Office,Morning,Cloudy,Long,Umbrella,0.35,0.475,6,3,0
348,Sunday,Office,Morning,Cloudy,Long,Laptop,0.8,0.974,10,0,0
348,Sunday,Office,Morning,Cloudy,Long,ID_Card,0.9,0.89,10,0,1
348,Sunday,Office,Morning,Cloudy,Long,Keys,0.93,0.6,9,0,0
349,Tuesday,College,Evening,Sunny,Short,Notebook,0.5,0.89,22,2,0
349,Tuesday,College,Evening,Sunny,Short,Water_Bottle,0.45,0.609,16,0,0
349,Tuesday,College,Evening,Sunny,Short,Charger,0.55,0.9,17,1,0
349,Tuesday,College,Evening,Sunny,Short,Laptop,0.8,0.89,12,0,0
349,Tuesday,College,Evening,Sunny,Short,ID_Card,0.9,0.946,16,0,0
349,Tuesday,College,Evening,Sunny,Short,Wallet,0.95,0.712,7,0,0
350,Tuesday,Shopping,Afternoon,Sunny,Short,Keys,0.93,0.621,6,0,0
350,Tuesday,Shopping,Afternoon,Sunny,Short,Phone,0.98,0.895,13,0,0
350,Tuesday,Shopping,Afternoon,Sunny,Short,Earphones,0.4,0.351,6,3,1
351,Thursday,Gym,Evening,Cold,Short,Earphones,0.4,0.883,11,2,0
351,Thursday,Gym,Evening,Cold,Short,ID_Card,0.9,0.181,12,1,0
352,Monday,Office,Afternoon,Sunny,Long,Phone,0.98,0.945,16,0,0
352,Monday,Office,Afternoon,Sunny,Long,Charger,0.55,0.824,12,0,1
352,Monday,Office,Afternoon,Sunny,Long,ID_Card,0.9,0.898,7,0,0
352,Monday,Office,Afternoon,Sunny,Long,Laptop,0.8,0.897,17,0,0
353,Wednesday,College,Night,Cold,Short,Wallet,0.95,0.783,13,0,0
353,Wednesday,College,Night,Cold,Short,Charger,0.55,0.905,14,1,0
353,Wednesday,College,Night,Cold,Short,ID_Card,0.9,0.891,10,0,0
353,Wednesday,College,Night,Cold,Short,Phone,0.98,0.882,12,1,1
353,Wednesday,College,Night,Cold,Short,Notebook,0.5,0.956,15,0,0
354,Thursday,Shopping,Evening,Hot,Medium,Wallet,0.95,0.871,17,0,0
355,Sunday,Other,Morning,Rainy,Medium,Water_Bottle,0.45,0.339,2,3,1
355,Sunday,Other,Morning,Rainy,Medium,Keys,0.93,0.515,6,1,0
356,Sunday,Travel,Evening,Rainy,Medium,Phone,0.98,0.978,11,1,0
356,Sunday,Travel,Evening,Rainy,Medium,Water_Bottle,0.45,0.576,15,1,1
356,Sunday,Travel,Evening,Rainy,Medium,Charger,0.55,0.912,17,1,0
356,Sunday,Travel,Evening,Rainy,Medium,Wallet,0.95,0.99,12,0,0
356,Sunday,Travel,Evening,Rainy,Medium,ID_Card,0.9,0.982,15,0,0
356,Sunday,Travel,Evening,Rainy,Medium,Umbrella,0.35,0.886,6,2,0
357,Tuesday,Shopping,Afternoon,Cloudy,Short,Phone,0.98,0.913,17,0,0
358,Sunday,College,Morning,Rainy,Short,ID_Card,0.9,0.889,19,0,0
358,Sunday,College,Morning,Rainy,Short,Laptop,0.8,0.897,15,0,0
358,Sunday,College,Morning,Rainy,Short,Phone,0.98,0.903,17,0,0
359,Monday,Office,Morning,Sunny,Medium,Water_Bottle,0.45,0.479,10,4,0
359,Monday,Office,Morning,Sunny,Medium,Keys,0.93,0.604,7,0,1
359,Monday,Office,Morning,Sunny,Medium,Laptop,0.8,0.836,8,1,1
359,Monday,Office,Morning,Sunny,Medium,Phone,0.98,0.829,13,0,0
359,Monday,Office,Morning,Sunny,Medium,ID_Card,0.9,0.86,21,0,0
359,Monday,Office,Morning,Sunny,Medium,Charger,0.55,0.777,8,1,0
359,Monday,Office,Morning,Sunny,Medium,Notebook,0.5,0.553,12,0,1
360,Saturday,Office,Evening,Cold,Short,Keys,0.93,0.675,9,0,0
360,Saturday,Office,Evening,Cold,Short,Laptop,0.8,0.864,12,1,0
360,Saturday,Office,Evening,Cold,Short,Phone,0.98,0.948,10,1,0
360,Saturday,Office,Evening,Cold,Short,Charger,0.55,0.871,17,2,1
360,Saturday,Office,Evening,Cold,Short,ID_Card,0.9,0.907,18,0,0
361,Saturday,Friends_House,Morning,Cloudy,Medium,Earphones,0.4,0.342,5,4,1
361,Saturday,Friends_House,Morning,Cloudy,Medium,Phone,0.98,0.918,12,0,0
361,Saturday,Friends_House,Morning,Cloudy,Medium,Keys,0.93,0.678,6,0,0
362,Sunday,Family_Event,Morning,Sunny,Short,Wallet,0.95,0.661,10,0,0
362,Sunday,Family_Event,Morning,Sunny,Short,Phone,0.98,0.832,12,0,0
362,Sunday,Family_Event,Morning,Sunny,Short,Keys,0.93,0.62,8,0,0
363,Tuesday,Other,Morning,Hot,Medium,Phone,0.98,0.761,11,0,0
363,Tuesday,Other,Morning,Hot,Medium,Keys,0.93,0.554,10,1,1
363,Tuesday,Other,Morning,Hot,Medium,Wallet,0.95,0.633,14,0,1
364,Sunday,Other,Afternoon,Rainy,Short,Water_Bottle,0.45,0.513,9,0,1
364,Sunday,Other,Afternoon,Rainy,Short,Phone,0.98,0.762,10,0,0
364,Sunday,Other,Afternoon,Rainy,Short,Keys,0.93,0.557,7,0,0
364,Sunday,Other,Afternoon,Rainy,Short,Umbrella,0.35,0.848,4,0,1
364,Sunday,Other,Afternoon,Rainy,Short,Wallet,0.95,0.509,7,0,0
365,Monday,Other,Afternoon,Cloudy,Medium,Phone,0.98,0.805,6,0,0
365,Monday,Other,Afternoon,Cloudy,Medium,Laptop,0.8,0.328,4,1,0
365,Monday,Other,Afternoon,Cloudy,Medium,Wallet,0.95,0.594,11,0,1
365,Monday,Other,Afternoon,Cloudy,Medium,ID_Card,0.9,0.418,12,0,0
366,Thursday,Other,Afternoon,Rainy,Short,Water_Bottle,0.45,0.446,8,1,1
366,Thursday,Other,Afternoon,Rainy,Short,Notebook,0.5,0.218,8,0,1
366,Thursday,Other,Afternoon,Rainy,Short,Keys,0.93,0.587,19,0,0
366,Thursday,Other,Afternoon,Rainy,Short,Laptop,0.8,0.258,8,1,1
366,Thursday,Other,Afternoon,Rainy,Short,Charger,0.55,0.395,7,1,1
366,Thursday,Other,Afternoon,Rainy,Short,Umbrella,0.35,0.915,15,1,0
367,Thursday,College,Morning,Sunny,Medium,Earphones,0.4,0.514,10,0,0
367,Thursday,College,Morning,Sunny,Medium,Wallet,0.95,0.744,10,0,1
367,Thursday,College,Morning,Sunny,Medium,Charger,0.55,0.818,14,0,1
367,Thursday,College,Morning,Sunny,Medium,Water_Bottle,0.45,0.652,8,0,0
367,Thursday,College,Morning,Sunny,Medium,Phone,0.98,0.938,7,0,0
367,Thursday,College,Morning,Sunny,Medium,Keys,0.93,0.62,13,0,1
367,Thursday,College,Morning,Sunny,Medium,Notebook,0.5,0.922,19,0,0
368,Wednesday,College,Morning,Rainy,Short,Water_Bottle,0.45,0.613,12,1,0
368,Wednesday,College,Morning,Rainy,Short,Laptop,0.8,0.849,14,1,0
368,Wednesday,College,Morning,Rainy,Short,Phone,0.98,0.869,9,0,0
368,Wednesday,College,Morning,Rainy,Short,Charger,0.55,0.953,16,1,1
368,Wednesday,College,Morning,Rainy,Short,Earphones,0.4,0.583,11,1,1
368,Wednesday,College,Morning,Rainy,Short,ID_Card,0.9,0.836,12,1,1
368,Wednesday,College,Morning,Rainy,Short,Keys,0.93,0.611,18,0,0
369,Monday,Office,Afternoon,Sunny,Long,Charger,0.55,0.88,14,1,1
369,Monday,Office,Afternoon,Sunny,Long,Keys,0.93,0.571,13,0,0
369,Monday,Office,Afternoon,Sunny,Long,Wallet,0.95,0.747,16,0,0
369,Monday,Office,Afternoon,Sunny,Long,Phone,0.98,0.861,10,0,1
369,Monday,Office,Afternoon,Sunny,Long,Notebook,0.5,0.59,11,2,1
369,Monday,Office,Afternoon,Sunny,Long,ID_Card,0.9,0.89,14,1,0
369,Monday,Office,Afternoon,Sunny,Long,Water_Bottle,0.45,0.556,9,0,1
370,Saturday,Shopping,Afternoon,Sunny,Medium,ID_Card,0.9,0.582,7,0,0
370,Saturday,Shopping,Afternoon,Sunny,Medium,Keys,0.93,0.545,10,0,0
371,Wednesday,College,Evening,Sunny,Short,Notebook,0.5,0.914,12,2,0
371,Wednesday,College,Evening,Sunny,Short,Keys,0.93,0.648,16,0,0
371,Wednesday,College,Evening,Sunny,Short,Wallet,0.95,0.729,13,0,0
371,Wednesday,College,Evening,Sunny,Short,Phone,0.98,0.86,17,0,0
372,Friday,Family_Event,Morning,Cloudy,Short,Phone,0.98,0.831,8,0,0
372,Friday,Family_Event,Morning,Cloudy,Short,ID_Card,0.9,0.216,6,1,1
373,Wednesday,Travel,Morning,Cloudy,Short,ID_Card,0.9,0.967,15,1,1
373,Wednesday,Travel,Morning,Cloudy,Short,Laptop,0.8,0.509,10,1,1
373,Wednesday,Travel,Morning,Cloudy,Short,Wallet,0.95,0.878,11,0,0
374,Wednesday,Shopping,Morning,Cloudy,Short,ID_Card,0.9,0.507,11,0,1
374,Wednesday,Shopping,Morning,Cloudy,Short,Earphones,0.4,0.335,8,1,1
374,Wednesday,Shopping,Morning,Cloudy,Short,Keys,0.93,0.586,18,0,1
374,Wednesday,Shopping,Morning,Cloudy,Short,Wallet,0.95,0.974,17,0,0
374,Wednesday,Shopping,Morning,Cloudy,Short,Phone,0.98,0.846,15,0,0
374,Wednesday,Shopping,Morning,Cloudy,Short,Umbrella,0.35,0.526,10,0,1
375,Sunday,College,Afternoon,Sunny,Short,Water_Bottle,0.45,0.586,9,1,1
375,Sunday,College,Afternoon,Sunny,Short,ID_Card,0.9,0.846,17,0,0
375,Sunday,College,Afternoon,Sunny,Short,Earphones,0.4,0.534,10,1,0
375,Sunday,College,Afternoon,Sunny,Short,Notebook,0.5,0.877,11,2,1
375,Sunday,College,Afternoon,Sunny,Short,Laptop,0.8,0.935,21,0,0
375,Sunday,College,Afternoon,Sunny,Short,Charger,0.55,0.815,12,2,1
375,Sunday,College,Afternoon,Sunny,Short,Wallet,0.95,0.859,14,0,0
376,Monday,Office,Afternoon,Sunny,Long,Laptop,0.8,0.909,13,1,0
376,Monday,Office,Afternoon,Sunny,Long,Charger,0.55,0.74,14,2,1
376,Monday,Office,Afternoon,Sunny,Long,Keys,0.93,0.581,13,0,0
376,Monday,Office,Afternoon,Sunny,Long,Phone,0.98,0.861,22,0,0
376,Monday,Office,Afternoon,Sunny,Long,Wallet,0.95,0.749,13,0,0
376,Monday,Office,Afternoon,Sunny,Long,Umbrella,0.35,0.142,6,4,1
377,Saturday,College,Evening,Rainy,Medium,Phone,0.98,0.933,17,0,1
377,Saturday,College,Evening,Rainy,Medium,Umbrella,0.35,0.853,13,2,1
377,Saturday,College,Evening,Rainy,Medium,Charger,0.55,0.862,11,0,1
377,Saturday,College,Evening,Rainy,Medium,Keys,0.93,0.584,16,0,0
377,Saturday,College,Evening,Rainy,Medium,Wallet,0.95,0.73,20,0,0
377,Saturday,College,Evening,Rainy,Medium,Earphones,0.4,0.576,11,1,1
377,Saturday,College,Evening,Rainy,Medium,Laptop,0.8,0.93,16,0,0
379,Wednesday,Travel,Afternoon,Rainy,Medium,Laptop,0.8,0.557,12,0,1
379,Wednesday,Travel,Afternoon,Rainy,Medium,Keys,0.93,0.412,8,0,0
379,Wednesday,Travel,Afternoon,Rainy,Medium,Water_Bottle,0.45,0.444,14,0,0
379,Wednesday,Travel,Afternoon,Rainy,Medium,Phone,0.98,0.917,17,0,0
379,Wednesday,Travel,Afternoon,Rainy,Medium,ID_Card,0.9,0.98,15,0,0
379,Wednesday,Travel,Afternoon,Rainy,Medium,Umbrella,0.35,0.894,14,3,0
379,Wednesday,Travel,Afternoon,Rainy,Medium,Charger,0.55,0.912,14,2,0
379,Wednesday,Travel,Afternoon,Rainy,Medium,Wallet,0.95,0.805,11,0,0
380,Tuesday,Friends_House,Afternoon,Cold,Short,Keys,0.93,0.533,17,0,1
380,Tuesday,Friends_House,Afternoon,Cold,Short,Charger,0.55,0.327,8,0,1
381,Monday,Office,Morning,Cloudy,Long,Umbrella,0.35,0.395,5,2,1
381,Monday,Office,Morning,Cloudy,Long,ID_Card,0.9,0.742,10,0,1
381,Monday,Office,Morning,Cloudy,Long,Keys,0.93,0.614,5,1,0
381,Monday,Office,Morning,Cloudy,Long,Phone,0.98,0.921,13,0,1
381,Monday,Office,Morning,Cloudy,Long,Earphones,0.4,0.468,5,1,1
381,Monday,Office,Morning,Cloudy,Long,Water_Bottle,0.45,0.49,9,1,0
381,Monday,Office,Morning,Cloudy,Long,Notebook,0.5,0.594,9,3,1
381,Monday,Office,Morning,Cloudy,Long,Laptop,0.8,0.938,18,0,0
382,Sunday,Gym,Afternoon,Cold,Short,Notebook,0.5,0.042,2,0,0
382,Sunday,Gym,Afternoon,Cold,Short,Keys,0.93,0.418,8,0,0
382,Sunday,Gym,Afternoon,Cold,Short,Phone,0.98,0.667,12,0,0
382,Sunday,Gym,Afternoon,Cold,Short,Earphones,0.4,0.817,28,0,0
382,Sunday,Gym,Afternoon,Cold,Short,Water_Bottle,0.45,0.699,13,0,0
383,Sunday,Gym,Morning,Sunny,Medium,Phone,0.98,0.674,11,0,0
383,Sunday,Gym,Morning,Sunny,Medium,Earphones,0.4,0.873,18,0,1
383,Sunday,Gym,Morning,Sunny,Medium,Water_Bottle,0.45,0.928,13,0,0
383,Sunday,Gym,Morning,Sunny,Medium,Keys,0.93,0.466,10,2,1
384,Tuesday,Friends_House,Afternoon,Sunny,Medium,Laptop,0.8,0.191,4,1,1
384,Tuesday,Friends_House,Afternoon,Sunny,Medium,Keys,0.93,0.545,6,0,0
384,Tuesday,Friends_House,Afternoon,Sunny,Medium,Earphones,0.4,0.374,4,2,0
384,Tuesday,Friends_House,Afternoon,Sunny,Medium,Phone,0.98,0.86,16,0,0
385,Monday,Friends_House,Morning,Hot,Short,Charger,0.55,0.247,6,1,1
385,Monday,Friends_House,Morning,Hot,Short,Keys,0.93,0.573,11,0,1
385,Monday,Friends_House,Morning,Hot,Short,Phone,0.98,0.82,20,0,0
385,Monday,Friends_House,Morning,Hot,Short,Earphones,0.4,0.44,9,1,1
386,Monday,Office,Evening,Hot,Short,Water_Bottle,0.45,0.801,13,1,0
386,Monday,Office,Evening,Hot,Short,Laptop,0.8,0.857,12,2,0
386,Monday,Office,Evening,Hot,Short,Phone,0.98,0.926,13,0,0
386,Monday,Office,Evening,Hot,Short,Wallet,0.95,0.647,8,0,0
386,Monday,Office,Evening,Hot,Short,Keys,0.93,0.656,7,0,0
386,Monday,Office,Evening,Hot,Short,ID_Card,0.9,0.802,9,0,1
386,Monday,Office,Evening,Hot,Short,Charger,0.55,0.872,16,2,1
387,Monday,Other,Night,Hot,Short,Phone,0.98,0.766,14,0,0
387,Monday,Other,Night,Hot,Short,Keys,0.93,0.578,8,0,1
388,Saturday,College,Morning,Sunny,Long,Earphones,0.4,0.626,10,1,1
388,Saturday,College,Morning,Sunny,Long,Wallet,0.95,0.766,17,0,0
388,Saturday,College,Morning,Sunny,Long,ID_Card,0.9,0.91,10,1,1
388,Saturday,College,Morning,Sunny,Long,Phone,0.98,0.878,11,0,0
388,Saturday,College,Morning,Sunny,Long,Charger,0.55,0.807,13,1,0
389,Sunday,Family_Event,Afternoon,Hot,Medium,Keys,0.93,0.599,13,0,1
389,Sunday,Family_Event,Afternoon,Hot,Medium,Phone,0.98,0.785,11,0,0
389,Sunday,Family_Event,Afternoon,Hot,Medium,Water_Bottle,0.45,0.607,12,2,1
390,Tuesday,College,Evening,Cloudy,Medium,Phone,0.98,0.859,8,0,0
390,Tuesday,College,Evening,Cloudy,Medium,ID_Card,0.9,0.98,15,0,0
390,Tuesday,College,Evening,Cloudy,Medium,Laptop,0.8,0.847,12,1,0
390,Tuesday,College,Evening,Cloudy,Medium,Keys,0.93,0.521,8,0,0
390,Tuesday,College,Evening,Cloudy,Medium,Wallet,0.95,0.725,8,1,0
390,Tuesday,College,Evening,Cloudy,Medium,Charger,0.55,0.852,11,2,0
391,Saturday,Office,Morning,Cloudy,Medium,Keys,0.93,0.587,11,0,0
391,Saturday,Office,Morning,Cloudy,Medium,Notebook,0.5,0.644,14,1,1
391,Saturday,Office,Morning,Cloudy,Medium,Laptop,0.8,0.862,9,2,0
391,Saturday,Office,Morning,Cloudy,Medium,Wallet,0.95,0.571,7,0,0
391,Saturday,Office,Morning,Cloudy,Medium,Charger,0.55,0.826,12,5,1
391,Saturday,Office,Morning,Cloudy,Medium,ID_Card,0.9,0.763,12,0,0
391,Saturday,Office,Morning,Cloudy,Medium,Phone,0.98,0.842,7,0,1
392,Tuesday,Family_Event,Evening,Sunny,Long,Phone,0.98,0.779,12,0,0
392,Tuesday,Family_Event,Evening,Sunny,Long,Wallet,0.95,0.591,7,0,0
392,Tuesday,Family_Event,Evening,Sunny,Long,Water_Bottle,0.45,0.376,10,0,1
392,Tuesday,Family_Event,Evening,Sunny,Long,ID_Card,0.9,0.258,11,1,1
392,Tuesday,Family_Event,Evening,Sunny,Long,Keys,0.93,0.582,11,0,0
393,Wednesday,College,Afternoon,Cold,Medium,Keys,0.93,0.58,6,0,0
393,Wednesday,College,Afternoon,Cold,Medium,Charger,0.55,0.808,5,0,0
393,Wednesday,College,Afternoon,Cold,Medium,ID_Card,0.9,0.969,18,0,0
393,Wednesday,College,Afternoon,Cold,Medium,Phone,0.98,0.963,12,0,0
393,Wednesday,College,Afternoon,Cold,Medium,Notebook,0.5,0.882,14,0,0
393,Wednesday,College,Afternoon,Cold,Medium,Earphones,0.4,0.459,8,0,0
393,Wednesday,College,Afternoon,Cold,Medium,Wallet,0.95,0.75,12,0,0
394,Friday,Gym,Night,Sunny,Medium,Phone,0.98,0.686,9,0,0
394,Friday,Gym,Night,Sunny,Medium,Earphones,0.4,0.943,24,1,1
394,Friday,Gym,Night,Sunny,Medium,Notebook,0.5,0.01,4,1,0
394,Friday,Gym,Night,Sunny,Medium,Keys,0.93,0.512,7,0,1
395,Saturday,Gym,Night,Hot,Medium,Wallet,0.95,0.337,14,0,0
395,Saturday,Gym,Night,Hot,Medium,Water_Bottle,0.45,0.99,23,1,0
395,Saturday,Gym,Night,Hot,Medium,Earphones,0.4,0.8,18,0,0
396,Sunday,Office,Morning,Rainy,Short,Water_Bottle,0.45,0.565,5,0,0
396,Sunday,Office,Morning,Rainy,Short,Wallet,0.95,0.705,11,0,0
396,Sunday,Office,Morning,Rainy,Short,Umbrella,0.35,0.83,20,0,0
396,Sunday,Office,Morning,Rainy,Short,Charger,0.55,0.805,13,1,0
396,Sunday,Office,Morning,Rainy,Short,Phone,0.98,0.847,16,0,0
396,Sunday,Office,Morning,Rainy,Short,Earphones,0.4,0.355,7,2,1
396,Sunday,Office,Morning,Rainy,Short,Notebook,0.5,0.539,6,0,0
396,Sunday,Office,Morning,Rainy,Short,Keys,0.93,0.572,10,0,1
397,Monday,Friends_House,Afternoon,Hot,Long,Phone,0.98,0.874,14,0,0
397,Monday,Friends_House,Afternoon,Hot,Long,Keys,0.93,0.617,5,0,0
397,Monday,Friends_House,Afternoon,Hot,Long,Water_Bottle,0.45,0.675,6,1,0
397,Monday,Friends_House,Afternoon,Hot,Long,Wallet,0.95,0.517,9,0,1
398,Tuesday,Family_Event,Afternoon,Hot,Short,Charger,0.55,0.279,3,4,1
398,Tuesday,Family_Event,Afternoon,Hot,Short,Keys,0.93,0.452,13,0,1
398,Tuesday,Family_Event,Afternoon,Hot,Short,Phone,0.98,0.744,9,0,0
398,Tuesday,Family_Event,Afternoon,Hot,Short,Wallet,0.95,0.677,11,0,0
399,Tuesday,Family_Event,Morning,Cold,Short,Phone,0.98,0.797,9,0,0
399,Tuesday,Family_Event,Morning,Cold,Short,Water_Bottle,0.45,0.261,10,0,0
399,Tuesday,Family_Event,Morning,Cold,Short,Charger,0.55,0.361,5,0,1
399,Tuesday,Family_Event,Morning,Cold,Short,Umbrella,0.35,0.333,6,3,0
400,Wednesday,Office,Morning,Sunny,Long,Notebook,0.5,0.525,6,0,1
400,Wednesday,Office,Morning,Sunny,Long,Earphones,0.4,0.469,9,1,0
400,Wednesday,Office,Morning,Sunny,Long,Phone,0.98,0.934,13,1,0
400,Wednesday,Office,Morning,Sunny,Long,Charger,0.55,0.869,19,2,1
401,Sunday,Shopping,Night,Sunny,Short,Phone,0.98,0.86,11,0,0
401,Sunday,Shopping,Night,Sunny,Short,Earphones,0.4,0.322,8,2,1
401,Sunday,Shopping,Night,Sunny,Short,ID_Card,0.9,0.522,8,0,0
402,Saturday,Office,Morning,Rainy,Short,Wallet,0.95,0.746,9,0,0
402,Saturday,Office,Morning,Rainy,Short,ID_Card,0.9,0.853,7,0,0
402,Saturday,Office,Morning,Rainy,Short,Laptop,0.8,0.884,14,1,0
402,Saturday,Office,Morning,Rainy,Short,Phone,0.98,0.869,15,0,0
402,Saturday,Office,Morning,Rainy,Short,Water_Bottle,0.45,0.411,7,1,0
402,Saturday,Office,Morning,Rainy,Short,Umbrella,0.35,0.737,12,2,0
402,Saturday,Office,Morning,Rainy,Short,Keys,0.93,0.62,8,0,1
402,Saturday,Office,Morning,Rainy,Short,Notebook,0.5,0.475,9,0,1
403,Wednesday,Office,Afternoon,Cloudy,Short,Wallet,0.95,0.668,14,0,0
403,Wednesday,Office,Afternoon,Cloudy,Short,ID_Card,0.9,0.838,12,0,1
403,Wednesday,Office,Afternoon,Cloudy,Short,Laptop,0.8,0.793,16,0,1
403,Wednesday,Office,Afternoon,Cloudy,Short,Keys,0.93,0.598,12,0,0
403,Wednesday,Office,Afternoon,Cloudy,Short,Charger,0.55,0.837,18,0,0
404,Sunday,College,Evening,Sunny,Medium,ID_Card,0.9,0.868,13,0,0
404,Sunday,College,Evening,Sunny,Medium,Water_Bottle,0.45,0.653,10,0,1
404,Sunday,College,Evening,Sunny,Medium,Charger,0.55,0.915,15,2,1
404,Sunday,College,Evening,Sunny,Medium,Laptop,0.8,0.919,11,0,0
404,Sunday,College,Evening,Sunny,Medium,Earphones,0.4,0.595,15,1,1
404,Sunday,College,Evening,Sunny,Medium,Notebook,0.5,0.944,18,0,0
404,Sunday,College,Evening,Sunny,Medium,Phone,0.98,0.929,8,0,0
405,Thursday,Other,Morning,Sunny,Long,Charger,0.55,0.378,12,3,1
405,Thursday,Other,Morning,Sunny,Long,Laptop,0.8,0.292,2,2,1
405,Thursday,Other,Morning,Sunny,Long,Wallet,0.95,0.557,11,0,0
405,Thursday,Other,Morning,Sunny,Long,ID_Card,0.9,0.36,6,0,0
406,Thursday,Family_Event,Afternoon,Cloudy,Short,Notebook,0.5,0.072,2,3,0
406,Thursday,Family_Event,Afternoon,Cloudy,Short,Wallet,0.95,0.554,11,0,1
407,Thursday,Friends_House,Night,Sunny,Short,Phone,0.98,0.874,10,0,1
407,Thursday,Friends_House,Night,Sunny,Short,Wallet,0.95,0.447,6,1,1
408,Tuesday,Shopping,Afternoon,Sunny,Medium,Phone,0.98,0.796,15,0,0
408,Tuesday,Shopping,Afternoon,Sunny,Medium,Earphones,0.4,0.256,2,3,1
408,Tuesday,Shopping,Afternoon,Sunny,Medium,Keys,0.93,0.561,12,0,0
409,Sunday,Shopping,Morning,Cold,Long,Wallet,0.95,0.99,18,0,0
409,Sunday,Shopping,Morning,Cold,Long,ID_Card,0.9,0.514,9,1,0
409,Sunday,Shopping,Morning,Cold,Long,Keys,0.93,0.649,10,0,0
409,Sunday,Shopping,Morning,Cold,Long,Phone,0.98,0.773,12,0,0
410,Monday,Shopping,Morning,Cloudy,Short,ID_Card,0.9,0.492,8,0,1
410,Monday,Shopping,Morning,Cloudy,Short,Laptop,0.8,0.183,5,2,0
410,Monday,Shopping,Morning,Cloudy,Short,Keys,0.93,0.557,10,0,0
410,Monday,Shopping,Morning,Cloudy,Short,Phone,0.98,0.881,14,0,0
410,Monday,Shopping,Morning,Cloudy,Short,Wallet,0.95,0.896,10,0,0
410,Monday,Shopping,Morning,Cloudy,Short,Umbrella,0.35,0.417,10,0,0
410,Monday,Shopping,Morning,Cloudy,Short,Water_Bottle,0.45,0.265,10,2,1
411,Tuesday,Shopping,Night,Cold,Long,Phone,0.98,0.944,18,0,0
412,Tuesday,Gym,Morning,Cold,Long,Earphones,0.4,0.945,12,1,1
412,Tuesday,Gym,Morning,Cold,Long,ID_Card,0.9,0.304,2,0,0
412,Tuesday,Gym,Morning,Cold,Long,Water_Bottle,0.45,0.95,13,1,1
413,Tuesday,College,Afternoon,Sunny,Short,Phone,0.98,0.99,29,0,0
413,Tuesday,College,Afternoon,Sunny,Short,ID_Card,0.9,0.9,10,1,0
413,Tuesday,College,Afternoon,Sunny,Short,Keys,0.93,0.607,8,0,0
413,Tuesday,College,Afternoon,Sunny,Short,Earphones,0.4,0.588,5,2,0
413,Tuesday,College,Afternoon,Sunny,Short,Charger,0.55,0.861,13,1,0
414,Monday,College,Morning,Hot,Long,Earphones,0.4,0.542,5,1,0
414,Monday,College,Morning,Hot,Long,Notebook,0.5,0.958,15,0,0
414,Monday,College,Morning,Hot,Long,Charger,0.55,0.815,12,1,1
414,Monday,College,Morning,Hot,Long,Keys,0.93,0.581,10,0,0
414,Monday,College,Morning,Hot,Long,ID_Card,0.9,0.893,19,0,0
414,Monday,College,Morning,Hot,Long,Laptop,0.8,0.918,20,0,1
414,Monday,College,Morning,Hot,Long,Water_Bottle,0.45,0.956,14,0,1
414,Monday,College,Morning,Hot,Long,Phone,0.98,0.831,26,0,0
414,Monday,College,Morning,Hot,Long,Wallet,0.95,0.721,12,0,1
415,Monday,Other,Afternoon,Rainy,Medium,Phone,0.98,0.81,13,0,0
415,Monday,Other,Afternoon,Rainy,Medium,Wallet,0.95,0.608,13,0,0
415,Monday,Other,Afternoon,Rainy,Medium,Charger,0.55,0.396,6,1,0
415,Monday,Other,Afternoon,Rainy,Medium,Keys,0.93,0.567,7,0,1
415,Monday,Other,Afternoon,Rainy,Medium,ID_Card,0.9,0.335,5,1,1
415,Monday,Other,Afternoon,Rainy,Medium,Umbrella,0.35,0.892,9,1,0
416,Friday,Shopping,Night,Rainy,Medium,Water_Bottle,0.45,0.274,2,1,1
416,Friday,Shopping,Night,Rainy,Medium,Wallet,0.95,0.882,12,0,0
416,Friday,Shopping,Night,Rainy,Medium,Phone,0.98,0.9,11,0,0
416,Friday,Shopping,Night,Rainy,Medium,Umbrella,0.35,0.823,14,1,0
417,Sunday,Other,Afternoon,Sunny,Medium,Water_Bottle,0.45,0.361,7,3,0
417,Sunday,Other,Afternoon,Sunny,Medium,ID_Card,0.9,0.411,7,0,0
417,Sunday,Other,Afternoon,Sunny,Medium,Wallet,0.95,0.669,13,0,0
418,Monday,College,Night,Sunny,Long,ID_Card,0.9,0.947,12,0,0
418,Monday,College,Night,Sunny,Long,Earphones,0.4,0.498,13,0,1
418,Monday,College,Night,Sunny,Long,Phone,0.98,0.827,21,0,0
418,Monday,College,Night,Sunny,Long,Water_Bottle,0.45,0.651,12,1,1
418,Monday,College,Night,Sunny,Long,Notebook,0.5,0.938,10,3,0
418,Monday,College,Night,Sunny,Long,Wallet,0.95,0.712,13,0,0
418,Monday,College,Night,Sunny,Long,Charger,0.55,0.816,8,3,0
419,Wednesday,Shopping,Morning,Sunny,Medium,Wallet,0.95,0.891,9,0,0
419,Wednesday,Shopping,Morning,Sunny,Medium,Earphones,0.4,0.317,9,1,1
419,Wednesday,Shopping,Morning,Sunny,Medium,ID_Card,0.9,0.496,7,1,0
420,Thursday,Office,Afternoon,Rainy,Medium,ID_Card,0.9,0.882,19,0,1
420,Thursday,Office,Afternoon,Rainy,Medium,Notebook,0.5,0.54,13,0,0
420,Thursday,Office,Afternoon,Rainy,Medium,Umbrella,0.35,0.817,11,1,0
420,Thursday,Office,Afternoon,Rainy,Medium,Earphones,0.4,0.423,11,1,1
420,Thursday,Office,Afternoon,Rainy,Medium,Charger,0.55,0.714,15,1,0
420,Thursday,Office,Afternoon,Rainy,Medium,Phone,0.98,0.908,19,0,0
421,Sunday,Office,Evening,Cold,Long,Phone,0.98,0.915,11,0,0
421,Sunday,Office,Evening,Cold,Long,Laptop,0.8,0.855,8,1,0
421,Sunday,Office,Evening,Cold,Long,Notebook,0.5,0.543,9,0,1
421,Sunday,Office,Evening,Cold,Long,ID_Card,0.9,0.794,14,0,0
421,Sunday,Office,Evening,Cold,Long,Charger,0.55,0.83,16,2,1
422,Friday,College,Afternoon,Rainy,Medium,Keys,0.93,0.652,8,0,0
422,Friday,College,Afternoon,Rainy,Medium,Laptop,0.8,0.83,12,0,1
422,Friday,College,Afternoon,Rainy,Medium,Charger,0.55,0.836,12,0,1
422,Friday,College,Afternoon,Rainy,Medium,Umbrella,0.35,0.844,19,0,0
422,Friday,College,Afternoon,Rainy,Medium,ID_Card,0.9,0.908,6,0,0
422,Friday,College,Afternoon,Rainy,Medium,Water_Bottle,0.45,0.608,11,1,1
422,Friday,College,Afternoon,Rainy,Medium,Phone,0.98,0.985,12,0,0
423,Saturday,College,Morning,Hot,Long,Phone,0.98,0.941,16,0,0
423,Saturday,College,Morning,Hot,Long,Laptop,0.8,0.936,18,0,0
423,Saturday,College,Morning,Hot,Long,Water_Bottle,0.45,0.859,8,1,1
423,Saturday,College,Morning,Hot,Long,Charger,0.55,0.706,17,0,1
423,Saturday,College,Morning,Hot,Long,Wallet,0.95,0.746,15,0,0
423,Saturday,College,Morning,Hot,Long,Notebook,0.5,0.974,8,0,1
423,Saturday,College,Morning,Hot,Long,ID_Card,0.9,0.846,13,0,0
424,Friday,Other,Evening,Cold,Long,Charger,0.55,0.33,5,1,1
424,Friday,Other,Evening,Cold,Long,Phone,0.98,0.781,5,0,0
424,Friday,Other,Evening,Cold,Long,Laptop,0.8,0.395,11,2,0
425,Wednesday,Office,Afternoon,Rainy,Short,Wallet,0.95,0.715,14,0,0
425,Wednesday,Office,Afternoon,Rainy,Short,ID_Card,0.9,0.844,12,1,0
425,Wednesday,Office,Afternoon,Rainy,Short,Charger,0.55,0.783,9,0,0
425,Wednesday,Office,Afternoon,Rainy,Short,Phone,0.98,0.846,12,0,0
425,Wednesday,Office,Afternoon,Rainy,Short,Notebook,0.5,0.582,8,0,0
425,Wednesday,Office,Afternoon,Rainy,Short,Laptop,0.8,0.888,20,0,0
425,Wednesday,Office,Afternoon,Rainy,Short,Earphones,0.4,0.459,7,2,1
425,Wednesday,Office,Afternoon,Rainy,Short,Keys,0.93,0.593,4,0,0
426,Tuesday,Travel,Afternoon,Sunny,Short,Phone,0.98,0.99,11,0,0
426,Tuesday,Travel,Afternoon,Sunny,Short,ID_Card,0.9,0.924,16,2,0
426,Tuesday,Travel,Afternoon,Sunny,Short,Wallet,0.95,0.88,11,0,0
426,Tuesday,Travel,Afternoon,Sunny,Short,Charger,0.55,0.89,13,1,0
427,Sunday,Gym,Night,Cold,Medium,Wallet,0.95,0.205,6,0,1
427,Sunday,Gym,Night,Cold,Medium,Charger,0.55,0.185,2,0,1
427,Sunday,Gym,Night,Cold,Medium,Earphones,0.4,0.808,9,2,0
428,Saturday,Gym,Morning,Cloudy,Long,ID_Card,0.9,0.212,8,0,1
429,Monday,Shopping,Morning,Sunny,Short,Wallet,0.95,0.941,15,0,0
429,Monday,Shopping,Morning,Sunny,Short,Phone,0.98,0.876,19,0,0
429,Monday,Shopping,Morning,Sunny,Short,ID_Card,0.9,0.57,10,0,0
430,Saturday,College,Morning,Rainy,Medium,Notebook,0.5,0.924,13,1,1
430,Saturday,College,Morning,Rainy,Medium,Charger,0.55,0.846,15,1,0
430,Saturday,College,Morning,Rainy,Medium,Keys,0.93,0.514,6,0,1
430,Saturday,College,Morning,Rainy,Medium,Umbrella,0.35,0.87,17,2,0
430,Saturday,College,Morning,Rainy,Medium,ID_Card,0.9,0.93,14,0,0
430,Saturday,College,Morning,Rainy,Medium,Water_Bottle,0.45,0.587,12,2,1
430,Saturday,College,Morning,Rainy,Medium,Laptop,0.8,0.818,12,2,1
430,Saturday,College,Morning,Rainy,Medium,Wallet,0.95,0.757,13,0,1
431,Monday,Other,Afternoon,Cold,Short,Phone,0.98,0.859,13,0,0
431,Monday,Other,Afternoon,Cold,Short,Laptop,0.8,0.338,4,1,1
431,Monday,Other,Afternoon,Cold,Short,Earphones,0.4,0.384,8,1,1
432,Saturday,Family_Event,Morning,Sunny,Short,ID_Card,0.9,0.307,8,1,1
433,Saturday,Friends_House,Evening,Cloudy,Medium,Phone,0.98,0.89,12,0,0
433,Saturday,Friends_House,Evening,Cloudy,Medium,Earphones,0.4,0.448,16,0,0
433,Saturday,Friends_House,Evening,Cloudy,Medium,Keys,0.93,0.598,6,0,1
434,Monday,Gym,Morning,Sunny,Short,Water_Bottle,0.45,0.99,22,1,0
434,Monday,Gym,Morning,Sunny,Short,Notebook,0.5,0.027,4,1,1
434,Monday,Gym,Morning,Sunny,Short,Earphones,0.4,0.885,7,1,1
434,Monday,Gym,Morning,Sunny,Short,Wallet,0.95,0.336,9,0,1
435,Thursday,College,Evening,Sunny,Long,Laptop,0.8,0.923,11,0,0
435,Thursday,College,Evening,Sunny,Long,Wallet,0.95,0.825,10,0,0
435,Thursday,College,Evening,Sunny,Long,Phone,0.98,0.926,17,0,1
435,Thursday,College,Evening,Sunny,Long,Water_Bottle,0.45,0.693,10,0,1
435,Thursday,College,Evening,Sunny,Long,Charger,0.55,0.881,9,3,1
435,Thursday,College,Evening,Sunny,Long,ID_Card,0.9,0.816,9,0,0
435,Thursday,College,Evening,Sunny,Long,Notebook,0.5,0.928,18,2,0
435,Thursday,College,Evening,Sunny,Long,Keys,0.93,0.676,6,0,0
436,Monday,Other,Morning,Sunny,Short,Keys,0.93,0.582,14,0,0
436,Monday,Other,Morning,Sunny,Short,Earphones,0.4,0.386,10,1,1
436,Monday,Other,Morning,Sunny,Short,Phone,0.98,0.83,14,0,0
436,Monday,Other,Morning,Sunny,Short,ID_Card,0.9,0.435,7,1,1
436,Monday,Other,Morning,Sunny,Short,Wallet,0.95,0.6,6,0,0
437,Thursday,Office,Afternoon,Hot,Long,Charger,0.55,0.839,9,3,1
437,Thursday,Office,Afternoon,Hot,Long,Wallet,0.95,0.649,16,0,1
437,Thursday,Office,Afternoon,Hot,Long,ID_Card,0.9,0.892,10,0,0
437,Thursday,Office,Afternoon,Hot,Long,Phone,0.98,0.931,14,0,0
437,Thursday,Office,Afternoon,Hot,Long,Notebook,0.5,0.643,16,3,1
437,Thursday,Office,Afternoon,Hot,Long,Laptop,0.8,0.895,8,0,0
438,Sunday,College,Morning,Cold,Short,Umbrella,0.35,0.295,7,2,1
438,Sunday,College,Morning,Cold,Short,Earphones,0.4,0.609,13,1,1
438,Sunday,College,Morning,Cold,Short,Laptop,0.8,0.975,15,1,0
438,Sunday,College,Morning,Cold,Short,Phone,0.98,0.899,10,0,0
438,Sunday,College,Morning,Cold,Short,Keys,0.93,0.669,13,0,0
438,Sunday,College,Morning,Cold,Short,Notebook,0.5,0.983,18,0,1
439,Monday,Office,Evening,Sunny,Long,ID_Card,0.9,0.856,14,0,0
439,Monday,Office,Evening,Sunny,Long,Charger,0.55,0.837,14,0,1
439,Monday,Office,Evening,Sunny,Long,Water_Bottle,0.45,0.607,8,2,1
439,Monday,Office,Evening,Sunny,Long,Wallet,0.95,0.658,15,0,0
439,Monday,Office,Evening,Sunny,Long,Phone,0.98,0.898,7,0,0
440,Wednesday,Friends_House,Afternoon,Sunny,Medium,Phone,0.98,0.893,12,0,0
440,Wednesday,Friends_House,Afternoon,Sunny,Medium,Keys,0.93,0.611,7,0,0
440,Wednesday,Friends_House,Afternoon,Sunny,Medium,Wallet,0.95,0.492,6,0,0
440,Wednesday,Friends_House,Afternoon,Sunny,Medium,Laptop,0.8,0.176,8,0,1
441,Sunday,Travel,Afternoon,Sunny,Short,Keys,0.93,0.488,2,0,0
441,Sunday,Travel,Afternoon,Sunny,Short,Notebook,0.5,0.245,5,4,1
441,Sunday,Travel,Afternoon,Sunny,Short,ID_Card,0.9,0.898,15,0,0
441,Sunday,Travel,Afternoon,Sunny,Short,Charger,0.55,0.98,13,2,1
442,Wednesday,Friends_House,Evening,Sunny,Short,Keys,0.93,0.545,11,0,0
442,Wednesday,Friends_House,Evening,Sunny,Short,Wallet,0.95,0.519,11,0,1
443,Monday,Friends_House,Afternoon,Rainy,Short,Umbrella,0.35,0.835,16,1,1
443,Monday,Friends_House,Afternoon,Rainy,Short,Keys,0.93,0.556,4,1,1
443,Monday,Friends_House,Afternoon,Rainy,Short,Earphones,0.4,0.285,5,2,0
443,Monday,Friends_House,Afternoon,Rainy,Short,Laptop,0.8,0.118,9,0,1
444,Thursday,Office,Morning,Rainy,Medium,Charger,0.55,0.817,12,6,0
444,Thursday,Office,Morning,Rainy,Medium,Earphones,0.4,0.486,9,0,0
444,Thursday,Office,Morning,Rainy,Medium,Notebook,0.5,0.544,9,1,0
444,Thursday,Office,Morning,Rainy,Medium,Laptop,0.8,0.889,11,0,0
444,Thursday,Office,Morning,Rainy,Medium,Umbrella,0.35,0.806,14,3,1
444,Thursday,Office,Morning,Rainy,Medium,Keys,0.93,0.627,9,1,0
444,Thursday,Office,Morning,Rainy,Medium,ID_Card,0.9,0.796,14,0,1
445,Thursday,Other,Night,Rainy,Long,Wallet,0.95,0.595,5,0,1
445,Thursday,Other,Night,Rainy,Long,Umbrella,0.35,0.978,11,1,1
445,Thursday,Other,Night,Rainy,Long,Phone,0.98,0.784,21,0,0
446,Friday,Gym,Morning,Cloudy,Medium,Earphones,0.4,0.802,10,2,1
446,Friday,Gym,Morning,Cloudy,Medium,Water_Bottle,0.45,0.911,9,4,1
446,Friday,Gym,Morning,Cloudy,Medium,Umbrella,0.35,0.339,6,0,1
446,Friday,Gym,Morning,Cloudy,Medium,Phone,0.98,0.662,8,0,0
447,Wednesday,Travel,Morning,Rainy,Medium,Phone,0.98,0.87,14,0,0
447,Wednesday,Travel,Morning,Rainy,Medium,Water_Bottle,0.45,0.538,11,2,1
447,Wednesday,Travel,Morning,Rainy,Medium,Laptop,0.8,0.52,12,1,1
447,Wednesday,Travel,Morning,Rainy,Medium,Earphones,0.4,0.56,10,1,0
447,Wednesday,Travel,Morning,Rainy,Medium,ID_Card,0.9,0.933,17,1,1
448,Sunday,College,Afternoon,Sunny,Medium,Notebook,0.5,0.89,13,1,0
448,Sunday,College,Afternoon,Sunny,Medium,Water_Bottle,0.45,0.543,6,0,0
448,Sunday,College,Afternoon,Sunny,Medium,Wallet,0.95,0.761,11,0,0
448,Sunday,College,Afternoon,Sunny,Medium,Laptop,0.8,0.824,8,0,0
449,Thursday,Other,Morning,Sunny,Medium,Water_Bottle,0.45,0.332,3,1,1
449,Thursday,Other,Morning,Sunny,Medium,Phone,0.98,0.736,7,0,0
449,Thursday,Other,Morning,Sunny,Medium,Keys,0.93,0.534,9,1,0
449,Thursday,Other,Morning,Sunny,Medium,Laptop,0.8,0.288,6,2,1
449,Thursday,Other,Morning,Sunny,Medium,Wallet,0.95,0.674,10,1,0
449,Thursday,Other,Morning,Sunny,Medium,Notebook,0.5,0.166,9,1,1
450,Wednesday,Office,Morning,Cold,Medium,Phone,0.98,0.819,9,0,0
450,Wednesday,Office,Morning,Cold,Medium,Charger,0.55,0.735,10,1,1
450,Wednesday,Office,Morning,Cold,Medium,Wallet,0.95,0.734,16,0,0
450,Wednesday,Office,Morning,Cold,Medium,Notebook,0.5,0.523,10,0,0
450,Wednesday,Office,Morning,Cold,Medium,ID_Card,0.9,0.778,11,0,0
451,Sunday,College,Evening,Hot,Medium,ID_Card,0.9,0.881,14,0,0
451,Sunday,College,Evening,Hot,Medium,Earphones,0.4,0.419,10,1,1
451,Sunday,College,Evening,Hot,Medium,Phone,0.98,0.911,6,0,0
451,Sunday,College,Evening,Hot,Medium,Wallet,0.95,0.715,15,0,0
451,Sunday,College,Evening,Hot,Medium,Umbrella,0.35,0.177,7,1,1
451,Sunday,College,Evening,Hot,Medium,Charger,0.55,0.892,12,3,1
451,Sunday,College,Evening,Hot,Medium,Keys,0.93,0.575,14,1,0
452,Sunday,Gym,Morning,Cold,Medium,Earphones,0.4,0.832,14,1,1
452,Sunday,Gym,Morning,Cold,Medium,Laptop,0.8,0.063,1,0,1
452,Sunday,Gym,Morning,Cold,Medium,Water_Bottle,0.45,0.795,7,3,0
453,Thursday,College,Evening,Cold,Long,Laptop,0.8,0.936,12,2,1
453,Thursday,College,Evening,Cold,Long,Wallet,0.95,0.71,8,0,1
453,Thursday,College,Evening,Cold,Long,Notebook,0.5,0.967,8,0,0
453,Thursday,College,Evening,Cold,Long,ID_Card,0.9,0.898,9,1,1
453,Thursday,College,Evening,Cold,Long,Phone,0.98,0.925,11,0,0
453,Thursday,College,Evening,Cold,Long,Charger,0.55,0.811,7,2,0
453,Thursday,College,Evening,Cold,Long,Water_Bottle,0.45,0.423,6,1,1
454,Monday,College,Night,Rainy,Short,Keys,0.93,0.7,10,0,0
454,Monday,College,Night,Rainy,Short,Laptop,0.8,0.825,13,1,1
454,Monday,College,Night,Rainy,Short,Wallet,0.95,0.733,4,0,0
454,Monday,College,Night,Rainy,Short,Notebook,0.5,0.848,8,1,0
454,Monday,College,Night,Rainy,Short,ID_Card,0.9,0.87,13,3,0
454,Monday,College,Night,Rainy,Short,Water_Bottle,0.45,0.573,15,1,0
454,Monday,College,Night,Rainy,Short,Umbrella,0.35,0.826,20,1,0
455,Friday,Travel,Afternoon,Cold,Short,Notebook,0.5,0.212,6,1,0
455,Friday,Travel,Afternoon,Cold,Short,Phone,0.98,0.95,13,0,0
455,Friday,Travel,Afternoon,Cold,Short,Umbrella,0.35,0.334,4,4,1
455,Friday,Travel,Afternoon,Cold,Short,ID_Card,0.9,0.99,14,0,1
455,Friday,Travel,Afternoon,Cold,Short,Wallet,0.95,0.856,12,0,0
455,Friday,Travel,Afternoon,Cold,Short,Keys,0.93,0.414,6,0,0
455,Friday,Travel,Afternoon,Cold,Short,Water_Bottle,0.45,0.493,7,2,0
456,Thursday,Gym,Evening,Cloudy,Short,Umbrella,0.35,0.3,7,0,0
456,Thursday,Gym,Evening,Cloudy,Short,Water_Bottle,0.45,0.906,14,2,0
456,Thursday,Gym,Evening,Cloudy,Short,Phone,0.98,0.689,11,0,0
456,Thursday,Gym,Evening,Cloudy,Short,Earphones,0.4,0.827,14,1,0
456,Thursday,Gym,Evening,Cloudy,Short,Wallet,0.95,0.373,7,0,0
457,Tuesday,Other,Evening,Sunny,Medium,Charger,0.55,0.441,8,0,0
457,Tuesday,Other,Evening,Sunny,Medium,Earphones,0.4,0.356,9,2,1
457,Tuesday,Other,Evening,Sunny,Medium,Phone,0.98,0.812,12,0,0
457,Tuesday,Other,Evening,Sunny,Medium,Notebook,0.5,0.209,5,0,0
458,Friday,Office,Night,Sunny,Short,Keys,0.93,0.555,7,0,0
458,Friday,Office,Night,Sunny,Short,Charger,0.55,0.754,9,3,0
458,Friday,Office,Night,Sunny,Short,Phone,0.98,0.918,14,1,0
458,Friday,Office,Night,Sunny,Short,Notebook,0.5,0.53,12,1,1
458,Friday,Office,Night,Sunny,Short,ID_Card,0.9,0.852,11,0,0
458,Friday,Office,Night,Sunny,Short,Laptop,0.8,0.765,17,0,0
458,Friday,Office,Night,Sunny,Short,Wallet,0.95,0.632,6,0,0
458,Friday,Office,Night,Sunny,Short,Umbrella,0.35,0.09,5,3,1
458,Friday,Office,Night,Sunny,Short,Water_Bottle,0.45,0.475,12,2,1
459,Saturday,Friends_House,Morning,Sunny,Long,Phone,0.98,0.794,11,1,0
459,Saturday,Friends_House,Morning,Sunny,Long,Wallet,0.95,0.538,5,0,0
460,Monday,Gym,Morning,Sunny,Medium,Keys,0.93,0.485,13,0,0
460,Monday,Gym,Morning,Sunny,Medium,Water_Bottle,0.45,0.798,15,0,0
460,Monday,Gym,Morning,Sunny,Medium,Earphones,0.4,0.827,10,1,0
461,Saturday,Travel,Afternoon,Cloudy,Medium,Laptop,0.8,0.562,12,1,1
461,Saturday,Travel,Afternoon,Cloudy,Medium,Earphones,0.4,0.652,8,1,0
461,Saturday,Travel,Afternoon,Cloudy,Medium,Water_Bottle,0.45,0.52,8,1,1
461,Saturday,Travel,Afternoon,Cloudy,Medium,ID_Card,0.9,0.99,20,0,0
461,Saturday,Travel,Afternoon,Cloudy,Medium,Wallet,0.95,0.916,17,0,0
461,Saturday,Travel,Afternoon,Cloudy,Medium,Keys,0.93,0.372,9,0,0
462,Monday,Travel,Afternoon,Hot,Medium,Phone,0.98,0.958,14,0,0
462,Monday,Travel,Afternoon,Hot,Medium,Laptop,0.8,0.538,9,2,1
462,Monday,Travel,Afternoon,Hot,Medium,ID_Card,0.9,0.94,13,1,0
462,Monday,Travel,Afternoon,Hot,Medium,Water_Bottle,0.45,0.816,9,0,0
462,Monday,Travel,Afternoon,Hot,Medium,Charger,0.55,0.99,12,1,0
463,Saturday,Gym,Morning,Hot,Short,Phone,0.98,0.71,16,0,0
463,Saturday,Gym,Morning,Hot,Short,Water_Bottle,0.45,0.99,16,0,0
463,Saturday,Gym,Morning,Hot,Short,Notebook,0.5,0.077,2,4,0
463,Saturday,Gym,Morning,Hot,Short,Earphones,0.4,0.894,16,2,1
464,Wednesday,Other,Afternoon,Rainy,Long,Laptop,0.8,0.323,7,0,1
464,Wednesday,Other,Afternoon,Rainy,Long,Water_Bottle,0.45,0.363,8,1,1
464,Wednesday,Other,Afternoon,Rainy,Long,Notebook,0.5,0.138,3,3,1
464,Wednesday,Other,Afternoon,Rainy,Long,Phone,0.98,0.844,8,0,1
465,Monday,Office,Morning,Sunny,Short,Phone,0.98,0.915,9,0,0
465,Monday,Office,Morning,Sunny,Short,Water_Bottle,0.45,0.517,5,1,0
465,Monday,Office,Morning,Sunny,Short,Wallet,0.95,0.695,13,0,0
465,Monday,Office,Morning,Sunny,Short,Laptop,0.8,0.783,10,1,0
466,Sunday,College,Night,Hot,Medium,Charger,0.55,0.784,19,1,0
466,Sunday,College,Night,Hot,Medium,Wallet,0.95,0.707,9,0,0
466,Sunday,College,Night,Hot,Medium,ID_Card,0.9,0.943,14,1,0
466,Sunday,College,Night,Hot,Medium,Notebook,0.5,0.908,7,3,1
467,Tuesday,Travel,Morning,Cloudy,Long,Wallet,0.95,0.874,15,0,0
467,Tuesday,Travel,Morning,Cloudy,Long,Earphones,0.4,0.54,8,2,0
467,Tuesday,Travel,Morning,Cloudy,Long,Charger,0.55,0.86,7,3,0
467,Tuesday,Travel,Morning,Cloudy,Long,Keys,0.93,0.383,8,0,1
467,Tuesday,Travel,Morning,Cloudy,Long,Umbrella,0.35,0.415,6,1,1
467,Tuesday,Travel,Morning,Cloudy,Long,ID_Card,0.9,0.918,13,1,0
467,Tuesday,Travel,Morning,Cloudy,Long,Phone,0.98,0.99,17,0,0
468,Friday,Family_Event,Morning,Sunny,Medium,Water_Bottle,0.45,0.37,12,0,0
468,Friday,Family_Event,Morning,Sunny,Medium,Phone,0.98,0.732,19,0,0
469,Tuesday,College,Morning,Sunny,Long,ID_Card,0.9,0.887,12,1,0
470,Sunday,Gym,Morning,Cloudy,Short,Earphones,0.4,0.883,9,0,0
470,Sunday,Gym,Morning,Cloudy,Short,Wallet,0.95,0.284,4,0,0
470,Sunday,Gym,Morning,Cloudy,Short,Phone,0.98,0.622,15,1,0
471,Saturday,Family_Event,Morning,Sunny,Long,Phone,0.98,0.844,18,0,0
471,Saturday,Family_Event,Morning,Sunny,Long,Umbrella,0.35,0.186,5,0,1
471,Saturday,Family_Event,Morning,Sunny,Long,Charger,0.55,0.274,7,1,1
472,Saturday,Friends_House,Morning,Hot,Medium,ID_Card,0.9,0.352,7,0,1
473,Thursday,Other,Morning,Hot,Medium,Wallet,0.95,0.638,9,0,1
473,Thursday,Other,Morning,Hot,Medium,ID_Card,0.9,0.465,9,0,0
473,Thursday,Other,Morning,Hot,Medium,Water_Bottle,0.45,0.671,13,0,1
473,Thursday,Other,Morning,Hot,Medium,Keys,0.93,0.501,12,0,0
474,Thursday,Shopping,Morning,Rainy,Short,Phone,0.98,0.821,4,1,0
474,Thursday,Shopping,Morning,Rainy,Short,Earphones,0.4,0.251,4,1,1
474,Thursday,Shopping,Morning,Rainy,Short,ID_Card,0.9,0.49,9,1,1
474,Thursday,Shopping,Morning,Rainy,Short,Wallet,0.95,0.932,12,1,0
474,Thursday,Shopping,Morning,Rainy,Short,Umbrella,0.35,0.755,17,1,0
474,Thursday,Shopping,Morning,Rainy,Short,Laptop,0.8,0.093,5,0,0
475,Friday,Travel,Afternoon,Sunny,Short,Notebook,0.5,0.286,5,0,1
475,Friday,Travel,Afternoon,Sunny,Short,ID_Card,0.9,0.99,14,0,0
475,Friday,Travel,Afternoon,Sunny,Short,Water_Bottle,0.45,0.5,11,4,1
475,Friday,Travel,Afternoon,Sunny,Short,Phone,0.98,0.983,19,0,0
475,Friday,Travel,Afternoon,Sunny,Short,Keys,0.93,0.398,5,1,1
475,Friday,Travel,Afternoon,Sunny,Short,Laptop,0.8,0.578,13,1,1
476,Saturday,Office,Afternoon,Hot,Medium,Wallet,0.95,0.755,16,0,0
476,Saturday,Office,Afternoon,Hot,Medium,Laptop,0.8,0.852,13,0,0
476,Saturday,Office,Afternoon,Hot,Medium,ID_Card,0.9,0.856,9,0,0
476,Saturday,Office,Afternoon,Hot,Medium,Keys,0.93,0.513,8,0,0
477,Saturday,Other,Morning,Rainy,Short,Keys,0.93,0.464,15,0,0
477,Saturday,Other,Morning,Rainy,Short,ID_Card,0.9,0.336,7,2,0
477,Saturday,Other,Morning,Rainy,Short,Umbrella,0.35,0.808,21,3,0
478,Monday,Gym,Morning,Sunny,Medium,Water_Bottle,0.45,0.908,19,1,1
478,Monday,Gym,Morning,Sunny,Medium,Phone,0.98,0.729,13,0,0
479,Friday,Friends_House,Morning,Rainy,Long,Wallet,0.95,0.507,10,0,0
479,Friday,Friends_House,Morning,Rainy,Long,Umbrella,0.35,0.844,15,2,1
479,Friday,Friends_House,Morning,Rainy,Long,Water_Bottle,0.45,0.295,5,0,1
479,Friday,Friends_House,Morning,Rainy,Long,ID_Card,0.9,0.212,7,0,0
480,Monday,Gym,Morning,Cloudy,Long,Phone,0.98,0.721,9,0,0
480,Monday,Gym,Morning,Cloudy,Long,Earphones,0.4,0.867,13,1,1
481,Wednesday,Shopping,Morning,Cloudy,Short,Wallet,0.95,0.909,19,0,0
481,Wednesday,Shopping,Morning,Cloudy,Short,Earphones,0.4,0.262,1,1,0
481,Wednesday,Shopping,Morning,Cloudy,Short,Keys,0.93,0.491,12,0,0
482,Saturday,Friends_House,Evening,Sunny,Long,Phone,0.98,0.783,18,0,0
482,Saturday,Friends_House,Evening,Sunny,Long,Notebook,0.5,0.074,6,2,1
482,Saturday,Friends_House,Evening,Sunny,Long,Keys,0.93,0.604,11,0,0
482,Saturday,Friends_House,Evening,Sunny,Long,Laptop,0.8,0.113,7,3,0
482,Saturday,Friends_House,Evening,Sunny,Long,Water_Bottle,0.45,0.393,6,2,1
483,Tuesday,Shopping,Night,Rainy,Short,Phone,0.98,0.945,11,0,0
483,Tuesday,Shopping,Night,Rainy,Short,Umbrella,0.35,0.796,20,1,0
483,Tuesday,Shopping,Night,Rainy,Short,Keys,0.93,0.654,11,0,0
483,Tuesday,Shopping,Night,Rainy,Short,Water_Bottle,0.45,0.332,7,0,0
483,Tuesday,Shopping,Night,Rainy,Short,Wallet,0.95,0.986,12,0,0
484,Saturday,Other,Night,Sunny,Medium,Earphones,0.4,0.3,3,1,0
484,Saturday,Other,Night,Sunny,Medium,Wallet,0.95,0.599,11,0,0
485,Thursday,Gym,Afternoon,Sunny,Long,Earphones,0.4,0.8,11,3,1
485,Thursday,Gym,Afternoon,Sunny,Long,Phone,0.98,0.721,16,0,0
485,Thursday,Gym,Afternoon,Sunny,Long,ID_Card,0.9,0.144,4,1,1
485,Thursday,Gym,Afternoon,Sunny,Long,Wallet,0.95,0.223,5,0,0
486,Tuesday,Travel,Afternoon,Sunny,Short,Charger,0.55,0.93,20,1,0
486,Tuesday,Travel,Afternoon,Sunny,Short,Wallet,0.95,0.929,14,0,1
486,Tuesday,Travel,Afternoon,Sunny,Short,ID_Card,0.9,0.917,15,0,0
486,Tuesday,Travel,Afternoon,Sunny,Short,Umbrella,0.35,0.135,3,0,1
486,Tuesday,Travel,Afternoon,Sunny,Short,Earphones,0.4,0.571,16,0,0
487,Wednesday,Office,Morning,Cold,Short,Phone,0.98,0.933,9,0,0
487,Wednesday,Office,Morning,Cold,Short,Wallet,0.95,0.76,13,0,0
487,Wednesday,Office,Morning,Cold,Short,Umbrella,0.35,0.374,9,3,1
487,Wednesday,Office,Morning,Cold,Short,Earphones,0.4,0.437,6,0,0
487,Wednesday,Office,Morning,Cold,Short,Keys,0.93,0.686,21,0,0
487,Wednesday,Office,Morning,Cold,Short,Water_Bottle,0.45,0.376,15,1,0
487,Wednesday,Office,Morning,Cold,Short,Laptop,0.8,0.894,8,0,0
488,Thursday,Gym,Evening,Sunny,Short,Keys,0.93,0.551,6,0,0
489,Saturday,Gym,Evening,Cloudy,Medium,Keys,0.93,0.452,14,0,0
489,Saturday,Gym,Evening,Cloudy,Medium,Earphones,0.4,0.761,19,0,0
489,Saturday,Gym,Evening,Cloudy,Medium,Water_Bottle,0.45,0.839,16,0,0
490,Friday,College,Evening,Cloudy,Long,ID_Card,0.9,0.974,20,0,1
490,Friday,College,Evening,Cloudy,Long,Keys,0.93,0.61,10,0,1
490,Friday,College,Evening,Cloudy,Long,Notebook,0.5,0.927,17,0,0
490,Friday,College,Evening,Cloudy,Long,Laptop,0.8,0.99,20,1,0
490,Friday,College,Evening,Cloudy,Long,Earphones,0.4,0.538,11,2,0
490,Friday,College,Evening,Cloudy,Long,Umbrella,0.35,0.449,8,2,1
490,Friday,College,Evening,Cloudy,Long,Phone,0.98,0.944,15,0,0
491,Sunday,College,Evening,Cold,Short,Notebook,0.5,0.931,9,2,0
491,Sunday,College,Evening,Cold,Short,Earphones,0.4,0.486,13,0,1
491,Sunday,College,Evening,Cold,Short,Wallet,0.95,0.747,14,0,0
491,Sunday,College,Evening,Cold,Short,Keys,0.93,0.645,7,0,0
491,Sunday,College,Evening,Cold,Short,Phone,0.98,0.944,10,0,0
491,Sunday,College,Evening,Cold,Short,Laptop,0.8,0.923,11,0,0
491,Sunday,College,Evening,Cold,Short,Charger,0.55,0.871,7,4,0
492,Sunday,Travel,Afternoon,Rainy,Short,Keys,0.93,0.339,11,0,0
492,Sunday,Travel,Afternoon,Rainy,Short,Wallet,0.95,0.99,17,0,0
492,Sunday,Travel,Afternoon,Rainy,Short,Water_Bottle,0.45,0.59,5,1,1
492,Sunday,Travel,Afternoon,Rainy,Short,Charger,0.55,0.87,12,1,1
492,Sunday,Travel,Afternoon,Rainy,Short,ID_Card,0.9,0.946,22,0,0
492,Sunday,Travel,Afternoon,Rainy,Short,Umbrella,0.35,0.861,11,2,0
493,Saturday,Travel,Evening,Cold,Medium,Phone,0.98,0.976,16,0,0
493,Saturday,Travel,Evening,Cold,Medium,Earphones,0.4,0.609,9,2,1
493,Saturday,Travel,Evening,Cold,Medium,ID_Card,0.9,0.909,7,1,1
493,Saturday,Travel,Evening,Cold,Medium,Wallet,0.95,0.916,17,0,0
493,Saturday,Travel,Evening,Cold,Medium,Charger,0.55,0.854,12,1,0
494,Friday,Travel,Evening,Sunny,Short,Phone,0.98,0.821,13,0,0
494,Friday,Travel,Evening,Sunny,Short,Earphones,0.4,0.638,8,2,1
495,Wednesday,College,Morning,Sunny,Medium,ID_Card,0.9,0.882,6,0,0
495,Wednesday,College,Morning,Sunny,Medium,Laptop,0.8,0.86,13,1,1
495,Wednesday,College,Morning,Sunny,Medium,Charger,0.55,0.849,11,2,1
495,Wednesday,College,Morning,Sunny,Medium,Phone,0.98,0.864,15,0,0
496,Wednesday,Office,Night,Rainy,Long,ID_Card,0.9,0.842,12,0,0
496,Wednesday,Office,Night,Rainy,Long,Charger,0.55,0.759,11,1,0
496,Wednesday,Office,Night,Rainy,Long,Laptop,0.8,0.789,12,0,0
496,Wednesday,Office,Night,Rainy,Long,Umbrella,0.35,0.903,16,1,0
496,Wednesday,Office,Night,Rainy,Long,Water_Bottle,0.45,0.489,9,0,1
496,Wednesday,Office,Night,Rainy,Long,Wallet,0.95,0.748,11,0,0
496,Wednesday,Office,Night,Rainy,Long,Phone,0.98,0.892,12,0,0
496,Wednesday,Office,Night,Rainy,Long,Earphones,0.4,0.404,9,0,0
497,Monday,College,Morning,Cloudy,Medium,Charger,0.55,0.862,12,1,0
497,Monday,College,Morning,Cloudy,Medium,Wallet,0.95,0.738,13,0,0
497,Monday,College,Morning,Cloudy,Medium,Water_Bottle,0.45,0.608,9,2,0
497,Monday,College,Morning,Cloudy,Medium,Keys,0.93,0.651,11,0,0
497,Monday,College,Morning,Cloudy,Medium,Umbrella,0.35,0.469,13,0,1
497,Monday,College,Morning,Cloudy,Medium,Phone,0.98,0.788,12,0,0
497,Monday,College,Morning,Cloudy,Medium,Earphones,0.4,0.571,6,0,1
498,Wednesday,Friends_House,Night,Hot,Long,Phone,0.98,0.865,13,0,0
498,Wednesday,Friends_House,Night,Hot,Long,Umbrella,0.35,0.186,7,0,1
498,Wednesday,Friends_House,Night,Hot,Long,ID_Card,0.9,0.307,5,0,0
499,Sunday,Family_Event,Evening,Cold,Medium,Wallet,0.95,0.513,11,0,0
499,Sunday,Family_Event,Evening,Cold,Medium,Keys,0.93,0.549,11,0,0
500,Wednesday,Office,Morning,Cloudy,Long,Wallet,0.95,0.698,8,0,1
500,Wednesday,Office,Morning,Cloudy,Long,ID_Card,0.9,0.862,19,0,0
500,Wednesday,Office,Morning,Cloudy,Long,Phone,0.98,0.964,24,1,0
500,Wednesday,Office,Morning,Cloudy,Long,Charger,0.55,0.752,2,1,1
500,Wednesday,Office,Morning,Cloudy,Long,Laptop,0.8,0.907,19,0,1
500,Wednesday,Office,Morning,Cloudy,Long,Keys,0.93,0.645,6,0,0
501,Monday,Travel,Evening,Cold,Short,Earphones,0.4,0.569,12,1,0
501,Monday,Travel,Evening,Cold,Short,Wallet,0.95,0.908,21,0,0
501,Monday,Travel,Evening,Cold,Short,Umbrella,0.35,0.412,7,1,1
501,Monday,Travel,Evening,Cold,Short,Phone,0.98,0.952,11,0,0
501,Monday,Travel,Evening,Cold,Short,ID_Card,0.9,0.98,15,1,0
502,Friday,College,Morning,Rainy,Short,Water_Bottle,0.45,0.57,8,1,0
502,Friday,College,Morning,Rainy,Short,Earphones,0.4,0.543,10,2,1
502,Friday,College,Morning,Rainy,Short,Charger,0.55,0.791,13,2,1
502,Friday,College,Morning,Rainy,Short,Notebook,0.5,0.939,22,0,0
502,Friday,College,Morning,Rainy,Short,Laptop,0.8,0.933,11,1,1
502,Friday,College,Morning,Rainy,Short,Umbrella,0.35,0.857,10,2,1
502,Friday,College,Morning,Rainy,Short,ID_Card,0.9,0.946,14,0,0
503,Sunday,Office,Evening,Sunny,Medium,Laptop,0.8,0.861,17,1,0
503,Sunday,Office,Evening,Sunny,Medium,Wallet,0.95,0.669,7,0,1
503,Sunday,Office,Evening,Sunny,Medium,Notebook,0.5,0.59,10,0,1
503,Sunday,Office,Evening,Sunny,Medium,Keys,0.93,0.609,9,1,0
504,Sunday,College,Evening,Cloudy,Short,Earphones,0.4,0.47,11,1,1
504,Sunday,College,Evening,Cloudy,Short,Laptop,0.8,0.862,14,1,0
504,Sunday,College,Evening,Cloudy,Short,Notebook,0.5,0.87,18,0,0
504,Sunday,College,Evening,Cloudy,Short,Wallet,0.95,0.761,14,0,0
505,Tuesday,Office,Afternoon,Sunny,Long,Keys,0.93,0.581,11,0,1
505,Tuesday,Office,Afternoon,Sunny,Long,Phone,0.98,0.897,17,0,0
505,Tuesday,Office,Afternoon,Sunny,Long,Charger,0.55,0.807,11,0,1
505,Tuesday,Office,Afternoon,Sunny,Long,Laptop,0.8,0.876,11,1,0
505,Tuesday,Office,Afternoon,Sunny,Long,ID_Card,0.9,0.801,17,1,0
505,Tuesday,Office,Afternoon,Sunny,Long,Earphones,0.4,0.427,9,0,1
505,Tuesday,Office,Afternoon,Sunny,Long,Umbrella,0.35,0.053,10,2,1
505,Tuesday,Office,Afternoon,Sunny,Long,Wallet,0.95,0.745,9,0,0
506,Thursday,Travel,Evening,Hot,Medium,ID_Card,0.9,0.963,6,0,0
506,Thursday,Travel,Evening,Hot,Medium,Charger,0.55,0.878,12,0,0
506,Thursday,Travel,Evening,Hot,Medium,Earphones,0.4,0.6,16,3,0
506,Thursday,Travel,Evening,Hot,Medium,Phone,0.98,0.94,9,1,0
506,Thursday,Travel,Evening,Hot,Medium,Keys,0.93,0.335,1,1,0
507,Thursday,Other,Morning,Sunny,Long,Earphones,0.4,0.345,5,0,1
507,Thursday,Other,Morning,Sunny,Long,Wallet,0.95,0.635,8,0,0
508,Tuesday,Office,Morning,Cloudy,Short,Umbrella,0.35,0.426,9,0,0
508,Tuesday,Office,Morning,Cloudy,Short,Laptop,0.8,0.824,12,2,1
508,Tuesday,Office,Morning,Cloudy,Short,ID_Card,0.9,0.736,11,0,0
508,Tuesday,Office,Morning,Cloudy,Short,Phone,0.98,0.909,16,0,0
509,Tuesday,Shopping,Afternoon,Rainy,Medium,Umbrella,0.35,0.787,12,1,0
509,Tuesday,Shopping,Afternoon,Rainy,Medium,Wallet,0.95,0.99,7,0,0
510,Tuesday,Friends_House,Morning,Sunny,Medium,Keys,0.93,0.64,7,0,0
510,Tuesday,Friends_House,Morning,Sunny,Medium,Phone,0.98,0.864,10,0,0
511,Sunday,Other,Afternoon,Sunny,Short,Keys,0.93,0.539,10,0,0
511,Sunday,Other,Afternoon,Sunny,Short,Phone,0.98,0.809,18,0,0
511,Sunday,Other,Afternoon,Sunny,Short,Water_Bottle,0.45,0.374,9,1,1
512,Saturday,Travel,Morning,Rainy,Medium,Laptop,0.8,0.531,9,1,1
512,Saturday,Travel,Morning,Rainy,Medium,Earphones,0.4,0.626,7,0,1
512,Saturday,Travel,Morning,Rainy,Medium,ID_Card,0.9,0.92,14,0,0
512,Saturday,Travel,Morning,Rainy,Medium,Charger,0.55,0.84,15,1,0
512,Saturday,Travel,Morning,Rainy,Medium,Notebook,0.5,0.281,5,1,1
512,Saturday,Travel,Morning,Rainy,Medium,Water_Bottle,0.45,0.584,10,0,1
512,Saturday,Travel,Morning,Rainy,Medium,Phone,0.98,0.934,13,0,0
513,Saturday,Office,Afternoon,Sunny,Medium,Charger,0.55,0.76,11,4,0
513,Saturday,Office,Afternoon,Sunny,Medium,Umbrella,0.35,0.26,7,2,1
513,Saturday,Office,Afternoon,Sunny,Medium,Phone,0.98,0.889,11,0,0
513,Saturday,Office,Afternoon,Sunny,Medium,ID_Card,0.9,0.777,13,0,0
514,Saturday,Travel,Afternoon,Cloudy,Long,Laptop,0.8,0.515,6,0,1
514,Saturday,Travel,Afternoon,Cloudy,Long,ID_Card,0.9,0.99,15,0,0
514,Saturday,Travel,Afternoon,Cloudy,Long,Earphones,0.4,0.532,9,2,1
514,Saturday,Travel,Afternoon,Cloudy,Long,Phone,0.98,0.983,17,0,1
515,Sunday,Office,Evening,Cloudy,Medium,ID_Card,0.9,0.886,6,0,0
515,Sunday,Office,Evening,Cloudy,Medium,Charger,0.55,0.746,11,1,0
515,Sunday,Office,Evening,Cloudy,Medium,Earphones,0.4,0.465,6,1,0
515,Sunday,Office,Evening,Cloudy,Medium,Water_Bottle,0.45,0.431,12,1,1
515,Sunday,Office,Evening,Cloudy,Medium,Phone,0.98,0.862,9,0,0
515,Sunday,Office,Evening,Cloudy,Medium,Laptop,0.8,0.843,10,0,0
515,Sunday,Office,Evening,Cloudy,Medium,Notebook,0.5,0.608,10,4,1
516,Monday,Other,Morning,Sunny,Short,Keys,0.93,0.57,13,0,0
517,Sunday,Gym,Evening,Sunny,Medium,Earphones,0.4,0.851,18,0,1
517,Sunday,Gym,Evening,Sunny,Medium,Phone,0.98,0.667,18,0,0
517,Sunday,Gym,Evening,Sunny,Medium,ID_Card,0.9,0.242,6,0,1
517,Sunday,Gym,Evening,Sunny,Medium,Keys,0.93,0.441,12,0,0
518,Monday,Friends_House,Afternoon,Hot,Medium,Charger,0.55,0.321,10,0,1
518,Monday,Friends_House,Afternoon,Hot,Medium,Phone,0.98,0.906,10,0,0
518,Monday,Friends_House,Afternoon,Hot,Medium,Water_Bottle,0.45,0.579,6,1,1
518,Monday,Friends_House,Afternoon,Hot,Medium,Keys,0.93,0.622,6,1,0
518,Monday,Friends_House,Afternoon,Hot,Medium,Earphones,0.4,0.357,12,2,0
518,Monday,Friends_House,Afternoon,Hot,Medium,ID_Card,0.9,0.188,10,0,1
518,Monday,Friends_House,Afternoon,Hot,Medium,Wallet,0.95,0.475,12,0,0
519,Thursday,College,Morning,Cold,Short,Earphones,0.4,0.542,8,2,1
519,Thursday,College,Morning,Cold,Short,Notebook,0.5,0.948,11,0,0
519,Thursday,College,Morning,Cold,Short,Charger,0.55,0.795,10,2,1
519,Thursday,College,Morning,Cold,Short,Keys,0.93,0.645,12,0,0
519,Thursday,College,Morning,Cold,Short,Phone,0.98,0.862,15,0,0
519,Thursday,College,Morning,Cold,Short,ID_Card,0.9,0.849,10,0,0
520,Friday,Gym,Afternoon,Sunny,Medium,Phone,0.98,0.682,9,0,0
520,Friday,Gym,Afternoon,Sunny,Medium,Earphones,0.4,0.915,16,1,0
520,Friday,Gym,Afternoon,Sunny,Medium,Water_Bottle,0.45,0.908,15,0,0
520,Friday,Gym,Afternoon,Sunny,Medium,Wallet,0.95,0.3,5,0,1
521,Wednesday,Family_Event,Afternoon,Cold,Short,Wallet,0.95,0.551,10,1,0
521,Wednesday,Family_Event,Afternoon,Cold,Short,Keys,0.93,0.588,9,1,0
522,Tuesday,Travel,Morning,Rainy,Short,Notebook,0.5,0.21,7,3,0
522,Tuesday,Travel,Morning,Rainy,Short,Laptop,0.8,0.608,11,1,0
522,Tuesday,Travel,Morning,Rainy,Short,Phone,0.98,0.99,21,0,0
522,Tuesday,Travel,Morning,Rainy,Short,ID_Card,0.9,0.987,15,0,0
522,Tuesday,Travel,Morning,Rainy,Short,Umbrella,0.35,0.907,18,0,0
522,Tuesday,Travel,Morning,Rainy,Short,Charger,0.55,0.901,18,0,0
523,Tuesday,Gym,Afternoon,Rainy,Medium,Umbrella,0.35,0.62,6,1,0
523,Tuesday,Gym,Afternoon,Rainy,Medium,Wallet,0.95,0.261,7,0,0
523,Tuesday,Gym,Afternoon,Rainy,Medium,Phone,0.98,0.705,12,0,0
523,Tuesday,Gym,Afternoon,Rainy,Medium,Earphones,0.4,0.857,7,2,0
523,Tuesday,Gym,Afternoon,Rainy,Medium,ID_Card,0.9,0.166,5,0,0
523,Tuesday,Gym,Afternoon,Rainy,Medium,Water_Bottle,0.45,0.865,18,1,0
524,Saturday,Other,Morning,Hot,Short,Charger,0.55,0.398,3,2,1
524,Saturday,Other,Morning,Hot,Short,Earphones,0.4,0.312,4,0,1
524,Saturday,Other,Morning,Hot,Short,ID_Card,0.9,0.463,10,0,1
524,Saturday,Other,Morning,Hot,Short,Wallet,0.95,0.638,20,0,1
524,Saturday,Other,Morning,Hot,Short,Notebook,0.5,0.128,5,0,1
524,Saturday,Other,Morning,Hot,Short,Keys,0.93,0.616,11,0,0
525,Wednesday,Family_Event,Afternoon,Hot,Medium,Water_Bottle,0.45,0.5,9,0,0
525,Wednesday,Family_Event,Afternoon,Hot,Medium,Charger,0.55,0.369,6,2,0
526,Wednesday,Office,Afternoon,Hot,Short,Wallet,0.95,0.771,16,0,0
526,Wednesday,Office,Afternoon,Hot,Short,Keys,0.93,0.571,13,0,0
526,Wednesday,Office,Afternoon,Hot,Short,ID_Card,0.9,0.895,13,0,0
526,Wednesday,Office,Afternoon,Hot,Short,Water_Bottle,0.45,0.749,19,1,1
526,Wednesday,Office,Afternoon,Hot,Short,Earphones,0.4,0.477,7,0,0
526,Wednesday,Office,Afternoon,Hot,Short,Charger,0.55,0.863,13,0,1
527,Sunday,Shopping,Afternoon,Cloudy,Medium,Wallet,0.95,0.978,10,0,1
527,Sunday,Shopping,Afternoon,Cloudy,Medium,Keys,0.93,0.616,9,1,0
528,Tuesday,Shopping,Evening,Rainy,Short,Earphones,0.4,0.356,11,1,1
528,Tuesday,Shopping,Evening,Rainy,Short,Wallet,0.95,0.923,16,0,0
528,Tuesday,Shopping,Evening,Rainy,Short,Umbrella,0.35,0.824,16,3,0
528,Tuesday,Shopping,Evening,Rainy,Short,Phone,0.98,0.747,9,1,0
529,Sunday,Travel,Morning,Cloudy,Long,Phone,0.98,0.911,10,0,0
529,Sunday,Travel,Morning,Cloudy,Long,Umbrella,0.35,0.605,17,1,0
529,Sunday,Travel,Morning,Cloudy,Long,Earphones,0.4,0.593,8,2,0
529,Sunday,Travel,Morning,Cloudy,Long,Keys,0.93,0.288,7,0,1
529,Sunday,Travel,Morning,Cloudy,Long,ID_Card,0.9,0.974,15,0,1
529,Sunday,Travel,Morning,Cloudy,Long,Wallet,0.95,0.835,8,0,0
530,Sunday,Office,Night,Sunny,Short,Earphones,0.4,0.409,7,3,0
530,Sunday,Office,Night,Sunny,Short,Wallet,0.95,0.667,22,0,0
530,Sunday,Office,Night,Sunny,Short,ID_Card,0.9,0.832,13,0,0
530,Sunday,Office,Night,Sunny,Short,Phone,0.98,0.76,10,0,0
530,Sunday,Office,Night,Sunny,Short,Water_Bottle,0.45,0.467,5,1,1
531,Friday,Office,Evening,Rainy,Medium,Earphones,0.4,0.394,8,2,1
531,Friday,Office,Evening,Rainy,Medium,ID_Card,0.9,0.91,10,4,0
531,Friday,Office,Evening,Rainy,Medium,Keys,0.93,0.587,8,0,0
531,Friday,Office,Evening,Rainy,Medium,Umbrella,0.35,0.849,14,1,0
531,Friday,Office,Evening,Rainy,Medium,Wallet,0.95,0.741,17,0,0
532,Tuesday,Other,Night,Sunny,Short,Wallet,0.95,0.589,12,0,0
532,Tuesday,Other,Night,Sunny,Short,Keys,0.93,0.565,14,0,0
532,Tuesday,Other,Night,Sunny,Short,ID_Card,0.9,0.42,3,0,0
532,Tuesday,Other,Night,Sunny,Short,Notebook,0.5,0.147,6,0,1
532,Tuesday,Other,Night,Sunny,Short,Phone,0.98,0.804,21,0,0
533,Tuesday,Other,Evening,Sunny,Short,Wallet,0.95,0.59,12,0,0
533,Tuesday,Other,Evening,Sunny,Short,ID_Card,0.9,0.484,9,0,1
533,Tuesday,Other,Evening,Sunny,Short,Keys,0.93,0.571,4,0,0
534,Tuesday,Family_Event,Morning,Sunny,Medium,Keys,0.93,0.514,7,0,0
534,Tuesday,Family_Event,Morning,Sunny,Medium,Phone,0.98,0.859,20,0,0
535,Friday,Other,Afternoon,Sunny,Long,Phone,0.98,0.765,13,0,0
535,Friday,Other,Afternoon,Sunny,Long,ID_Card,0.9,0.407,9,2,1
535,Friday,Other,Afternoon,Sunny,Long,Wallet,0.95,0.627,9,0,0
536,Tuesday,Friends_House,Morning,Rainy,Long,Wallet,0.95,0.542,11,0,0
536,Tuesday,Friends_House,Morning,Rainy,Long,Phone,0.98,0.821,12,0,0
537,Thursday,Friends_House,Evening,Rainy,Short,Umbrella,0.35,0.875,12,1,0
537,Thursday,Friends_House,Evening,Rainy,Short,Phone,0.98,0.801,9,1,0
538,Monday,Friends_House,Afternoon,Cloudy,Short,Keys,0.93,0.592,6,0,0
538,Monday,Friends_House,Afternoon,Cloudy,Short,Umbrella,0.35,0.435,4,1,1
538,Monday,Friends_House,Afternoon,Cloudy,Short,Water_Bottle,0.45,0.389,5,1,1
538,Monday,Friends_House,Afternoon,Cloudy,Short,Charger,0.55,0.399,12,1,0
538,Monday,Friends_House,Afternoon,Cloudy,Short,Earphones,0.4,0.437,8,0,1
539,Thursday,Shopping,Morning,Sunny,Medium,Phone,0.98,0.831,9,0,0
539,Thursday,Shopping,Morning,Sunny,Medium,Wallet,0.95,0.857,11,0,0
539,Thursday,Shopping,Morning,Sunny,Medium,Earphones,0.4,0.32,9,0,1
539,Thursday,Shopping,Morning,Sunny,Medium,ID_Card,0.9,0.439,6,0,1
540,Monday,Gym,Night,Cloudy,Medium,Charger,0.55,0.185,14,1,0
540,Monday,Gym,Night,Cloudy,Medium,Earphones,0.4,0.907,16,0,1
540,Monday,Gym,Night,Cloudy,Medium,Water_Bottle,0.45,0.92,19,0,0
541,Friday,Office,Morning,Cloudy,Short,Wallet,0.95,0.708,13,0,0
541,Friday,Office,Morning,Cloudy,Short,Laptop,0.8,0.811,13,0,1
541,Friday,Office,Morning,Cloudy,Short,Charger,0.55,0.83,15,1,1
542,Monday,Travel,Afternoon,Hot,Medium,Water_Bottle,0.45,0.853,18,1,0
542,Monday,Travel,Afternoon,Hot,Medium,Laptop,0.8,0.52,7,1,1
542,Monday,Travel,Afternoon,Hot,Medium,Charger,0.55,0.891,6,1,0
542,Monday,Travel,Afternoon,Hot,Medium,Phone,0.98,0.954,16,0,0
542,Monday,Travel,Afternoon,Hot,Medium,Earphones,0.4,0.528,10,3,0
542,Monday,Travel,Afternoon,Hot,Medium,Wallet,0.95,0.971,9,0,0
543,Tuesday,Office,Evening,Rainy,Medium,Umbrella,0.35,0.844,11,2,0
543,Tuesday,Office,Evening,Rainy,Medium,ID_Card,0.9,0.852,22,0,0
543,Tuesday,Office,Evening,Rainy,Medium,Wallet,0.95,0.586,9,0,0
543,Tuesday,Office,Evening,Rainy,Medium,Laptop,0.8,0.902,16,0,1
543,Tuesday,Office,Evening,Rainy,Medium,Phone,0.98,0.986,18,0,0
544,Tuesday,Office,Morning,Cloudy,Medium,Earphones,0.4,0.46,10,0,0
544,Tuesday,Office,Morning,Cloudy,Medium,Laptop,0.8,0.838,12,0,0
544,Tuesday,Office,Morning,Cloudy,Medium,Notebook,0.5,0.617,13,1,0
544,Tuesday,Office,Morning,Cloudy,Medium,ID_Card,0.9,0.811,14,0,0
544,Tuesday,Office,Morning,Cloudy,Medium,Keys,0.93,0.571,8,0,0
544,Tuesday,Office,Morning,Cloudy,Medium,Charger,0.55,0.831,18,2,0
545,Saturday,Travel,Afternoon,Cloudy,Short,Wallet,0.95,0.903,13,0,0
545,Saturday,Travel,Afternoon,Cloudy,Short,Water_Bottle,0.45,0.651,10,2,1
545,Saturday,Travel,Afternoon,Cloudy,Short,ID_Card,0.9,0.99,13,0,0
545,Saturday,Travel,Afternoon,Cloudy,Short,Phone,0.98,0.99,14,0,0
545,Saturday,Travel,Afternoon,Cloudy,Short,Keys,0.93,0.313,7,0,0
545,Saturday,Travel,Afternoon,Cloudy,Short,Charger,0.55,0.954,16,0,0
546,Monday,Gym,Evening,Cold,Medium,Earphones,0.4,0.84,12,3,1
546,Monday,Gym,Evening,Cold,Medium,Keys,0.93,0.542,15,0,0
546,Monday,Gym,Evening,Cold,Medium,Water_Bottle,0.45,0.798,15,2,1
547,Thursday,Office,Morning,Hot,Short,Wallet,0.95,0.721,9,0,0
547,Thursday,Office,Morning,Hot,Short,Laptop,0.8,0.848,14,0,1
547,Thursday,Office,Morning,Hot,Short,Earphones,0.4,0.532,14,1,1
547,Thursday,Office,Morning,Hot,Short,ID_Card,0.9,0.949,18,0,1
547,Thursday,Office,Morning,Hot,Short,Umbrella,0.35,0.076,5,0,1
548,Friday,Family_Event,Afternoon,Cloudy,Medium,Wallet,0.95,0.572,12,0,0
548,Friday,Family_Event,Afternoon,Cloudy,Medium,Keys,0.93,0.564,8,0,0
549,Thursday,Family_Event,Morning,Cloudy,Short,Phone,0.98,0.728,6,0,0
549,Thursday,Family_Event,Morning,Cloudy,Short,Wallet,0.95,0.526,7,0,0
549,Thursday,Family_Event,Morning,Cloudy,Short,Charger,0.55,0.263,4,2,1
550,Friday,College,Evening,Sunny,Medium,Umbrella,0.35,0.096,3,5,1
550,Friday,College,Evening,Sunny,Medium,Phone,0.98,0.839,17,0,0
550,Friday,College,Evening,Sunny,Medium,ID_Card,0.9,0.867,10,0,0
550,Friday,College,Evening,Sunny,Medium,Notebook,0.5,0.977,17,2,0
550,Friday,College,Evening,Sunny,Medium,Keys,0.93,0.501,9,0,0
550,Friday,College,Evening,Sunny,Medium,Earphones,0.4,0.52,9,2,1
550,Friday,College,Evening,Sunny,Medium,Laptop,0.8,0.95,22,0,0
550,Friday,College,Evening,Sunny,Medium,Wallet,0.95,0.797,17,1,0
551,Saturday,College,Morning,Cold,Medium,Phone,0.98,0.894,11,1,0
551,Saturday,College,Morning,Cold,Medium,Umbrella,0.35,0.258,6,4,1
551,Saturday,College,Morning,Cold,Medium,Laptop,0.8,0.85,9,0,0
551,Saturday,College,Morning,Cold,Medium,Notebook,0.5,0.988,20,0,0
551,Saturday,College,Morning,Cold,Medium,Wallet,0.95,0.685,9,0,0
551,Saturday,College,Morning,Cold,Medium,ID_Card,0.9,0.926,9,0,0
551,Saturday,College,Morning,Cold,Medium,Earphones,0.4,0.569,13,1,1
552,Wednesday,Office,Night,Cloudy,Medium,Earphones,0.4,0.454,7,2,1
552,Wednesday,Office,Night,Cloudy,Medium,Notebook,0.5,0.526,8,1,0
552,Wednesday,Office,Night,Cloudy,Medium,Water_Bottle,0.45,0.558,6,0,0
552,Wednesday,Office,Night,Cloudy,Medium,Wallet,0.95,0.67,11,0,0
552,Wednesday,Office,Night,Cloudy,Medium,Umbrella,0.35,0.342,1,1,1
552,Wednesday,Office,Night,Cloudy,Medium,Charger,0.55,0.748,12,0,1
552,Wednesday,Office,Night,Cloudy,Medium,Laptop,0.8,0.96,16,1,1
553,Saturday,Friends_House,Evening,Sunny,Short,Phone,0.98,0.754,12,0,0
553,Saturday,Friends_House,Evening,Sunny,Short,Keys,0.93,0.533,10,1,1
554,Wednesday,Family_Event,Morning,Cold,Short,Water_Bottle,0.45,0.247,6,1,1
554,Wednesday,Family_Event,Morning,Cold,Short,Wallet,0.95,0.65,16,0,0
554,Wednesday,Family_Event,Morning,Cold,Short,Laptop,0.8,0.103,4,1,0
554,Wednesday,Family_Event,Morning,Cold,Short,Umbrella,0.35,0.301,10,2,1
555,Sunday,College,Morning,Hot,Medium,Phone,0.98,0.865,13,0,0
555,Sunday,College,Morning,Hot,Medium,Notebook,0.5,0.854,11,2,0
555,Sunday,College,Morning,Hot,Medium,Laptop,0.8,0.891,17,1,1
555,Sunday,College,Morning,Hot,Medium,Water_Bottle,0.45,0.893,14,0,0
555,Sunday,College,Morning,Hot,Medium,Wallet,0.95,0.785,15,0,0
556,Thursday,Friends_House,Afternoon,Sunny,Medium,Earphones,0.4,0.367,6,0,0
556,Thursday,Friends_House,Afternoon,Sunny,Medium,Laptop,0.8,0.174,3,2,1
556,Thursday,Friends_House,Afternoon,Sunny,Medium,Phone,0.98,0.867,8,0,1
556,Thursday,Friends_House,Afternoon,Sunny,Medium,Charger,0.55,0.412,7,2,0
557,Saturday,College,Evening,Sunny,Long,Charger,0.55,0.828,17,1,1
557,Saturday,College,Evening,Sunny,Long,Earphones,0.4,0.593,13,1,0
557,Saturday,College,Evening,Sunny,Long,Keys,0.93,0.703,17,0,0
557,Saturday,College,Evening,Sunny,Long,ID_Card,0.9,0.831,12,1,0
557,Saturday,College,Evening,Sunny,Long,Wallet,0.95,0.813,12,0,0
557,Saturday,College,Evening,Sunny,Long,Laptop,0.8,0.88,17,1,0
558,Sunday,Gym,Afternoon,Sunny,Short,Charger,0.55,0.145,6,0,0
558,Sunday,Gym,Afternoon,Sunny,Short,Earphones,0.4,0.837,13,0,1
558,Sunday,Gym,Afternoon,Sunny,Short,Keys,0.93,0.514,12,0,0
559,Saturday,Other,Morning,Rainy,Long,Phone,0.98,0.843,13,0,1
559,Saturday,Other,Morning,Rainy,Long,Umbrella,0.35,0.816,21,0,0
559,Saturday,Other,Morning,Rainy,Long,Charger,0.55,0.371,5,1,1
559,Saturday,Other,Morning,Rainy,Long,ID_Card,0.9,0.491,13,0,1
559,Saturday,Other,Morning,Rainy,Long,Laptop,0.8,0.283,5,1,1
560,Saturday,College,Morning,Sunny,Short,Laptop,0.8,0.99,11,3,1
560,Saturday,College,Morning,Sunny,Short,Phone,0.98,0.825,15,0,0
560,Saturday,College,Morning,Sunny,Short,Wallet,0.95,0.853,11,0,0
560,Saturday,College,Morning,Sunny,Short,Notebook,0.5,0.99,15,0,0
560,Saturday,College,Morning,Sunny,Short,Water_Bottle,0.45,0.607,12,1,0
560,Saturday,College,Morning,Sunny,Short,ID_Card,0.9,0.92,16,0,1
560,Saturday,College,Morning,Sunny,Short,Earphones,0.4,0.558,6,2,1
561,Thursday,College,Night,Cold,Short,Wallet,0.95,0.737,16,0,0
561,Thursday,College,Night,Cold,Short,Water_Bottle,0.45,0.507,7,3,1
561,Thursday,College,Night,Cold,Short,ID_Card,0.9,0.889,17,0,1
561,Thursday,College,Night,Cold,Short,Laptop,0.8,0.911,9,0,0
562,Monday,Gym,Afternoon,Cold,Short,Keys,0.93,0.519,9,0,0
562,Monday,Gym,Afternoon,Cold,Short,Phone,0.98,0.699,14,0,0
562,Monday,Gym,Afternoon,Cold,Short,Wallet,0.95,0.234,4,1,0
562,Monday,Gym,Afternoon,Cold,Short,Water_Bottle,0.45,0.836,13,0,1
563,Thursday,Travel,Evening,Rainy,Medium,Wallet,0.95,0.942,14,0,0
563,Thursday,Travel,Evening,Rainy,Medium,Charger,0.55,0.942,13,0,0
563,Thursday,Travel,Evening,Rainy,Medium,Laptop,0.8,0.617,8,2,0
563,Thursday,Travel,Evening,Rainy,Medium,Earphones,0.4,0.679,9,0,1
563,Thursday,Travel,Evening,Rainy,Medium,ID_Card,0.9,0.952,20,0,0
563,Thursday,Travel,Evening,Rainy,Medium,Phone,0.98,0.99,15,0,0
564,Tuesday,Other,Afternoon,Rainy,Short,Wallet,0.95,0.598,7,0,0
565,Sunday,Other,Night,Sunny,Short,Wallet,0.95,0.572,12,0,0
565,Sunday,Other,Night,Sunny,Short,Earphones,0.4,0.303,14,1,1
565,Sunday,Other,Night,Sunny,Short,Phone,0.98,0.796,13,0,0
565,Sunday,Other,Night,Sunny,Short,Water_Bottle,0.45,0.346,9,0,0
566,Tuesday,College,Morning,Sunny,Medium,Water_Bottle,0.45,0.599,10,2,1
566,Tuesday,College,Morning,Sunny,Medium,Laptop,0.8,0.853,13,0,1
566,Tuesday,College,Morning,Sunny,Medium,Notebook,0.5,0.84,15,0,1
566,Tuesday,College,Morning,Sunny,Medium,Phone,0.98,0.834,16,0,0
566,Tuesday,College,Morning,Sunny,Medium,Keys,0.93,0.625,7,0,0
566,Tuesday,College,Morning,Sunny,Medium,Charger,0.55,0.912,9,1,0
567,Tuesday,College,Morning,Hot,Medium,Laptop,0.8,0.969,19,2,0
567,Tuesday,College,Morning,Hot,Medium,Notebook,0.5,0.915,13,0,1
567,Tuesday,College,Morning,Hot,Medium,Keys,0.93,0.565,14,0,1
567,Tuesday,College,Morning,Hot,Medium,Phone,0.98,0.99,14,0,0
568,Tuesday,Friends_House,Night,Sunny,Short,Umbrella,0.35,0.257,7,0,1
568,Tuesday,Friends_House,Night,Sunny,Short,Phone,0.98,0.833,11,0,0
568,Tuesday,Friends_House,Night,Sunny,Short,Water_Bottle,0.45,0.227,5,2,1
569,Friday,Office,Night,Sunny,Short,ID_Card,0.9,0.772,16,1,0
569,Friday,Office,Night,Sunny,Short,Phone,0.98,0.912,13,0,0
569,Friday,Office,Night,Sunny,Short,Wallet,0.95,0.679,10,0,0
569,Friday,Office,Night,Sunny,Short,Keys,0.93,0.596,12,0,1
570,Thursday,Family_Event,Morning,Cloudy,Medium,Keys,0.93,0.595,10,0,0
570,Thursday,Family_Event,Morning,Cloudy,Medium,Phone,0.98,0.835,8,0,0
571,Sunday,Travel,Afternoon,Sunny,Short,Laptop,0.8,0.599,13,0,0
571,Sunday,Travel,Afternoon,Sunny,Short,Keys,0.93,0.425,11,0,0
571,Sunday,Travel,Afternoon,Sunny,Short,ID_Card,0.9,0.99,11,1,0
571,Sunday,Travel,Afternoon,Sunny,Short,Earphones,0.4,0.505,8,0,1
571,Sunday,Travel,Afternoon,Sunny,Short,Phone,0.98,0.988,16,0,0
571,Sunday,Travel,Afternoon,Sunny,Short,Wallet,0.95,0.919,13,0,0
571,Sunday,Travel,Afternoon,Sunny,Short,Charger,0.55,0.99,16,1,0
572,Wednesday,College,Afternoon,Cloudy,Short,Water_Bottle,0.45,0.649,11,1,0
572,Wednesday,College,Afternoon,Cloudy,Short,Wallet,0.95,0.762,9,0,0
572,Wednesday,College,Afternoon,Cloudy,Short,Notebook,0.5,0.816,10,0,0
572,Wednesday,College,Afternoon,Cloudy,Short,Keys,0.93,0.63,8,0,0
572,Wednesday,College,Afternoon,Cloudy,Short,Earphones,0.4,0.631,7,0,0
573,Tuesday,Family_Event,Afternoon,Hot,Medium,Water_Bottle,0.45,0.611,10,3,1
573,Tuesday,Family_Event,Afternoon,Hot,Medium,Charger,0.55,0.446,13,1,0
573,Tuesday,Family_Event,Afternoon,Hot,Medium,Earphones,0.4,0.152,4,0,1
573,Tuesday,Family_Event,Afternoon,Hot,Medium,Phone,0.98,0.74,9,0,0
574,Monday,College,Morning,Hot,Short,Charger,0.55,0.811,11,0,1
574,Monday,College,Morning,Hot,Short,Laptop,0.8,0.803,17,0,0
574,Monday,College,Morning,Hot,Short,ID_Card,0.9,0.894,14,0,0
574,Monday,College,Morning,Hot,Short,Phone,0.98,0.897,8,0,0
574,Monday,College,Morning,Hot,Short,Earphones,0.4,0.678,11,3,1
575,Monday,Gym,Evening,Rainy,Medium,Umbrella,0.35,0.676,20,0,0
575,Monday,Gym,Evening,Rainy,Medium,Wallet,0.95,0.314,3,1,1
575,Monday,Gym,Evening,Rainy,Medium,Earphones,0.4,0.912,18,0,0
575,Monday,Gym,Evening,Rainy,Medium,Keys,0.93,0.512,10,0,0
576,Wednesday,Shopping,Morning,Hot,Short,Wallet,0.95,0.945,18,1,0
576,Wednesday,Shopping,Morning,Hot,Short,Charger,0.55,0.086,2,1,1
576,Wednesday,Shopping,Morning,Hot,Short,Phone,0.98,0.872,10,0,0
576,Wednesday,Shopping,Morning,Hot,Short,Keys,0.93,0.589,4,0,0
577,Sunday,Shopping,Evening,Cloudy,Short,Keys,0.93,0.626,8,0,1
577,Sunday,Shopping,Evening,Cloudy,Short,Wallet,0.95,0.982,13,0,0
577,Sunday,Shopping,Evening,Cloudy,Short,Earphones,0.4,0.317,2,0,1
578,Thursday,Friends_House,Morning,Hot,Short,Phone,0.98,0.854,10,0,0
578,Thursday,Friends_House,Morning,Hot,Short,Charger,0.55,0.242,11,1,1
578,Thursday,Friends_House,Morning,Hot,Short,Wallet,0.95,0.539,9,1,0
579,Sunday,Travel,Morning,Rainy,Short,ID_Card,0.9,0.982,10,0,1
579,Sunday,Travel,Morning,Rainy,Short,Laptop,0.8,0.501,5,2,0
579,Sunday,Travel,Morning,Rainy,Short,Charger,0.55,0.914,17,0,0
580,Monday,Other,Evening,Sunny,Short,Notebook,0.5,0.185,5,3,0
580,Monday,Other,Evening,Sunny,Short,Keys,0.93,0.597,6,0,1
581,Monday,Other,Morning,Cold,Short,Keys,0.93,0.47,11,0,0
581,Monday,Other,Morning,Cold,Short,Phone,0.98,0.821,7,0,0
582,Saturday,Shopping,Evening,Sunny,Long,Keys,0.93,0.648,16,0,1
582,Saturday,Shopping,Evening,Sunny,Long,Water_Bottle,0.45,0.311,5,0,1
582,Saturday,Shopping,Evening,Sunny,Long,Wallet,0.95,0.951,7,0,0
583,Monday,College,Morning,Sunny,Long,Charger,0.55,0.872,22,1,0
583,Monday,College,Morning,Sunny,Long,Laptop,0.8,0.903,16,0,0
583,Monday,College,Morning,Sunny,Long,ID_Card,0.9,0.932,15,1,0
583,Monday,College,Morning,Sunny,Long,Wallet,0.95,0.698,8,0,0
583,Monday,College,Morning,Sunny,Long,Phone,0.98,0.904,12,0,0
583,Monday,College,Morning,Sunny,Long,Notebook,0.5,0.867,21,2,1
584,Monday,Friends_House,Night,Sunny,Short,Umbrella,0.35,0.173,6,2,0
584,Monday,Friends_House,Night,Sunny,Short,Phone,0.98,0.772,9,0,0
584,Monday,Friends_House,Night,Sunny,Short,Charger,0.55,0.391,8,1,1
585,Wednesday,Other,Evening,Cloudy,Medium,Umbrella,0.35,0.446,10,2,1
585,Wednesday,Other,Evening,Cloudy,Medium,ID_Card,0.9,0.384,8,1,1
585,Wednesday,Other,Evening,Cloudy,Medium,Keys,0.93,0.58,12,0,0
586,Sunday,Office,Evening,Cloudy,Medium,Phone,0.98,0.965,9,0,0
586,Sunday,Office,Evening,Cloudy,Medium,Water_Bottle,0.45,0.512,12,1,0
586,Sunday,Office,Evening,Cloudy,Medium,Earphones,0.4,0.271,7,0,0
586,Sunday,Office,Evening,Cloudy,Medium,Umbrella,0.35,0.433,8,3,1
586,Sunday,Office,Evening,Cloudy,Medium,Keys,0.93,0.617,12,0,0
586,Sunday,Office,Evening,Cloudy,Medium,ID_Card,0.9,0.866,16,0,0
586,Sunday,Office,Evening,Cloudy,Medium,Wallet,0.95,0.742,15,0,0
586,Sunday,Office,Evening,Cloudy,Medium,Charger,0.55,0.778,16,2,0
587,Friday,Gym,Morning,Rainy,Long,Umbrella,0.35,0.661,10,3,1
587,Friday,Gym,Morning,Rainy,Long,Water_Bottle,0.45,0.889,18,1,0
587,Friday,Gym,Morning,Rainy,Long,Keys,0.93,0.488,9,0,0
587,Friday,Gym,Morning,Rainy,Long,Earphones,0.4,0.862,17,0,0
587,Friday,Gym,Morning,Rainy,Long,ID_Card,0.9,0.165,8,1,1
587,Friday,Gym,Morning,Rainy,Long,Phone,0.98,0.777,12,0,0
588,Monday,Gym,Morning,Cold,Short,Earphones,0.4,0.857,17,4,0
588,Monday,Gym,Morning,Cold,Short,Water_Bottle,0.45,0.764,13,2,1
588,Monday,Gym,Morning,Cold,Short,Charger,0.55,0.148,6,2,1
589,Saturday,College,Afternoon,Sunny,Short,ID_Card,0.9,0.936,10,0,0
589,Saturday,College,Afternoon,Sunny,Short,Charger,0.55,0.783,18,3,0
589,Saturday,College,Afternoon,Sunny,Short,Phone,0.98,0.898,15,0,0
589,Saturday,College,Afternoon,Sunny,Short,Notebook,0.5,0.895,14,0,0
589,Saturday,College,Afternoon,Sunny,Short,Laptop,0.8,0.946,14,0,1
590,Saturday,Travel,Afternoon,Rainy,Short,Wallet,0.95,0.849,15,0,0
590,Saturday,Travel,Afternoon,Rainy,Short,Charger,0.55,0.89,20,1,1
590,Saturday,Travel,Afternoon,Rainy,Short,Umbrella,0.35,0.966,12,0,0
590,Saturday,Travel,Afternoon,Rainy,Short,Phone,0.98,0.945,13,0,0
590,Saturday,Travel,Afternoon,Rainy,Short,ID_Card,0.9,0.989,23,0,0
591,Saturday,Office,Morning,Cloudy,Short,Wallet,0.95,0.778,9,0,0
591,Saturday,Office,Morning,Cloudy,Short,Notebook,0.5,0.632,9,0,1
591,Saturday,Office,Morning,Cloudy,Short,Keys,0.93,0.641,10,0,0
591,Saturday,Office,Morning,Cloudy,Short,Laptop,0.8,0.772,13,1,0
591,Saturday,Office,Morning,Cloudy,Short,Phone,0.98,0.804,13,0,0
592,Sunday,Friends_House,Morning,Hot,Short,Keys,0.93,0.616,10,0,1
592,Sunday,Friends_House,Morning,Hot,Short,Phone,0.98,0.807,12,0,1
592,Sunday,Friends_House,Morning,Hot,Short,Water_Bottle,0.45,0.564,9,0,0
592,Sunday,Friends_House,Morning,Hot,Short,Wallet,0.95,0.491,11,0,0
593,Tuesday,Family_Event,Afternoon,Sunny,Long,Phone,0.98,0.842,12,0,0
593,Tuesday,Family_Event,Afternoon,Sunny,Long,Wallet,0.95,0.672,13,0,1
593,Tuesday,Family_Event,Afternoon,Sunny,Long,Laptop,0.8,0.186,4,3,0
594,Sunday,Family_Event,Morning,Sunny,Long,Keys,0.93,0.577,10,0,0
595,Wednesday,Gym,Afternoon,Rainy,Short,Water_Bottle,0.45,0.828,10,0,0
596,Saturday,Office,Morning,Rainy,Medium,Umbrella,0.35,0.806,17,1,1
596,Saturday,Office,Morning,Rainy,Medium,Laptop,0.8,0.874,15,0,0
596,Saturday,Office,Morning,Rainy,Medium,ID_Card,0.9,0.837,10,1,1
596,Saturday,Office,Morning,Rainy,Medium,Wallet,0.95,0.693,19,0,0
596,Saturday,Office,Morning,Rainy,Medium,Charger,0.55,0.769,7,0,1
597,Friday,Friends_House,Morning,Hot,Short,Phone,0.98,0.867,18,0,0
597,Friday,Friends_House,Morning,Hot,Short,Water_Bottle,0.45,0.615,14,0,1
598,Saturday,Family_Event,Afternoon,Rainy,Medium,Wallet,0.95,0.585,8,0,0
598,Saturday,Family_Event,Afternoon,Rainy,Medium,ID_Card,0.9,0.25,4,0,1
599,Friday,Shopping,Afternoon,Hot,Medium,Phone,0.98,0.853,21,0,0
599,Friday,Shopping,Afternoon,Hot,Medium,Wallet,0.95,0.97,16,0,0
599,Friday,Shopping,Afternoon,Hot,Medium,Keys,0.93,0.641,18,0,1
599,Friday,Shopping,Afternoon,Hot,Medium,ID_Card,0.9,0.441,9,2,1
600,Friday,Family_Event,Morning,Cloudy,Short,Wallet,0.95,0.537,8,0,0
600,Friday,Family_Event,Morning,Cloudy,Short,Phone,0.98,0.909,22,0,0
601,Friday,College,Afternoon,Sunny,Long,Earphones,0.4,0.489,9,0,1
601,Friday,College,Afternoon,Sunny,Long,Laptop,0.8,0.861,12,0,0
601,Friday,College,Afternoon,Sunny,Long,Wallet,0.95,0.812,13,0,0
602,Saturday,Family_Event,Evening,Sunny,Long,Phone,0.98,0.751,19,0,1
602,Saturday,Family_Event,Evening,Sunny,Long,Keys,0.93,0.587,14,0,0
603,Saturday,College,Afternoon,Sunny,Medium,Wallet,0.95,0.75,17,0,0
603,Saturday,College,Afternoon,Sunny,Medium,Phone,0.98,0.832,17,0,0
603,Saturday,College,Afternoon,Sunny,Medium,Notebook,0.5,0.857,8,1,0
603,Saturday,College,Afternoon,Sunny,Medium,Water_Bottle,0.45,0.578,10,1,1
603,Saturday,College,Afternoon,Sunny,Medium,ID_Card,0.9,0.907,22,0,0
603,Saturday,College,Afternoon,Sunny,Medium,Keys,0.93,0.619,10,0,0
603,Saturday,College,Afternoon,Sunny,Medium,Laptop,0.8,0.833,16,1,0
604,Monday,College,Afternoon,Cloudy,Medium,Laptop,0.8,0.911,11,2,0
604,Monday,College,Afternoon,Cloudy,Medium,Wallet,0.95,0.809,17,0,0
604,Monday,College,Afternoon,Cloudy,Medium,Water_Bottle,0.45,0.516,10,3,0
604,Monday,College,Afternoon,Cloudy,Medium,Notebook,0.5,0.891,14,1,0
604,Monday,College,Afternoon,Cloudy,Medium,Phone,0.98,0.931,14,0,1
604,Monday,College,Afternoon,Cloudy,Medium,ID_Card,0.9,0.877,17,0,1
604,Monday,College,Afternoon,Cloudy,Medium,Keys,0.93,0.567,6,0,0
605,Saturday,Shopping,Night,Cloudy,Medium,Water_Bottle,0.45,0.306,9,3,1
605,Saturday,Shopping,Night,Cloudy,Medium,Phone,0.98,0.845,15,0,0
606,Thursday,College,Afternoon,Cloudy,Short,Keys,0.93,0.62,9,0,0
606,Thursday,College,Afternoon,Cloudy,Short,Phone,0.98,0.976,16,0,0
606,Thursday,College,Afternoon,Cloudy,Short,ID_Card,0.9,0.878,13,1,0
606,Thursday,College,Afternoon,Cloudy,Short,Earphones,0.4,0.519,13,2,0
606,Thursday,College,Afternoon,Cloudy,Short,Laptop,0.8,0.944,13,0,0
607,Wednesday,College,Night,Rainy,Short,Keys,0.93,0.623,5,0,0
607,Wednesday,College,Night,Rainy,Short,Notebook,0.5,0.837,17,2,0
607,Wednesday,College,Night,Rainy,Short,Charger,0.55,0.909,14,0,0
607,Wednesday,College,Night,Rainy,Short,Umbrella,0.35,0.8,12,3,1
607,Wednesday,College,Night,Rainy,Short,Laptop,0.8,0.955,15,1,0
608,Thursday,College,Evening,Cloudy,Medium,Phone,0.98,0.958,16,0,0
608,Thursday,College,Evening,Cloudy,Medium,Wallet,0.95,0.729,6,0,0
608,Thursday,College,Evening,Cloudy,Medium,Earphones,0.4,0.611,8,1,1
608,Thursday,College,Evening,Cloudy,Medium,ID_Card,0.9,0.868,11,2,0
608,Thursday,College,Evening,Cloudy,Medium,Water_Bottle,0.45,0.653,13,3,1
609,Sunday,Gym,Morning,Rainy,Short,Umbrella,0.35,0.661,6,3,1
609,Sunday,Gym,Morning,Rainy,Short,Water_Bottle,0.45,0.897,14,4,0
609,Sunday,Gym,Morning,Rainy,Short,Phone,0.98,0.693,13,0,0
609,Sunday,Gym,Morning,Rainy,Short,Earphones,0.4,0.869,17,2,0
610,Sunday,Friends_House,Afternoon,Rainy,Long,Wallet,0.95,0.465,6,0,0
610,Sunday,Friends_House,Afternoon,Rainy,Long,Umbrella,0.35,0.823,14,3,0
610,Sunday,Friends_House,Afternoon,Rainy,Long,Earphones,0.4,0.395,4,0,1
611,Saturday,College,Evening,Cloudy,Medium,Water_Bottle,0.45,0.699,9,2,1
611,Saturday,College,Evening,Cloudy,Medium,Umbrella,0.35,0.425,13,0,0
611,Saturday,College,Evening,Cloudy,Medium,ID_Card,0.9,0.99,20,0,0
611,Saturday,College,Evening,Cloudy,Medium,Charger,0.55,0.896,16,1,0
611,Saturday,College,Evening,Cloudy,Medium,Notebook,0.5,0.99,19,1,0
612,Thursday,Travel,Night,Cloudy,Medium,Charger,0.55,0.771,11,1,0
612,Thursday,Travel,Night,Cloudy,Medium,Earphones,0.4,0.543,12,2,1
612,Thursday,Travel,Night,Cloudy,Medium,Keys,0.93,0.422,9,0,0
612,Thursday,Travel,Night,Cloudy,Medium,Umbrella,0.35,0.489,12,2,1
612,Thursday,Travel,Night,Cloudy,Medium,ID_Card,0.9,0.952,17,0,0
612,Thursday,Travel,Night,Cloudy,Medium,Phone,0.98,0.99,13,0,0
612,Thursday,Travel,Night,Cloudy,Medium,Wallet,0.95,0.934,5,0,1
612,Thursday,Travel,Night,Cloudy,Medium,Laptop,0.8,0.518,11,1,0
613,Saturday,Family_Event,Afternoon,Rainy,Short,Wallet,0.95,0.635,12,0,0
613,Saturday,Family_Event,Afternoon,Rainy,Short,Water_Bottle,0.45,0.282,6,3,1
613,Saturday,Family_Event,Afternoon,Rainy,Short,Keys,0.93,0.532,14,0,1
613,Saturday,Family_Event,Afternoon,Rainy,Short,Umbrella,0.35,0.774,13,2,1
614,Wednesday,College,Morning,Rainy,Long,Phone,0.98,0.905,10,0,0
614,Wednesday,College,Morning,Rainy,Long,Charger,0.55,0.896,13,1,0
614,Wednesday,College,Morning,Rainy,Long,ID_Card,0.9,0.885,13,0,0
614,Wednesday,College,Morning,Rainy,Long,Wallet,0.95,0.713,16,0,0
614,Wednesday,College,Morning,Rainy,Long,Laptop,0.8,0.844,10,2,0
614,Wednesday,College,Morning,Rainy,Long,Notebook,0.5,0.885,16,3,1
615,Friday,College,Afternoon,Cloudy,Short,Water_Bottle,0.45,0.626,15,2,1
615,Friday,College,Afternoon,Cloudy,Short,Earphones,0.4,0.381,3,1,1
615,Friday,College,Afternoon,Cloudy,Short,Notebook,0.5,0.887,13,0,1
615,Friday,College,Afternoon,Cloudy,Short,Charger,0.55,0.761,14,2,1
615,Friday,College,Afternoon,Cloudy,Short,ID_Card,0.9,0.95,14,0,0
615,Friday,College,Afternoon,Cloudy,Short,Laptop,0.8,0.929,16,0,0
615,Friday,College,Afternoon,Cloudy,Short,Phone,0.98,0.878,20,0,1
616,Friday,Family_Event,Morning,Cloudy,Short,Keys,0.93,0.603,13,0,0
616,Friday,Family_Event,Morning,Cloudy,Short,Umbrella,0.35,0.469,12,0,1
616,Friday,Family_Event,Morning,Cloudy,Short,Wallet,0.95,0.656,11,0,0
616,Friday,Family_Event,Morning,Cloudy,Short,Laptop,0.8,0.036,5,0,1
617,Tuesday,Family_Event,Evening,Rainy,Short,Keys,0.93,0.64,10,0,0
617,Tuesday,Family_Event,Evening,Rainy,Short,Phone,0.98,0.74,12,0,0
617,Tuesday,Family_Event,Evening,Rainy,Short,Charger,0.55,0.375,6,1,1
617,Tuesday,Family_Event,Evening,Rainy,Short,Water_Bottle,0.45,0.313,5,1,1
617,Tuesday,Family_Event,Evening,Rainy,Short,Umbrella,0.35,0.875,15,1,0
618,Tuesday,Shopping,Afternoon,Rainy,Medium,Wallet,0.95,0.927,17,0,0
618,Tuesday,Shopping,Afternoon,Rainy,Medium,Water_Bottle,0.45,0.38,11,0,0
618,Tuesday,Shopping,Afternoon,Rainy,Medium,Earphones,0.4,0.309,4,2,1
620,Monday,College,Evening,Cloudy,Short,Charger,0.55,0.857,16,2,0
620,Monday,College,Evening,Cloudy,Short,ID_Card,0.9,0.941,21,0,0
620,Monday,College,Evening,Cloudy,Short,Notebook,0.5,0.829,17,1,1
620,Monday,College,Evening,Cloudy,Short,Water_Bottle,0.45,0.528,8,1,0
620,Monday,College,Evening,Cloudy,Short,Phone,0.98,0.972,25,1,0
620,Monday,College,Evening,Cloudy,Short,Umbrella,0.35,0.452,7,1,1
620,Monday,College,Evening,Cloudy,Short,Earphones,0.4,0.544,9,1,0
620,Monday,College,Evening,Cloudy,Short,Wallet,0.95,0.657,8,0,0
621,Thursday,Gym,Afternoon,Cold,Long,Phone,0.98,0.719,7,0,0
621,Thursday,Gym,Afternoon,Cold,Long,ID_Card,0.9,0.308,6,0,0
621,Thursday,Gym,Afternoon,Cold,Long,Earphones,0.4,0.888,12,0,1
622,Thursday,Friends_House,Afternoon,Sunny,Short,Keys,0.93,0.568,11,0,0
622,Thursday,Friends_House,Afternoon,Sunny,Short,Water_Bottle,0.45,0.312,4,2,1
623,Tuesday,Office,Evening,Cold,Medium,Laptop,0.8,0.922,19,1,0
623,Tuesday,Office,Evening,Cold,Medium,Notebook,0.5,0.499,13,0,0
623,Tuesday,Office,Evening,Cold,Medium,ID_Card,0.9,0.712,12,0,0
623,Tuesday,Office,Evening,Cold,Medium,Keys,0.93,0.557,5,0,0
623,Tuesday,Office,Evening,Cold,Medium,Water_Bottle,0.45,0.396,6,1,1
624,Wednesday,Friends_House,Evening,Sunny,Short,Keys,0.93,0.574,8,0,0
624,Wednesday,Friends_House,Evening,Sunny,Short,Phone,0.98,0.665,12,0,0
624,Wednesday,Friends_House,Evening,Sunny,Short,ID_Card,0.9,0.25,3,0,1
624,Wednesday,Friends_House,Evening,Sunny,Short,Earphones,0.4,0.35,14,3,1
624,Wednesday,Friends_House,Evening,Sunny,Short,Laptop,0.8,0.114,2,1,1
625,Friday,Shopping,Evening,Rainy,Medium,Earphones,0.4,0.244,6,0,1
625,Friday,Shopping,Evening,Rainy,Medium,Wallet,0.95,0.927,11,0,0
625,Friday,Shopping,Evening,Rainy,Medium,Laptop,0.8,0.117,6,0,0
625,Friday,Shopping,Evening,Rainy,Medium,Umbrella,0.35,0.806,17,1,0
625,Friday,Shopping,Evening,Rainy,Medium,Notebook,0.5,0.039,7,1,1
625,Friday,Shopping,Evening,Rainy,Medium,Keys,0.93,0.669,13,0,0
625,Friday,Shopping,Evening,Rainy,Medium,Water_Bottle,0.45,0.353,9,0,0
625,Friday,Shopping,Evening,Rainy,Medium,Phone,0.98,0.852,14,0,0
626,Tuesday,Friends_House,Morning,Cloudy,Medium,Laptop,0.8,0.109,7,1,0
626,Tuesday,Friends_House,Morning,Cloudy,Medium,Keys,0.93,0.7,13,0,1
626,Tuesday,Friends_House,Morning,Cloudy,Medium,ID_Card,0.9,0.255,8,0,1
626,Tuesday,Friends_House,Morning,Cloudy,Medium,Phone,0.98,0.906,10,0,0
626,Tuesday,Friends_House,Morning,Cloudy,Medium,Wallet,0.95,0.53,6,0,1
627,Wednesday,Gym,Afternoon,Sunny,Medium,Phone,0.98,0.72,11,2,0
627,Wednesday,Gym,Afternoon,Sunny,Medium,Keys,0.93,0.539,10,0,1
627,Wednesday,Gym,Afternoon,Sunny,Medium,Earphones,0.4,0.792,13,2,0
627,Wednesday,Gym,Afternoon,Sunny,Medium,Wallet,0.95,0.265,2,0,0
628,Wednesday,Gym,Morning,Cold,Short,Keys,0.93,0.513,10,1,0
628,Wednesday,Gym,Morning,Cold,Short,Charger,0.55,0.153,8,0,1
628,Wednesday,Gym,Morning,Cold,Short,Phone,0.98,0.727,26,0,0
628,Wednesday,Gym,Morning,Cold,Short,ID_Card,0.9,0.124,6,0,0
628,Wednesday,Gym,Morning,Cold,Short,Water_Bottle,0.45,0.768,20,0,0
629,Thursday,Office,Evening,Cloudy,Long,Notebook,0.5,0.58,14,0,0
629,Thursday,Office,Evening,Cloudy,Long,ID_Card,0.9,0.91,13,0,1
629,Thursday,Office,Evening,Cloudy,Long,Water_Bottle,0.45,0.513,8,3,1
629,Thursday,Office,Evening,Cloudy,Long,Charger,0.55,0.864,5,3,0
629,Thursday,Office,Evening,Cloudy,Long,Keys,0.93,0.647,13,0,0
630,Wednesday,Office,Afternoon,Cold,Long,Wallet,0.95,0.67,9,0,0
630,Wednesday,Office,Afternoon,Cold,Long,Water_Bottle,0.45,0.346,11,2,1
630,Wednesday,Office,Afternoon,Cold,Long,ID_Card,0.9,0.92,15,0,0
630,Wednesday,Office,Afternoon,Cold,Long,Earphones,0.4,0.453,13,1,1
630,Wednesday,Office,Afternoon,Cold,Long,Notebook,0.5,0.53,11,1,0
630,Wednesday,Office,Afternoon,Cold,Long,Keys,0.93,0.654,10,0,0
631,Saturday,Friends_House,Afternoon,Sunny,Medium,Charger,0.55,0.323,9,3,1
631,Saturday,Friends_House,Afternoon,Sunny,Medium,Keys,0.93,0.599,10,0,0
631,Saturday,Friends_House,Afternoon,Sunny,Medium,Water_Bottle,0.45,0.311,5,1,1
631,Saturday,Friends_House,Afternoon,Sunny,Medium,Phone,0.98,0.842,12,0,0
631,Saturday,Friends_House,Afternoon,Sunny,Medium,Wallet,0.95,0.57,17,0,0
632,Wednesday,College,Morning,Cold,Medium,Keys,0.93,0.543,7,0,0
632,Wednesday,College,Morning,Cold,Medium,Notebook,0.5,0.903,12,0,0
632,Wednesday,College,Morning,Cold,Medium,ID_Card,0.9,0.974,18,0,0
632,Wednesday,College,Morning,Cold,Medium,Earphones,0.4,0.474,11,1,1
632,Wednesday,College,Morning,Cold,Medium,Wallet,0.95,0.803,10,0,0
632,Wednesday,College,Morning,Cold,Medium,Charger,0.55,0.855,17,1,1
632,Wednesday,College,Morning,Cold,Medium,Phone,0.98,0.911,13,0,0
632,Wednesday,College,Morning,Cold,Medium,Laptop,0.8,0.849,13,1,0
633,Thursday,College,Morning,Cold,Medium,Notebook,0.5,0.967,20,0,0
633,Thursday,College,Morning,Cold,Medium,Laptop,0.8,0.918,13,0,0
633,Thursday,College,Morning,Cold,Medium,Umbrella,0.35,0.293,4,0,1
633,Thursday,College,Morning,Cold,Medium,ID_Card,0.9,0.832,19,0,0
633,Thursday,College,Morning,Cold,Medium,Phone,0.98,0.955,10,0,0
633,Thursday,College,Morning,Cold,Medium,Water_Bottle,0.45,0.39,5,1,1
633,Thursday,College,Morning,Cold,Medium,Wallet,0.95,0.784,16,0,0
633,Thursday,College,Morning,Cold,Medium,Keys,0.93,0.571,10,0,0
634,Wednesday,College,Evening,Rainy,Short,Keys,0.93,0.624,6,1,0
634,Wednesday,College,Evening,Rainy,Short,Notebook,0.5,0.876,9,1,0
634,Wednesday,College,Evening,Rainy,Short,Charger,0.55,0.774,8,4,1
634,Wednesday,College,Evening,Rainy,Short,Earphones,0.4,0.609,8,2,0
634,Wednesday,College,Evening,Rainy,Short,ID_Card,0.9,0.99,21,0,0
634,Wednesday,College,Evening,Rainy,Short,Phone,0.98,0.978,13,0,0
635,Tuesday,College,Morning,Sunny,Long,ID_Card,0.9,0.907,13,1,0
635,Tuesday,College,Morning,Sunny,Long,Wallet,0.95,0.863,9,0,0
635,Tuesday,College,Morning,Sunny,Long,Laptop,0.8,0.896,25,1,1
635,Tuesday,College,Morning,Sunny,Long,Charger,0.55,0.754,8,0,0
635,Tuesday,College,Morning,Sunny,Long,Phone,0.98,0.856,15,0,0
636,Friday,Family_Event,Morning,Rainy,Short,Water_Bottle,0.45,0.371,6,1,0
636,Friday,Family_Event,Morning,Rainy,Short,Earphones,0.4,0.167,7,1,1
636,Friday,Family_Event,Morning,Rainy,Short,Keys,0.93,0.473,12,0,0
636,Friday,Family_Event,Morning,Rainy,Short,Umbrella,0.35,0.794,15,2,1
636,Friday,Family_Event,Morning,Rainy,Short,Phone,0.98,0.777,9,0,0
637,Tuesday,Gym,Evening,Rainy,Medium,Phone,0.98,0.722,9,0,0
637,Tuesday,Gym,Evening,Rainy,Medium,Umbrella,0.35,0.74,7,3,0
637,Tuesday,Gym,Evening,Rainy,Medium,Earphones,0.4,0.879,17,2,0
637,Tuesday,Gym,Evening,Rainy,Medium,Wallet,0.95,0.304,7,0,0
637,Tuesday,Gym,Evening,Rainy,Medium,Water_Bottle,0.45,0.852,23,0,0
638,Wednesday,Other,Evening,Cold,Short,ID_Card,0.9,0.505,8,1,0
638,Wednesday,Other,Evening,Cold,Short,Keys,0.93,0.485,8,0,0
638,Wednesday,Other,Evening,Cold,Short,Phone,0.98,0.799,9,0,0
638,Wednesday,Other,Evening,Cold,Short,Umbrella,0.35,0.223,4,4,1
639,Saturday,College,Morning,Cloudy,Short,Umbrella,0.35,0.474,9,1,0
639,Saturday,College,Morning,Cloudy,Short,Wallet,0.95,0.805,13,0,0
639,Saturday,College,Morning,Cloudy,Short,Phone,0.98,0.896,18,0,0
639,Saturday,College,Morning,Cloudy,Short,ID_Card,0.9,0.932,21,0,0
639,Saturday,College,Morning,Cloudy,Short,Water_Bottle,0.45,0.625,9,4,1
639,Saturday,College,Morning,Cloudy,Short,Earphones,0.4,0.655,12,1,1
639,Saturday,College,Morning,Cloudy,Short,Charger,0.55,0.837,12,1,1
640,Sunday,Travel,Morning,Sunny,Medium,Wallet,0.95,0.898,11,0,0
640,Sunday,Travel,Morning,Sunny,Medium,ID_Card,0.9,0.99,18,0,0
640,Sunday,Travel,Morning,Sunny,Medium,Charger,0.55,0.769,6,1,1
640,Sunday,Travel,Morning,Sunny,Medium,Earphones,0.4,0.615,10,4,1
640,Sunday,Travel,Morning,Sunny,Medium,Phone,0.98,0.916,10,0,0
640,Sunday,Travel,Morning,Sunny,Medium,Laptop,0.8,0.56,11,0,1
641,Friday,Gym,Night,Sunny,Medium,Charger,0.55,0.205,6,1,0
641,Friday,Gym,Night,Sunny,Medium,Water_Bottle,0.45,0.884,16,2,0
641,Friday,Gym,Night,Sunny,Medium,Earphones,0.4,0.734,19,1,0
641,Friday,Gym,Night,Sunny,Medium,Keys,0.93,0.522,9,1,0
641,Friday,Gym,Night,Sunny,Medium,Phone,0.98,0.732,12,0,0
642,Sunday,Gym,Evening,Rainy,Long,Wallet,0.95,0.349,4,0,0
642,Sunday,Gym,Evening,Rainy,Long,Water_Bottle,0.45,0.926,10,3,0
642,Sunday,Gym,Evening,Rainy,Long,Earphones,0.4,0.858,14,0,0
643,Saturday,Family_Event,Afternoon,Cold,Long,ID_Card,0.9,0.287,9,0,0
643,Saturday,Family_Event,Afternoon,Cold,Long,Keys,0.93,0.548,4,0,0
643,Saturday,Family_Event,Afternoon,Cold,Long,Umbrella,0.35,0.297,10,3,1
643,Saturday,Family_Event,Afternoon,Cold,Long,Charger,0.55,0.348,5,0,0
644,Thursday,Other,Morning,Sunny,Short,ID_Card,0.9,0.364,9,1,1
644,Thursday,Other,Morning,Sunny,Short,Earphones,0.4,0.3,5,0,1
644,Thursday,Other,Morning,Sunny,Short,Wallet,0.95,0.628,10,0,0
644,Thursday,Other,Morning,Sunny,Short,Water_Bottle,0.45,0.444,7,2,1
644,Thursday,Other,Morning,Sunny,Short,Keys,0.93,0.516,8,1,0
645,Saturday,Family_Event,Morning,Hot,Short,Phone,0.98,0.844,14,0,0
646,Wednesday,College,Morning,Cold,Short,Charger,0.55,0.87,17,0,0
646,Wednesday,College,Morning,Cold,Short,Keys,0.93,0.61,16,0,0
646,Wednesday,College,Morning,Cold,Short,Notebook,0.5,0.919,16,3,1
646,Wednesday,College,Morning,Cold,Short,ID_Card,0.9,0.975,16,0,0
646,Wednesday,College,Morning,Cold,Short,Phone,0.98,0.968,13,0,0
646,Wednesday,College,Morning,Cold,Short,Earphones,0.4,0.581,8,3,1
647,Thursday,Office,Evening,Sunny,Medium,Phone,0.98,0.883,11,0,0
647,Thursday,Office,Evening,Sunny,Medium,Charger,0.55,0.811,13,0,1
647,Thursday,Office,Evening,Sunny,Medium,Laptop,0.8,0.771,12,0,1
648,Thursday,Travel,Morning,Sunny,Medium,Charger,0.55,0.955,18,0,1
648,Thursday,Travel,Morning,Sunny,Medium,Wallet,0.95,0.885,14,0,0
648,Thursday,Travel,Morning,Sunny,Medium,ID_Card,0.9,0.845,17,0,0
648,Thursday,Travel,Morning,Sunny,Medium,Laptop,0.8,0.497,10,1,1
648,Thursday,Travel,Morning,Sunny,Medium,Phone,0.98,0.979,14,0,0
649,Sunday,Office,Morning,Rainy,Long,Laptop,0.8,0.907,7,0,1
649,Sunday,Office,Morning,Rainy,Long,Keys,0.93,0.721,15,0,0
649,Sunday,Office,Morning,Rainy,Long,Phone,0.98,0.989,19,0,1
649,Sunday,Office,Morning,Rainy,Long,Umbrella,0.35,0.862,15,3,0
649,Sunday,Office,Morning,Rainy,Long,ID_Card,0.9,0.873,18,0,0
650,Saturday,Friends_House,Evening,Rainy,Medium,Phone,0.98,0.99,19,0,0
650,Saturday,Friends_House,Evening,Rainy,Medium,ID_Card,0.9,0.203,5,0,0
650,Saturday,Friends_House,Evening,Rainy,Medium,Wallet,0.95,0.529,8,0,0
651,Thursday,Shopping,Night,Sunny,Short,Notebook,0.5,0.08,2,2,0
651,Thursday,Shopping,Night,Sunny,Short,Wallet,0.95,0.966,12,1,0
651,Thursday,Shopping,Night,Sunny,Short,Water_Bottle,0.45,0.383,8,0,1
651,Thursday,Shopping,Night,Sunny,Short,Keys,0.93,0.529,10,0,1
651,Thursday,Shopping,Night,Sunny,Short,Umbrella,0.35,0.108,9,3,1
652,Friday,Shopping,Evening,Hot,Medium,Phone,0.98,0.897,7,0,0
652,Friday,Shopping,Evening,Hot,Medium,Wallet,0.95,0.93,12,0,0
652,Friday,Shopping,Evening,Hot,Medium,Water_Bottle,0.45,0.602,8,1,1
653,Tuesday,Family_Event,Afternoon,Rainy,Medium,Phone,0.98,0.877,10,0,0
653,Tuesday,Family_Event,Afternoon,Rainy,Medium,Charger,0.55,0.344,5,0,1
653,Tuesday,Family_Event,Afternoon,Rainy,Medium,ID_Card,0.9,0.373,10,1,1
653,Tuesday,Family_Event,Afternoon,Rainy,Medium,Wallet,0.95,0.608,11,0,0
653,Tuesday,Family_Event,Afternoon,Rainy,Medium,Keys,0.93,0.554,8,0,1
653,Tuesday,Family_Event,Afternoon,Rainy,Medium,Umbrella,0.35,0.8,8,0,1
654,Saturday,Friends_House,Afternoon,Cold,Medium,ID_Card,0.9,0.319,7,0,0
654,Saturday,Friends_House,Afternoon,Cold,Medium,Keys,0.93,0.601,10,0,1
654,Saturday,Friends_House,Afternoon,Cold,Medium,Charger,0.55,0.389,7,0,1
654,Saturday,Friends_House,Afternoon,Cold,Medium,Phone,0.98,0.845,16,0,0
655,Thursday,College,Afternoon,Cold,Short,Keys,0.93,0.7,16,0,1
655,Thursday,College,Afternoon,Cold,Short,Water_Bottle,0.45,0.522,9,0,0
655,Thursday,College,Afternoon,Cold,Short,Laptop,0.8,0.861,14,0,0
655,Thursday,College,Afternoon,Cold,Short,ID_Card,0.9,0.837,13,3,0
655,Thursday,College,Afternoon,Cold,Short,Charger,0.55,0.785,8,2,1
655,Thursday,College,Afternoon,Cold,Short,Notebook,0.5,0.986,14,1,0
655,Thursday,College,Afternoon,Cold,Short,Earphones,0.4,0.545,11,1,0
655,Thursday,College,Afternoon,Cold,Short,Wallet,0.95,0.725,9,0,0
656,Thursday,College,Morning,Hot,Short,Laptop,0.8,0.893,6,2,0
656,Thursday,College,Morning,Hot,Short,Phone,0.98,0.835,13,0,0
656,Thursday,College,Morning,Hot,Short,Charger,0.55,0.95,16,0,0
656,Thursday,College,Morning,Hot,Short,Umbrella,0.35,0.217,4,2,1
656,Thursday,College,Morning,Hot,Short,Wallet,0.95,0.743,8,0,1
656,Thursday,College,Morning,Hot,Short,ID_Card,0.9,0.99,13,1,1
656,Thursday,College,Morning,Hot,Short,Water_Bottle,0.45,0.965,14,0,0
656,Thursday,College,Morning,Hot,Short,Notebook,0.5,0.9,12,0,0
657,Saturday,Travel,Afternoon,Rainy,Medium,Keys,0.93,0.4,8,1,0
657,Saturday,Travel,Afternoon,Rainy,Medium,Phone,0.98,0.926,16,0,0
657,Saturday,Travel,Afternoon,Rainy,Medium,Umbrella,0.35,0.984,10,2,0
657,Saturday,Travel,Afternoon,Rainy,Medium,Earphones,0.4,0.63,12,0,0
657,Saturday,Travel,Afternoon,Rainy,Medium,ID_Card,0.9,0.947,17,0,0
657,Saturday,Travel,Afternoon,Rainy,Medium,Charger,0.55,0.894,14,1,1
658,Friday,Shopping,Afternoon,Sunny,Short,Water_Bottle,0.45,0.332,9,1,1
658,Friday,Shopping,Afternoon,Sunny,Short,Laptop,0.8,0.01,7,2,1
658,Friday,Shopping,Afternoon,Sunny,Short,Wallet,0.95,0.889,16,0,0
659,Monday,Office,Afternoon,Rainy,Medium,Charger,0.55,0.727,13,1,0
659,Monday,Office,Afternoon,Rainy,Medium,ID_Card,0.9,0.79,14,0,0
659,Monday,Office,Afternoon,Rainy,Medium,Umbrella,0.35,0.832,11,0,0
659,Monday,Office,Afternoon,Rainy,Medium,Phone,0.98,0.975,12,0,0
659,Monday,Office,Afternoon,Rainy,Medium,Water_Bottle,0.45,0.6,13,0,1
659,Monday,Office,Afternoon,Rainy,Medium,Wallet,0.95,0.688,14,0,0
659,Monday,Office,Afternoon,Rainy,Medium,Laptop,0.8,0.845,13,1,0
659,Monday,Office,Afternoon,Rainy,Medium,Keys,0.93,0.53,10,0,1
660,Wednesday,Gym,Evening,Sunny,Short,Earphones,0.4,0.837,11,3,1
660,Wednesday,Gym,Evening,Sunny,Short,Laptop,0.8,0.059,2,1,1
660,Wednesday,Gym,Evening,Sunny,Short,Water_Bottle,0.45,0.895,9,2,1
661,Tuesday,Friends_House,Night,Rainy,Medium,Phone,0.98,0.808,15,0,0
661,Tuesday,Friends_House,Night,Rainy,Medium,Wallet,0.95,0.484,14,0,0
661,Tuesday,Friends_House,Night,Rainy,Medium,Water_Bottle,0.45,0.371,4,0,1
662,Saturday,Family_Event,Morning,Sunny,Medium,ID_Card,0.9,0.349,8,1,1
662,Saturday,Family_Event,Morning,Sunny,Medium,Keys,0.93,0.574,14,0,0
662,Saturday,Family_Event,Morning,Sunny,Medium,Phone,0.98,0.847,13,0,0
663,Monday,Shopping,Afternoon,Rainy,Long,Water_Bottle,0.45,0.352,5,1,1
663,Monday,Shopping,Afternoon,Rainy,Long,Phone,0.98,0.819,17,0,0
663,Monday,Shopping,Afternoon,Rainy,Long,Keys,0.93,0.629,10,0,0
664,Tuesday,Gym,Morning,Sunny,Short,Earphones,0.4,0.754,19,1,0
664,Tuesday,Gym,Morning,Sunny,Short,Water_Bottle,0.45,0.99,15,0,0
665,Friday,Office,Afternoon,Sunny,Short,Water_Bottle,0.45,0.495,9,2,1
665,Friday,Office,Afternoon,Sunny,Short,Notebook,0.5,0.491,10,1,1
665,Friday,Office,Afternoon,Sunny,Short,Keys,0.93,0.658,9,0,0
665,Friday,Office,Afternoon,Sunny,Short,Laptop,0.8,0.868,12,2,0
665,Friday,Office,Afternoon,Sunny,Short,ID_Card,0.9,0.815,16,0,0
665,Friday,Office,Afternoon,Sunny,Short,Wallet,0.95,0.732,11,0,0
666,Friday,Shopping,Morning,Sunny,Short,Earphones,0.4,0.352,11,1,0
666,Friday,Shopping,Morning,Sunny,Short,Keys,0.93,0.69,12,0,0
666,Friday,Shopping,Morning,Sunny,Short,Notebook,0.5,0.141,5,0,1
666,Friday,Shopping,Morning,Sunny,Short,Laptop,0.8,0.106,3,2,1
666,Friday,Shopping,Morning,Sunny,Short,Phone,0.98,0.795,15,0,0
667,Thursday,Office,Morning,Rainy,Medium,Notebook,0.5,0.522,4,2,1
667,Thursday,Office,Morning,Rainy,Medium,Charger,0.55,0.757,14,3,1
667,Thursday,Office,Morning,Rainy,Medium,ID_Card,0.9,0.716,9,0,1
667,Thursday,Office,Morning,Rainy,Medium,Keys,0.93,0.58,11,0,0
667,Thursday,Office,Morning,Rainy,Medium,Earphones,0.4,0.44,8,1,1
667,Thursday,Office,Morning,Rainy,Medium,Laptop,0.8,0.832,15,0,0
667,Thursday,Office,Morning,Rainy,Medium,Phone,0.98,0.986,20,0,0
667,Thursday,Office,Morning,Rainy,Medium,Umbrella,0.35,0.809,15,5,1
667,Thursday,Office,Morning,Rainy,Medium,Water_Bottle,0.45,0.588,11,0,1
668,Sunday,Shopping,Evening,Hot,Short,Keys,0.93,0.523,10,0,1
668,Sunday,Shopping,Evening,Hot,Short,Water_Bottle,0.45,0.583,13,1,1
668,Sunday,Shopping,Evening,Hot,Short,Earphones,0.4,0.374,8,1,0
668,Sunday,Shopping,Evening,Hot,Short,Wallet,0.95,0.99,17,0,0
669,Sunday,Travel,Afternoon,Sunny,Medium,ID_Card,0.9,0.99,16,0,0
669,Sunday,Travel,Afternoon,Sunny,Medium,Charger,0.55,0.985,13,4,1
669,Sunday,Travel,Afternoon,Sunny,Medium,Phone,0.98,0.987,17,0,0
669,Sunday,Travel,Afternoon,Sunny,Medium,Laptop,0.8,0.537,4,1,0
670,Monday,College,Night,Cold,Short,Notebook,0.5,0.852,12,2,1
670,Monday,College,Night,Cold,Short,Phone,0.98,0.897,17,0,0
670,Monday,College,Night,Cold,Short,Charger,0.55,0.731,5,1,1
670,Monday,College,Night,Cold,Short,Earphones,0.4,0.611,10,0,0
670,Monday,College,Night,Cold,Short,Laptop,0.8,0.93,15,0,0
670,Monday,College,Night,Cold,Short,Keys,0.93,0.597,7,0,0
670,Monday,College,Night,Cold,Short,Umbrella,0.35,0.363,10,1,1
670,Monday,College,Night,Cold,Short,Wallet,0.95,0.737,8,0,0
671,Sunday,College,Morning,Cold,Short,Water_Bottle,0.45,0.475,5,2,0
671,Sunday,College,Morning,Cold,Short,Earphones,0.4,0.521,12,2,0
671,Sunday,College,Morning,Cold,Short,Phone,0.98,0.941,7,0,1
671,Sunday,College,Morning,Cold,Short,Charger,0.55,0.853,16,1,0
671,Sunday,College,Morning,Cold,Short,Laptop,0.8,0.85,19,0,0
671,Sunday,College,Morning,Cold,Short,Wallet,0.95,0.783,16,0,1
671,Sunday,College,Morning,Cold,Short,ID_Card,0.9,0.858,17,1,0
672,Friday,Office,Morning,Cloudy,Medium,Phone,0.98,0.935,16,0,0
672,Friday,Office,Morning,Cloudy,Medium,Charger,0.55,0.756,17,0,1
672,Friday,Office,Morning,Cloudy,Medium,Wallet,0.95,0.752,12,0,1
672,Friday,Office,Morning,Cloudy,Medium,Laptop,0.8,0.808,7,2,1
672,Friday,Office,Morning,Cloudy,Medium,ID_Card,0.9,0.855,20,0,0
672,Friday,Office,Morning,Cloudy,Medium,Earphones,0.4,0.377,5,0,0
673,Friday,Family_Event,Afternoon,Rainy,Medium,Phone,0.98,0.843,12,0,1
673,Friday,Family_Event,Afternoon,Rainy,Medium,Water_Bottle,0.45,0.175,7,2,1
673,Friday,Family_Event,Afternoon,Rainy,Medium,ID_Card,0.9,0.28,4,1,1
673,Friday,Family_Event,Afternoon,Rainy,Medium,Keys,0.93,0.48,10,0,0
674,Monday,Travel,Morning,Cloudy,Long,ID_Card,0.9,0.982,17,0,0
674,Monday,Travel,Morning,Cloudy,Long,Laptop,0.8,0.507,13,1,0
674,Monday,Travel,Morning,Cloudy,Long,Earphones,0.4,0.646,9,0,1
674,Monday,Travel,Morning,Cloudy,Long,Umbrella,0.35,0.461,8,1,1
674,Monday,Travel,Morning,Cloudy,Long,Water_Bottle,0.45,0.59,7,1,1
674,Monday,Travel,Morning,Cloudy,Long,Charger,0.55,0.838,11,2,1
675,Friday,College,Morning,Sunny,Medium,Charger,0.55,0.91,17,0,1
675,Friday,College,Morning,Sunny,Medium,Laptop,0.8,0.967,18,1,1
676,Saturday,Family_Event,Night,Rainy,Medium,Keys,0.93,0.562,10,0,0
676,Saturday,Family_Event,Night,Rainy,Medium,Phone,0.98,0.822,10,0,0
676,Saturday,Family_Event,Night,Rainy,Medium,Charger,0.55,0.237,7,5,1
676,Saturday,Family_Event,Night,Rainy,Medium,Umbrella,0.35,0.854,16,2,0
676,Saturday,Family_Event,Night,Rainy,Medium,ID_Card,0.9,0.229,6,0,1
676,Saturday,Family_Event,Night,Rainy,Medium,Wallet,0.95,0.562,1,1,0
677,Friday,Gym,Morning,Sunny,Medium,Charger,0.55,0.098,4,0,1
677,Friday,Gym,Morning,Sunny,Medium,Phone,0.98,0.667,9,0,0
677,Friday,Gym,Morning,Sunny,Medium,Earphones,0.4,0.889,15,1,0
677,Friday,Gym,Morning,Sunny,Medium,Laptop,0.8,0.091,4,2,1
677,Friday,Gym,Morning,Sunny,Medium,Water_Bottle,0.45,0.866,9,0,1
678,Monday,Gym,Morning,Cold,Medium,Wallet,0.95,0.26,8,0,0
678,Monday,Gym,Morning,Cold,Medium,ID_Card,0.9,0.212,4,0,0
678,Monday,Gym,Morning,Cold,Medium,Water_Bottle,0.45,0.79,12,0,0
678,Monday,Gym,Morning,Cold,Medium,Keys,0.93,0.461,6,0,1
678,Monday,Gym,Morning,Cold,Medium,Phone,0.98,0.746,6,0,0
678,Monday,Gym,Morning,Cold,Medium,Earphones,0.4,0.857,14,1,1
679,Thursday,Other,Afternoon,Cold,Short,Earphones,0.4,0.366,6,3,1
680,Sunday,College,Afternoon,Hot,Medium,Laptop,0.8,0.846,13,1,1
680,Sunday,College,Afternoon,Hot,Medium,Phone,0.98,0.914,15,0,0
680,Sunday,College,Afternoon,Hot,Medium,Earphones,0.4,0.596,12,0,0
680,Sunday,College,Afternoon,Hot,Medium,Water_Bottle,0.45,0.934,14,2,0
680,Sunday,College,Afternoon,Hot,Medium,Wallet,0.95,0.769,13,0,0
680,Sunday,College,Afternoon,Hot,Medium,Umbrella,0.35,0.114,1,0,1
680,Sunday,College,Afternoon,Hot,Medium,ID_Card,0.9,0.928,12,1,0
681,Saturday,Office,Afternoon,Rainy,Medium,Earphones,0.4,0.43,7,1,0
681,Saturday,Office,Afternoon,Rainy,Medium,ID_Card,0.9,0.861,9,0,1
681,Saturday,Office,Afternoon,Rainy,Medium,Charger,0.55,0.737,7,3,1
681,Saturday,Office,Afternoon,Rainy,Medium,Wallet,0.95,0.685,8,0,0
681,Saturday,Office,Afternoon,Rainy,Medium,Laptop,0.8,0.836,9,1,0
681,Saturday,Office,Afternoon,Rainy,Medium,Notebook,0.5,0.463,10,2,1
681,Saturday,Office,Afternoon,Rainy,Medium,Umbrella,0.35,0.759,12,0,0
682,Monday,Travel,Afternoon,Rainy,Short,ID_Card,0.9,0.98,12,0,0
682,Monday,Travel,Afternoon,Rainy,Short,Charger,0.55,0.906,13,0,0
682,Monday,Travel,Afternoon,Rainy,Short,Wallet,0.95,0.912,9,0,0
682,Monday,Travel,Afternoon,Rainy,Short,Water_Bottle,0.45,0.472,11,0,0
682,Monday,Travel,Afternoon,Rainy,Short,Notebook,0.5,0.197,2,1,1
682,Monday,Travel,Afternoon,Rainy,Short,Keys,0.93,0.449,2,0,0
682,Monday,Travel,Afternoon,Rainy,Short,Phone,0.98,0.99,17,0,0
682,Monday,Travel,Afternoon,Rainy,Short,Umbrella,0.35,0.966,9,0,0
683,Sunday,College,Evening,Cold,Medium,Keys,0.93,0.636,7,0,0
683,Sunday,College,Evening,Cold,Medium,Charger,0.55,0.788,9,2,0
683,Sunday,College,Evening,Cold,Medium,Umbrella,0.35,0.396,7,2,0
683,Sunday,College,Evening,Cold,Medium,Earphones,0.4,0.6,11,1,0
683,Sunday,College,Evening,Cold,Medium,Notebook,0.5,0.88,18,2,0
683,Sunday,College,Evening,Cold,Medium,Water_Bottle,0.45,0.496,4,1,0
683,Sunday,College,Evening,Cold,Medium,Phone,0.98,0.894,21,0,0
683,Sunday,College,Evening,Cold,Medium,Laptop,0.8,0.745,8,1,0
683,Sunday,College,Evening,Cold,Medium,ID_Card,0.9,0.96,9,1,0
684,Sunday,Travel,Morning,Sunny,Medium,Wallet,0.95,0.879,10,0,0
684,Sunday,Travel,Morning,Sunny,Medium,ID_Card,0.9,0.912,15,2,0
684,Sunday,Travel,Morning,Sunny,Medium,Keys,0.93,0.382,2,0,0
684,Sunday,Travel,Morning,Sunny,Medium,Laptop,0.8,0.495,6,2,1
685,Tuesday,Office,Afternoon,Sunny,Medium,Phone,0.98,0.898,15,0,0
685,Tuesday,Office,Afternoon,Sunny,Medium,Charger,0.55,0.803,8,1,0
685,Tuesday,Office,Afternoon,Sunny,Medium,Laptop,0.8,0.85,17,1,0
685,Tuesday,Office,Afternoon,Sunny,Medium,Earphones,0.4,0.408,10,4,1
685,Tuesday,Office,Afternoon,Sunny,Medium,ID_Card,0.9,0.774,17,0,0
685,Tuesday,Office,Afternoon,Sunny,Medium,Notebook,0.5,0.538,6,0,1
686,Saturday,College,Evening,Rainy,Short,Earphones,0.4,0.472,11,1,1
686,Saturday,College,Evening,Rainy,Short,Umbrella,0.35,0.88,16,1,0
686,Saturday,College,Evening,Rainy,Short,Water_Bottle,0.45,0.677,10,2,1
686,Saturday,College,Evening,Rainy,Short,Wallet,0.95,0.71,7,0,0
686,Saturday,College,Evening,Rainy,Short,Phone,0.98,0.97,18,0,0
686,Saturday,College,Evening,Rainy,Short,Notebook,0.5,0.915,11,1,0
686,Saturday,College,Evening,Rainy,Short,Laptop,0.8,0.896,18,0,0
686,Saturday,College,Evening,Rainy,Short,Charger,0.55,0.784,14,2,0
687,Wednesday,Office,Evening,Cloudy,Medium,Laptop,0.8,0.869,10,0,0
687,Wednesday,Office,Evening,Cloudy,Medium,Earphones,0.4,0.432,7,6,1
687,Wednesday,Office,Evening,Cloudy,Medium,ID_Card,0.9,0.851,13,0,0
687,Wednesday,Office,Evening,Cloudy,Medium,Notebook,0.5,0.518,7,1,1
688,Friday,Gym,Afternoon,Cloudy,Long,Earphones,0.4,0.836,6,1,0
688,Friday,Gym,Afternoon,Cloudy,Long,Keys,0.93,0.443,15,0,0
688,Friday,Gym,Afternoon,Cloudy,Long,Water_Bottle,0.45,0.968,13,1,0
688,Friday,Gym,Afternoon,Cloudy,Long,Umbrella,0.35,0.344,9,1,1
689,Thursday,College,Afternoon,Sunny,Short,Laptop,0.8,0.99,12,1,0
689,Thursday,College,Afternoon,Sunny,Short,Water_Bottle,0.45,0.578,7,2,1
689,Thursday,College,Afternoon,Sunny,Short,Charger,0.55,0.894,9,0,0
689,Thursday,College,Afternoon,Sunny,Short,Phone,0.98,0.919,14,0,0
689,Thursday,College,Afternoon,Sunny,Short,ID_Card,0.9,0.902,20,0,0
690,Saturday,College,Morning,Rainy,Short,Phone,0.98,0.933,12,0,1
690,Saturday,College,Morning,Rainy,Short,ID_Card,0.9,0.795,12,1,0
690,Saturday,College,Morning,Rainy,Short,Charger,0.55,0.873,15,2,1
690,Saturday,College,Morning,Rainy,Short,Notebook,0.5,0.812,16,0,0
690,Saturday,College,Morning,Rainy,Short,Wallet,0.95,0.792,11,0,0
690,Saturday,College,Morning,Rainy,Short,Umbrella,0.35,0.868,16,2,0
690,Saturday,College,Morning,Rainy,Short,Laptop,0.8,0.859,13,3,0
691,Sunday,Family_Event,Morning,Sunny,Short,Water_Bottle,0.45,0.379,6,2,1
691,Sunday,Family_Event,Morning,Sunny,Short,Phone,0.98,0.786,16,0,0
691,Sunday,Family_Event,Morning,Sunny,Short,ID_Card,0.9,0.325,6,2,1
692,Saturday,Office,Morning,Sunny,Short,Keys,0.93,0.535,11,0,0
692,Saturday,Office,Morning,Sunny,Short,Water_Bottle,0.45,0.481,9,2,0
692,Saturday,Office,Morning,Sunny,Short,Notebook,0.5,0.588,14,0,1
692,Saturday,Office,Morning,Sunny,Short,Charger,0.55,0.804,11,1,1
692,Saturday,Office,Morning,Sunny,Short,Earphones,0.4,0.485,7,4,1
692,Saturday,Office,Morning,Sunny,Short,ID_Card,0.9,0.831,20,0,1
693,Sunday,Gym,Evening,Sunny,Long,Keys,0.93,0.564,11,0,0
693,Sunday,Gym,Evening,Sunny,Long,Water_Bottle,0.45,0.904,7,1,0
693,Sunday,Gym,Evening,Sunny,Long,Earphones,0.4,0.814,10,3,0
693,Sunday,Gym,Evening,Sunny,Long,Phone,0.98,0.713,12,0,0
694,Sunday,College,Morning,Cloudy,Medium,Notebook,0.5,0.93,11,0,0
694,Sunday,College,Morning,Cloudy,Medium,ID_Card,0.9,0.849,15,1,0
694,Sunday,College,Morning,Cloudy,Medium,Laptop,0.8,0.876,17,1,0
694,Sunday,College,Morning,Cloudy,Medium,Charger,0.55,0.89,11,1,1
694,Sunday,College,Morning,Cloudy,Medium,Phone,0.98,0.896,16,1,0
694,Sunday,College,Morning,Cloudy,Medium,Keys,0.93,0.584,8,0,0
695,Monday,Office,Evening,Cold,Short,Phone,0.98,0.962,15,0,0
695,Monday,Office,Evening,Cold,Short,Laptop,0.8,0.896,19,0,0
695,Monday,Office,Evening,Cold,Short,Charger,0.55,0.841,15,0,1
695,Monday,Office,Evening,Cold,Short,Keys,0.93,0.635,12,0,0
695,Monday,Office,Evening,Cold,Short,Umbrella,0.35,0.334,6,3,1
695,Monday,Office,Evening,Cold,Short,Water_Bottle,0.45,0.431,5,2,0
696,Tuesday,Office,Morning,Cloudy,Short,ID_Card,0.9,0.788,13,1,1
696,Tuesday,Office,Morning,Cloudy,Short,Phone,0.98,0.89,13,1,0
696,Tuesday,Office,Morning,Cloudy,Short,Wallet,0.95,0.622,7,0,1
696,Tuesday,Office,Morning,Cloudy,Short,Laptop,0.8,0.854,12,1,0
697,Saturday,Travel,Evening,Rainy,Long,Phone,0.98,0.99,20,0,0
697,Saturday,Travel,Evening,Rainy,Long,Charger,0.55,0.9,12,3,1
697,Saturday,Travel,Evening,Rainy,Long,Umbrella,0.35,0.854,12,1,1
698,Friday,Office,Evening,Hot,Short,Water_Bottle,0.45,0.803,10,1,1
698,Friday,Office,Evening,Hot,Short,Phone,0.98,0.922,17,0,0
698,Friday,Office,Evening,Hot,Short,Keys,0.93,0.654,5,0,0
698,Friday,Office,Evening,Hot,Short,ID_Card,0.9,0.883,7,1,0
698,Friday,Office,Evening,Hot,Short,Laptop,0.8,0.915,16,2,1
698,Friday,Office,Evening,Hot,Short,Charger,0.55,0.853,17,0,0
699,Monday,Family_Event,Morning,Cloudy,Medium,Wallet,0.95,0.557,7,0,1
699,Monday,Family_Event,Morning,Cloudy,Medium,Phone,0.98,0.883,13,0,0
700,Monday,Other,Morning,Hot,Short,Water_Bottle,0.45,0.767,13,0,0
700,Monday,Other,Morning,Hot,Short,Charger,0.55,0.323,11,1,1
700,Monday,Other,Morning,Hot,Short,Wallet,0.95,0.676,14,0,0
700,Monday,Other,Morning,Hot,Short,ID_Card,0.9,0.411,6,1,0
700,Monday,Other,Morning,Hot,Short,Phone,0.98,0.816,10,0,0
701,Thursday,College,Morning,Rainy,Short,ID_Card,0.9,0.907,13,2,1
701,Thursday,College,Morning,Rainy,Short,Charger,0.55,0.982,10,1,0
701,Thursday,College,Morning,Rainy,Short,Laptop,0.8,0.807,19,1,0
701,Thursday,College,Morning,Rainy,Short,Notebook,0.5,0.957,19,0,0
701,Thursday,College,Morning,Rainy,Short,Phone,0.98,0.895,15,0,0
702,Friday,College,Evening,Rainy,Medium,ID_Card,0.9,0.844,14,1,0
702,Friday,College,Evening,Rainy,Medium,Earphones,0.4,0.543,9,0,0
702,Friday,College,Evening,Rainy,Medium,Laptop,0.8,0.89,13,1,0
702,Friday,College,Evening,Rainy,Medium,Charger,0.55,0.845,15,2,1
702,Friday,College,Evening,Rainy,Medium,Umbrella,0.35,0.939,12,2,0
702,Friday,College,Evening,Rainy,Medium,Notebook,0.5,0.858,12,1,0
702,Friday,College,Evening,Rainy,Medium,Phone,0.98,0.99,12,0,0
702,Friday,College,Evening,Rainy,Medium,Wallet,0.95,0.762,16,0,0
703,Tuesday,College,Morning,Sunny,Short,Wallet,0.95,0.651,10,0,0
703,Tuesday,College,Morning,Sunny,Short,Phone,0.98,0.877,15,0,0
703,Tuesday,College,Morning,Sunny,Short,Notebook,0.5,0.966,12,0,0
703,Tuesday,College,Morning,Sunny,Short,ID_Card,0.9,0.913,6,0,0
703,Tuesday,College,Morning,Sunny,Short,Keys,0.93,0.723,12,0,0
703,Tuesday,College,Morning,Sunny,Short,Laptop,0.8,0.954,18,0,0
704,Tuesday,Travel,Afternoon,Sunny,Medium,Charger,0.55,0.946,13,1,1
704,Tuesday,Travel,Afternoon,Sunny,Medium,Wallet,0.95,0.989,11,1,0
704,Tuesday,Travel,Afternoon,Sunny,Medium,Keys,0.93,0.429,10,0,0
704,Tuesday,Travel,Afternoon,Sunny,Medium,Laptop,0.8,0.544,7,1,0
704,Tuesday,Travel,Afternoon,Sunny,Medium,Phone,0.98,0.99,8,0,0
704,Tuesday,Travel,Afternoon,Sunny,Medium,Umbrella,0.35,0.205,3,2,1
704,Tuesday,Travel,Afternoon,Sunny,Medium,ID_Card,0.9,0.887,12,0,0
705,Monday,College,Afternoon,Cold,Short,Charger,0.55,0.866,14,1,1
705,Monday,College,Afternoon,Cold,Short,Laptop,0.8,0.912,13,0,0
705,Monday,College,Afternoon,Cold,Short,Water_Bottle,0.45,0.491,10,2,0
705,Monday,College,Afternoon,Cold,Short,ID_Card,0.9,0.924,12,1,0
706,Thursday,Family_Event,Evening,Hot,Medium,ID_Card,0.9,0.265,8,0,0
706,Thursday,Family_Event,Evening,Hot,Medium,Charger,0.55,0.313,6,2,1
706,Thursday,Family_Event,Evening,Hot,Medium,Water_Bottle,0.45,0.622,12,2,1
706,Thursday,Family_Event,Evening,Hot,Medium,Keys,0.93,0.597,17,0,0
707,Monday,Friends_House,Afternoon,Cold,Medium,Laptop,0.8,0.207,4,2,0
707,Monday,Friends_House,Afternoon,Cold,Medium,Wallet,0.95,0.468,7,0,0
708,Friday,Family_Event,Afternoon,Cold,Medium,Charger,0.55,0.306,12,0,1
709,Thursday,Shopping,Night,Sunny,Short,Phone,0.98,0.885,13,0,0
709,Thursday,Shopping,Night,Sunny,Short,ID_Card,0.9,0.437,11,0,0
710,Thursday,Other,Morning,Hot,Medium,Wallet,0.95,0.579,8,0,0
710,Thursday,Other,Morning,Hot,Medium,Water_Bottle,0.45,0.633,5,3,1
710,Thursday,Other,Morning,Hot,Medium,ID_Card,0.9,0.485,11,1,1
711,Friday,College,Evening,Cloudy,Long,Earphones,0.4,0.523,11,0,1
711,Friday,College,Evening,Cloudy,Long,Water_Bottle,0.45,0.655,13,1,1
711,Friday,College,Evening,Cloudy,Long,Charger,0.55,0.751,13,0,1
711,Friday,College,Evening,Cloudy,Long,Keys,0.93,0.585,11,1,0
711,Friday,College,Evening,Cloudy,Long,Wallet,0.95,0.783,10,0,0
712,Thursday,Gym,Morning,Hot,Short,Earphones,0.4,0.914,18,0,0
712,Thursday,Gym,Morning,Hot,Short,Water_Bottle,0.45,0.96,16,0,1
712,Thursday,Gym,Morning,Hot,Short,Keys,0.93,0.488,10,0,0
712,Thursday,Gym,Morning,Hot,Short,Phone,0.98,0.74,13,0,1
713,Saturday,Office,Afternoon,Sunny,Short,Phone,0.98,0.842,12,0,0
713,Saturday,Office,Afternoon,Sunny,Short,ID_Card,0.9,0.939,16,0,0
713,Saturday,Office,Afternoon,Sunny,Short,Earphones,0.4,0.494,9,0,0
713,Saturday,Office,Afternoon,Sunny,Short,Notebook,0.5,0.594,6,1,1
713,Saturday,Office,Afternoon,Sunny,Short,Water_Bottle,0.45,0.489,16,1,1
713,Saturday,Office,Afternoon,Sunny,Short,Charger,0.55,0.843,13,0,0
714,Saturday,Other,Evening,Sunny,Long,Charger,0.55,0.392,7,3,1
714,Saturday,Other,Evening,Sunny,Long,Earphones,0.4,0.348,7,0,1
715,Sunday,Shopping,Evening,Hot,Short,Wallet,0.95,0.901,6,0,0
715,Sunday,Shopping,Evening,Hot,Short,Keys,0.93,0.674,16,0,0
715,Sunday,Shopping,Evening,Hot,Short,Phone,0.98,0.886,12,0,0
715,Sunday,Shopping,Evening,Hot,Short,ID_Card,0.9,0.44,9,1,1
716,Saturday,Family_Event,Evening,Hot,Medium,Phone,0.98,0.79,15,0,0
716,Saturday,Family_Event,Evening,Hot,Medium,Umbrella,0.35,0.222,2,1,1
716,Saturday,Family_Event,Evening,Hot,Medium,Wallet,0.95,0.592,12,0,0
717,Thursday,College,Morning,Rainy,Medium,Umbrella,0.35,0.833,10,0,0
717,Thursday,College,Morning,Rainy,Medium,Wallet,0.95,0.716,9,0,1
717,Thursday,College,Morning,Rainy,Medium,Phone,0.98,0.882,13,0,0
717,Thursday,College,Morning,Rainy,Medium,Keys,0.93,0.683,15,0,0
717,Thursday,College,Morning,Rainy,Medium,Earphones,0.4,0.599,9,0,1
717,Thursday,College,Morning,Rainy,Medium,ID_Card,0.9,0.875,19,0,0
717,Thursday,College,Morning,Rainy,Medium,Water_Bottle,0.45,0.636,5,0,1
718,Thursday,Other,Afternoon,Cloudy,Short,Charger,0.55,0.465,7,3,1
718,Thursday,Other,Afternoon,Cloudy,Short,Earphones,0.4,0.401,8,0,1
719,Tuesday,Shopping,Afternoon,Cloudy,Medium,Phone,0.98,0.872,12,0,0
719,Tuesday,Shopping,Afternoon,Cloudy,Medium,Keys,0.93,0.569,4,0,0
720,Friday,Shopping,Afternoon,Cold,Medium,Keys,0.93,0.557,12,1,0
720,Friday,Shopping,Afternoon,Cold,Medium,Wallet,0.95,0.947,14,0,0
720,Friday,Shopping,Afternoon,Cold,Medium,ID_Card,0.9,0.568,18,0,0
720,Friday,Shopping,Afternoon,Cold,Medium,Earphones,0.4,0.252,8,1,0
721,Monday,Other,Afternoon,Cloudy,Short,Keys,0.93,0.515,9,0,1
721,Monday,Other,Afternoon,Cloudy,Short,Earphones,0.4,0.384,3,2,0
721,Monday,Other,Afternoon,Cloudy,Short,Phone,0.98,0.812,12,0,0
722,Sunday,Gym,Morning,Cloudy,Long,Keys,0.93,0.495,9,0,0
722,Sunday,Gym,Morning,Cloudy,Long,Earphones,0.4,0.851,9,2,1
722,Sunday,Gym,Morning,Cloudy,Long,ID_Card,0.9,0.218,4,1,0
722,Sunday,Gym,Morning,Cloudy,Long,Charger,0.55,0.21,5,0,0
723,Saturday,Gym,Morning,Rainy,Short,Water_Bottle,0.45,0.942,16,0,0
723,Saturday,Gym,Morning,Rainy,Short,Earphones,0.4,0.8,15,0,0
723,Saturday,Gym,Morning,Rainy,Short,Keys,0.93,0.598,11,0,0
724,Monday,Travel,Morning,Cloudy,Short,Charger,0.55,0.885,18,1,1
724,Monday,Travel,Morning,Cloudy,Short,ID_Card,0.9,0.972,13,0,0
724,Monday,Travel,Morning,Cloudy,Short,Keys,0.93,0.51,8,0,1
724,Monday,Travel,Morning,Cloudy,Short,Earphones,0.4,0.543,6,1,1
724,Monday,Travel,Morning,Cloudy,Short,Wallet,0.95,0.935,11,0,0
724,Monday,Travel,Morning,Cloudy,Short,Notebook,0.5,0.259,4,1,1
724,Monday,Travel,Morning,Cloudy,Short,Water_Bottle,0.45,0.572,10,0,1
725,Saturday,College,Afternoon,Rainy,Long,Wallet,0.95,0.7,11,0,0
725,Saturday,College,Afternoon,Rainy,Long,Umbrella,0.35,0.826,13,0,1
725,Saturday,College,Afternoon,Rainy,Long,Laptop,0.8,0.825,9,1,1
725,Saturday,College,Afternoon,Rainy,Long,Earphones,0.4,0.513,5,1,1
725,Saturday,College,Afternoon,Rainy,Long,Keys,0.93,0.6,8,0,0
725,Saturday,College,Afternoon,Rainy,Long,Phone,0.98,0.9,13,0,0
725,Saturday,College,Afternoon,Rainy,Long,Notebook,0.5,0.864,17,2,0
726,Monday,Office,Morning,Cloudy,Short,Laptop,0.8,0.826,11,0,0
726,Monday,Office,Morning,Cloudy,Short,Charger,0.55,0.755,14,1,0
726,Monday,Office,Morning,Cloudy,Short,Notebook,0.5,0.572,12,0,0
726,Monday,Office,Morning,Cloudy,Short,Umbrella,0.35,0.544,5,4,0
726,Monday,Office,Morning,Cloudy,Short,Phone,0.98,0.85,9,0,0
726,Monday,Office,Morning,Cloudy,Short,Keys,0.93,0.61,17,0,1
726,Monday,Office,Morning,Cloudy,Short,Earphones,0.4,0.484,8,1,0
726,Monday,Office,Morning,Cloudy,Short,Water_Bottle,0.45,0.56,18,1,0
727,Saturday,College,Evening,Hot,Long,Phone,0.98,0.937,16,0,0
727,Saturday,College,Evening,Hot,Long,Notebook,0.5,0.898,17,0,0
727,Saturday,College,Evening,Hot,Long,Water_Bottle,0.45,0.942,20,1,0
727,Saturday,College,Evening,Hot,Long,Laptop,0.8,0.923,13,2,0
727,Saturday,College,Evening,Hot,Long,Keys,0.93,0.549,4,0,0
728,Monday,College,Afternoon,Cold,Short,Laptop,0.8,0.946,15,1,0
728,Monday,College,Afternoon,Cold,Short,Keys,0.93,0.697,11,0,1
728,Monday,College,Afternoon,Cold,Short,Water_Bottle,0.45,0.433,5,0,1
728,Monday,College,Afternoon,Cold,Short,Wallet,0.95,0.812,11,0,1
728,Monday,College,Afternoon,Cold,Short,Notebook,0.5,0.925,11,0,0
728,Monday,College,Afternoon,Cold,Short,Phone,0.98,0.972,22,0,0
728,Monday,College,Afternoon,Cold,Short,ID_Card,0.9,0.772,7,1,0
729,Thursday,Family_Event,Morning,Cold,Medium,Umbrella,0.35,0.193,3,1,1
729,Thursday,Family_Event,Morning,Cold,Medium,Wallet,0.95,0.584,7,0,0
729,Thursday,Family_Event,Morning,Cold,Medium,Phone,0.98,0.821,8,0,0
729,Thursday,Family_Event,Morning,Cold,Medium,Charger,0.55,0.356,4,2,1
730,Friday,Travel,Evening,Rainy,Short,Wallet,0.95,0.902,13,1,0
730,Friday,Travel,Evening,Rainy,Short,Earphones,0.4,0.698,11,5,1
730,Friday,Travel,Evening,Rainy,Short,Laptop,0.8,0.539,10,0,0
730,Friday,Travel,Evening,Rainy,Short,Umbrella,0.35,0.888,15,4,0
730,Friday,Travel,Evening,Rainy,Short,Phone,0.98,0.934,13,0,0
730,Friday,Travel,Evening,Rainy,Short,Water_Bottle,0.45,0.582,12,1,1
731,Saturday,Office,Evening,Cloudy,Medium,Umbrella,0.35,0.488,13,3,1
731,Saturday,Office,Evening,Cloudy,Medium,Charger,0.55,0.789,19,0,0
731,Saturday,Office,Evening,Cloudy,Medium,Earphones,0.4,0.48,10,0,0
731,Saturday,Office,Evening,Cloudy,Medium,Phone,0.98,0.887,18,1,0
731,Saturday,Office,Evening,Cloudy,Medium,Wallet,0.95,0.619,15,0,0
731,Saturday,Office,Evening,Cloudy,Medium,ID_Card,0.9,0.84,7,0,0
732,Wednesday,Gym,Morning,Hot,Medium,Wallet,0.95,0.227,5,0,0
732,Wednesday,Gym,Morning,Hot,Medium,Phone,0.98,0.685,8,0,0
732,Wednesday,Gym,Morning,Hot,Medium,Earphones,0.4,0.892,15,2,0
733,Sunday,Gym,Morning,Hot,Long,Wallet,0.95,0.286,6,0,1
733,Sunday,Gym,Morning,Hot,Long,Water_Bottle,0.45,0.99,20,0,0
733,Sunday,Gym,Morning,Hot,Long,Keys,0.93,0.416,5,0,1
734,Saturday,Travel,Morning,Rainy,Long,Keys,0.93,0.421,7,0,1
734,Saturday,Travel,Morning,Rainy,Long,Phone,0.98,0.99,9,0,1
734,Saturday,Travel,Morning,Rainy,Long,Umbrella,0.35,0.868,18,1,0
734,Saturday,Travel,Morning,Rainy,Long,Water_Bottle,0.45,0.52,8,2,1
734,Saturday,Travel,Morning,Rainy,Long,Wallet,0.95,0.901,15,0,0
735,Tuesday,Other,Morning,Rainy,Medium,Wallet,0.95,0.589,10,0,1
735,Tuesday,Other,Morning,Rainy,Medium,Earphones,0.4,0.402,9,2,0
735,Tuesday,Other,Morning,Rainy,Medium,Notebook,0.5,0.215,5,0,0
735,Tuesday,Other,Morning,Rainy,Medium,Charger,0.55,0.354,7,0,1
735,Tuesday,Other,Morning,Rainy,Medium,Umbrella,0.35,0.947,19,0,0
736,Friday,Other,Evening,Hot,Medium,Phone,0.98,0.878,10,0,0
736,Friday,Other,Evening,Hot,Medium,Wallet,0.95,0.559,7,0,0
737,Saturday,Gym,Night,Rainy,Medium,Earphones,0.4,0.836,8,1,0
737,Saturday,Gym,Night,Rainy,Medium,Umbrella,0.35,0.773,13,1,1
737,Saturday,Gym,Night,Rainy,Medium,Water_Bottle,0.45,0.812,14,1,0
737,Saturday,Gym,Night,Rainy,Medium,Charger,0.55,0.25,10,2,0
738,Wednesday,Office,Morning,Hot,Long,ID_Card,0.9,0.803,13,0,1
738,Wednesday,Office,Morning,Hot,Long,Phone,0.98,0.872,10,0,0
738,Wednesday,Office,Morning,Hot,Long,Laptop,0.8,0.876,11,2,0
738,Wednesday,Office,Morning,Hot,Long,Water_Bottle,0.45,0.867,17,1,0
738,Wednesday,Office,Morning,Hot,Long,Umbrella,0.35,0.169,4,0,1
738,Wednesday,Office,Morning,Hot,Long,Keys,0.93,0.609,8,0,0
738,Wednesday,Office,Morning,Hot,Long,Wallet,0.95,0.725,7,0,1
738,Wednesday,Office,Morning,Hot,Long,Notebook,0.5,0.577,18,3,1
738,Wednesday,Office,Morning,Hot,Long,Charger,0.55,0.75,13,1,0
739,Saturday,Gym,Evening,Sunny,Medium,Water_Bottle,0.45,0.92,12,1,0
739,Saturday,Gym,Evening,Sunny,Medium,Wallet,0.95,0.258,2,1,0
739,Saturday,Gym,Evening,Sunny,Medium,Earphones,0.4,0.877,14,0,0
739,Saturday,Gym,Evening,Sunny,Medium,Phone,0.98,0.63,11,0,0
739,Saturday,Gym,Evening,Sunny,Medium,ID_Card,0.9,0.178,3,0,0
739,Saturday,Gym,Evening,Sunny,Medium,Keys,0.93,0.539,9,0,0
740,Sunday,Shopping,Morning,Cloudy,Long,Phone,0.98,0.849,17,0,0
740,Sunday,Shopping,Morning,Cloudy,Long,Umbrella,0.35,0.444,5,2,1
740,Sunday,Shopping,Morning,Cloudy,Long,Keys,0.93,0.565,6,0,0
740,Sunday,Shopping,Morning,Cloudy,Long,Charger,0.55,0.111,4,1,1
740,Sunday,Shopping,Morning,Cloudy,Long,Wallet,0.95,0.99,17,0,0
741,Saturday,Gym,Afternoon,Rainy,Short,Water_Bottle,0.45,0.953,19,1,0
741,Saturday,Gym,Afternoon,Rainy,Short,Keys,0.93,0.47,13,0,0
741,Saturday,Gym,Afternoon,Rainy,Short,Umbrella,0.35,0.769,15,2,0
741,Saturday,Gym,Afternoon,Rainy,Short,ID_Card,0.9,0.228,5,1,0
742,Saturday,Travel,Evening,Sunny,Medium,Wallet,0.95,0.99,10,0,0
742,Saturday,Travel,Evening,Sunny,Medium,Umbrella,0.35,0.15,8,3,0
742,Saturday,Travel,Evening,Sunny,Medium,Laptop,0.8,0.558,6,1,1
742,Saturday,Travel,Evening,Sunny,Medium,Charger,0.55,0.878,10,0,0
742,Saturday,Travel,Evening,Sunny,Medium,Earphones,0.4,0.644,14,1,0
742,Saturday,Travel,Evening,Sunny,Medium,Notebook,0.5,0.217,7,1,1
743,Friday,Shopping,Afternoon,Cold,Medium,Water_Bottle,0.45,0.384,7,1,0
743,Friday,Shopping,Afternoon,Cold,Medium,Charger,0.55,0.159,7,4,1
743,Friday,Shopping,Afternoon,Cold,Medium,Phone,0.98,0.847,19,0,0
743,Friday,Shopping,Afternoon,Cold,Medium,ID_Card,0.9,0.521,7,0,1
743,Friday,Shopping,Afternoon,Cold,Medium,Wallet,0.95,0.924,16,0,0
744,Tuesday,Office,Morning,Rainy,Short,Wallet,0.95,0.792,15,0,0
744,Tuesday,Office,Morning,Rainy,Short,Keys,0.93,0.591,8,0,0
744,Tuesday,Office,Morning,Rainy,Short,Water_Bottle,0.45,0.405,6,0,0
744,Tuesday,Office,Morning,Rainy,Short,Umbrella,0.35,0.878,12,1,0
744,Tuesday,Office,Morning,Rainy,Short,Phone,0.98,0.954,14,0,0
744,Tuesday,Office,Morning,Rainy,Short,ID_Card,0.9,0.801,6,1,0
744,Tuesday,Office,Morning,Rainy,Short,Charger,0.55,0.829,22,1,0
745,Saturday,Office,Afternoon,Sunny,Short,Phone,0.98,0.942,29,0,0
745,Saturday,Office,Afternoon,Sunny,Short,Notebook,0.5,0.565,10,0,0
745,Saturday,Office,Afternoon,Sunny,Short,ID_Card,0.9,0.833,13,0,0
745,Saturday,Office,Afternoon,Sunny,Short,Wallet,0.95,0.664,16,0,0
745,Saturday,Office,Afternoon,Sunny,Short,Keys,0.93,0.606,13,0,0
745,Saturday,Office,Afternoon,Sunny,Short,Laptop,0.8,0.8,6,1,0
745,Saturday,Office,Afternoon,Sunny,Short,Charger,0.55,0.872,13,0,0
745,Saturday,Office,Afternoon,Sunny,Short,Water_Bottle,0.45,0.58,11,0,1
745,Saturday,Office,Afternoon,Sunny,Short,Earphones,0.4,0.407,6,3,1
746,Wednesday,Gym,Night,Hot,Long,Earphones,0.4,0.88,15,3,1
746,Wednesday,Gym,Night,Hot,Long,Water_Bottle,0.45,0.99,24,1,1
747,Thursday,College,Morning,Hot,Medium,Water_Bottle,0.45,0.894,8,0,0
747,Thursday,College,Morning,Hot,Medium,Notebook,0.5,0.967,19,0,0
747,Thursday,College,Morning,Hot,Medium,Umbrella,0.35,0.138,8,4,1
747,Thursday,College,Morning,Hot,Medium,ID_Card,0.9,0.984,15,0,1
748,Wednesday,College,Morning,Hot,Short,Keys,0.93,0.594,11,0,0
748,Wednesday,College,Morning,Hot,Short,Laptop,0.8,0.916,17,0,0
748,Wednesday,College,Morning,Hot,Short,Notebook,0.5,0.9,16,0,0
748,Wednesday,College,Morning,Hot,Short,Water_Bottle,0.45,0.926,15,2,1
748,Wednesday,College,Morning,Hot,Short,Phone,0.98,0.868,10,0,0
748,Wednesday,College,Morning,Hot,Short,Wallet,0.95,0.876,5,0,0
748,Wednesday,College,Morning,Hot,Short,ID_Card,0.9,0.99,10,0,0
748,Wednesday,College,Morning,Hot,Short,Charger,0.55,0.814,13,1,0
749,Wednesday,Friends_House,Morning,Cloudy,Short,Phone,0.98,0.833,13,0,0
749,Wednesday,Friends_House,Morning,Cloudy,Short,Keys,0.93,0.598,9,0,0
749,Wednesday,Friends_House,Morning,Cloudy,Short,Umbrella,0.35,0.463,4,1,0
749,Wednesday,Friends_House,Morning,Cloudy,Short,Charger,0.55,0.356,7,2,1
750,Tuesday,Gym,Afternoon,Cold,Short,Keys,0.93,0.516,8,1,0
750,Tuesday,Gym,Afternoon,Cold,Short,Water_Bottle,0.45,0.796,15,1,0
750,Tuesday,Gym,Afternoon,Cold,Short,Wallet,0.95,0.298,7,0,0
750,Tuesday,Gym,Afternoon,Cold,Short,Earphones,0.4,0.832,10,1,0
751,Sunday,Office,Afternoon,Cloudy,Medium,Charger,0.55,0.87,9,3,0
751,Sunday,Office,Afternoon,Cloudy,Medium,Water_Bottle,0.45,0.531,6,2,0
751,Sunday,Office,Afternoon,Cloudy,Medium,Umbrella,0.35,0.351,4,2,0
751,Sunday,Office,Afternoon,Cloudy,Medium,Notebook,0.5,0.655,9,1,0
751,Sunday,Office,Afternoon,Cloudy,Medium,Laptop,0.8,0.877,14,0,0
751,Sunday,Office,Afternoon,Cloudy,Medium,ID_Card,0.9,0.84,13,1,0
751,Sunday,Office,Afternoon,Cloudy,Medium,Phone,0.98,0.944,19,0,0
752,Tuesday,Shopping,Evening,Rainy,Long,Water_Bottle,0.45,0.294,11,1,1
752,Tuesday,Shopping,Evening,Rainy,Long,Wallet,0.95,0.907,17,0,0
752,Tuesday,Shopping,Evening,Rainy,Long,Charger,0.55,0.259,6,1,1
752,Tuesday,Shopping,Evening,Rainy,Long,Earphones,0.4,0.318,6,2,1
752,Tuesday,Shopping,Evening,Rainy,Long,Phone,0.98,0.864,11,0,1
752,Tuesday,Shopping,Evening,Rainy,Long,Umbrella,0.35,0.868,6,0,0
753,Monday,Friends_House,Evening,Sunny,Long,Wallet,0.95,0.469,7,0,1
753,Monday,Friends_House,Evening,Sunny,Long,Phone,0.98,0.867,15,0,0
753,Monday,Friends_House,Evening,Sunny,Long,Charger,0.55,0.359,5,2,1
754,Sunday,Office,Evening,Rainy,Medium,Water_Bottle,0.45,0.481,7,0,0
754,Sunday,Office,Evening,Rainy,Medium,ID_Card,0.9,0.781,9,0,1
754,Sunday,Office,Evening,Rainy,Medium,Laptop,0.8,0.864,13,0,1
754,Sunday,Office,Evening,Rainy,Medium,Phone,0.98,0.826,11,0,0
754,Sunday,Office,Evening,Rainy,Medium,Charger,0.55,0.736,10,0,0
754,Sunday,Office,Evening,Rainy,Medium,Notebook,0.5,0.649,7,4,0
755,Thursday,Family_Event,Evening,Hot,Medium,Water_Bottle,0.45,0.672,7,1,0
755,Thursday,Family_Event,Evening,Hot,Medium,Phone,0.98,0.849,14,0,0
756,Thursday,Other,Morning,Rainy,Short,Charger,0.55,0.525,14,1,1
756,Thursday,Other,Morning,Rainy,Short,Umbrella,0.35,0.829,11,0,0
756,Thursday,Other,Morning,Rainy,Short,Phone,0.98,0.833,15,0,0
757,Saturday,Travel,Afternoon,Cloudy,Long,Phone,0.98,0.933,15,0,0
757,Saturday,Travel,Afternoon,Cloudy,Long,Earphones,0.4,0.677,13,2,1
757,Saturday,Travel,Afternoon,Cloudy,Long,Laptop,0.8,0.595,12,1,0
757,Saturday,Travel,Afternoon,Cloudy,Long,ID_Card,0.9,0.979,12,0,0
757,Saturday,Travel,Afternoon,Cloudy,Long,Umbrella,0.35,0.54,14,2,0
757,Saturday,Travel,Afternoon,Cloudy,Long,Charger,0.55,0.851,17,1,0
757,Saturday,Travel,Afternoon,Cloudy,Long,Wallet,0.95,0.938,13,0,0
758,Wednesday,Travel,Morning,Hot,Short,Keys,0.93,0.432,5,1,1
758,Wednesday,Travel,Morning,Hot,Short,Charger,0.55,0.852,8,1,0
758,Wednesday,Travel,Morning,Hot,Short,ID_Card,0.9,0.909,12,0,1
758,Wednesday,Travel,Morning,Hot,Short,Laptop,0.8,0.513,14,2,1
758,Wednesday,Travel,Morning,Hot,Short,Notebook,0.5,0.117,2,3,1
759,Monday,College,Morning,Rainy,Short,Phone,0.98,0.945,13,0,1
759,Monday,College,Morning,Rainy,Short,ID_Card,0.9,0.952,17,1,0
759,Monday,College,Morning,Rainy,Short,Laptop,0.8,0.897,13,1,0
759,Monday,College,Morning,Rainy,Short,Charger,0.55,0.82,11,0,1
759,Monday,College,Morning,Rainy,Short,Wallet,0.95,0.737,8,0,0
759,Monday,College,Morning,Rainy,Short,Umbrella,0.35,0.844,10,2,1
759,Monday,College,Morning,Rainy,Short,Water_Bottle,0.45,0.637,14,1,1
759,Monday,College,Morning,Rainy,Short,Notebook,0.5,0.843,13,0,0
760,Saturday,Other,Night,Sunny,Long,Earphones,0.4,0.373,6,1,1
760,Saturday,Other,Night,Sunny,Long,Umbrella,0.35,0.284,6,1,0
760,Saturday,Other,Night,Sunny,Long,Wallet,0.95,0.536,10,0,1
760,Saturday,Other,Night,Sunny,Long,Charger,0.55,0.438,9,1,1
760,Saturday,Other,Night,Sunny,Long,ID_Card,0.9,0.394,5,0,0
760,Saturday,Other,Night,Sunny,Long,Phone,0.98,0.747,14,0,0
761,Tuesday,Gym,Evening,Cold,Long,Phone,0.98,0.737,12,0,0
761,Tuesday,Gym,Evening,Cold,Long,Keys,0.93,0.447,4,0,0
762,Thursday,Other,Night,Hot,Short,Water_Bottle,0.45,0.676,6,2,1
762,Thursday,Other,Night,Hot,Short,Keys,0.93,0.728,11,0,0
762,Thursday,Other,Night,Hot,Short,Phone,0.98,0.786,13,0,0
762,Thursday,Other,Night,Hot,Short,Laptop,0.8,0.359,12,0,1
763,Sunday,Shopping,Afternoon,Cold,Medium,Wallet,0.95,0.91,8,0,1
763,Sunday,Shopping,Afternoon,Cold,Medium,Phone,0.98,0.869,11,0,0
763,Sunday,Shopping,Afternoon,Cold,Medium,Earphones,0.4,0.327,5,1,1
764,Sunday,College,Afternoon,Cold,Medium,Notebook,0.5,0.914,12,0,0
764,Sunday,College,Afternoon,Cold,Medium,Laptop,0.8,0.889,12,1,0
764,Sunday,College,Afternoon,Cold,Medium,Charger,0.55,0.924,14,1,0
764,Sunday,College,Afternoon,Cold,Medium,Keys,0.93,0.582,9,0,0
764,Sunday,College,Afternoon,Cold,Medium,Phone,0.98,0.857,12,0,0
764,Sunday,College,Afternoon,Cold,Medium,ID_Card,0.9,0.834,13,0,0
765,Wednesday,College,Afternoon,Cold,Short,ID_Card,0.9,0.965,14,0,0
765,Wednesday,College,Afternoon,Cold,Short,Laptop,0.8,0.838,14,1,0
765,Wednesday,College,Afternoon,Cold,Short,Phone,0.98,0.956,15,0,0
765,Wednesday,College,Afternoon,Cold,Short,Charger,0.55,0.808,11,3,1
765,Wednesday,College,Afternoon,Cold,Short,Notebook,0.5,0.956,13,2,0
766,Saturday,Friends_House,Morning,Hot,Short,Phone,0.98,0.891,12,0,0
766,Saturday,Friends_House,Morning,Hot,Short,Earphones,0.4,0.434,5,2,0
766,Saturday,Friends_House,Morning,Hot,Short,Wallet,0.95,0.498,9,0,0
766,Saturday,Friends_House,Morning,Hot,Short,Water_Bottle,0.45,0.597,10,2,0
766,Saturday,Friends_House,Morning,Hot,Short,ID_Card,0.9,0.311,8,0,0
767,Friday,Shopping,Morning,Rainy,Short,Wallet,0.95,0.952,12,0,0
767,Friday,Shopping,Morning,Rainy,Short,Charger,0.55,0.24,2,2,0
767,Friday,Shopping,Morning,Rainy,Short,Phone,0.98,0.901,10,0,1
767,Friday,Shopping,Morning,Rainy,Short,Umbrella,0.35,0.92,11,1,0
767,Friday,Shopping,Morning,Rainy,Short,Earphones,0.4,0.374,9,2,1
768,Thursday,College,Afternoon,Sunny,Medium,Charger,0.55,0.916,11,1,1
768,Thursday,College,Afternoon,Sunny,Medium,Laptop,0.8,0.85,15,2,0
768,Thursday,College,Afternoon,Sunny,Medium,Water_Bottle,0.45,0.605,8,1,1
769,Monday,Friends_House,Morning,Rainy,Medium,Wallet,0.95,0.476,6,0,0
769,Monday,Friends_House,Morning,Rainy,Medium,Water_Bottle,0.45,0.321,6,1,1
769,Monday,Friends_House,Morning,Rainy,Medium,Phone,0.98,0.863,13,0,0
770,Wednesday,Family_Event,Night,Hot,Medium,Charger,0.55,0.227,11,1,0
770,Wednesday,Family_Event,Night,Hot,Medium,Earphones,0.4,0.1,2,1,0
770,Wednesday,Family_Event,Night,Hot,Medium,Wallet,0.95,0.623,7,0,0
770,Wednesday,Family_Event,Night,Hot,Medium,Phone,0.98,0.727,10,0,0
770,Wednesday,Family_Event,Night,Hot,Medium,Water_Bottle,0.45,0.693,11,4,1
771,Friday,Shopping,Morning,Rainy,Short,Wallet,0.95,0.914,10,0,0
771,Friday,Shopping,Morning,Rainy,Short,ID_Card,0.9,0.51,5,1,0
771,Friday,Shopping,Morning,Rainy,Short,Umbrella,0.35,0.784,18,2,1
771,Friday,Shopping,Morning,Rainy,Short,Water_Bottle,0.45,0.285,7,0,1
771,Friday,Shopping,Morning,Rainy,Short,Charger,0.55,0.088,5,1,1
771,Friday,Shopping,Morning,Rainy,Short,Phone,0.98,0.857,15,0,0
771,Friday,Shopping,Morning,Rainy,Short,Keys,0.93,0.575,7,0,0
772,Sunday,Gym,Morning,Cold,Long,Earphones,0.4,0.88,16,0,0
772,Sunday,Gym,Morning,Cold,Long,Keys,0.93,0.524,6,0,1
772,Sunday,Gym,Morning,Cold,Long,Water_Bottle,0.45,0.83,11,2,0
773,Monday,College,Evening,Sunny,Medium,Wallet,0.95,0.75,10,0,0
773,Monday,College,Evening,Sunny,Medium,Charger,0.55,0.885,13,1,0
773,Monday,College,Evening,Sunny,Medium,Notebook,0.5,0.957,10,0,0
773,Monday,College,Evening,Sunny,Medium,ID_Card,0.9,0.892,18,0,0
773,Monday,College,Evening,Sunny,Medium,Keys,0.93,0.568,6,0,0
773,Monday,College,Evening,Sunny,Medium,Laptop,0.8,0.95,19,0,0
773,Monday,College,Evening,Sunny,Medium,Earphones,0.4,0.631,12,1,1
773,Monday,College,Evening,Sunny,Medium,Phone,0.98,0.855,10,0,0
774,Saturday,Friends_House,Morning,Cloudy,Long,ID_Card,0.9,0.195,6,0,1
774,Saturday,Friends_House,Morning,Cloudy,Long,Umbrella,0.35,0.408,6,0,1
774,Saturday,Friends_House,Morning,Cloudy,Long,Wallet,0.95,0.527,12,0,0
774,Saturday,Friends_House,Morning,Cloudy,Long,Charger,0.55,0.337,8,1,1
774,Saturday,Friends_House,Morning,Cloudy,Long,Earphones,0.4,0.435,5,2,0
775,Saturday,Office,Night,Rainy,Short,Notebook,0.5,0.51,13,0,0
775,Saturday,Office,Night,Rainy,Short,Umbrella,0.35,0.813,11,1,0
775,Saturday,Office,Night,Rainy,Short,ID_Card,0.9,0.875,15,0,1
775,Saturday,Office,Night,Rainy,Short,Laptop,0.8,0.821,13,0,1
775,Saturday,Office,Night,Rainy,Short,Wallet,0.95,0.846,13,0,0
776,Sunday,Family_Event,Evening,Cloudy,Medium,Umbrella,0.35,0.422,4,1,1
776,Sunday,Family_Event,Evening,Cloudy,Medium,Water_Bottle,0.45,0.325,9,1,1
776,Sunday,Family_Event,Evening,Cloudy,Medium,Phone,0.98,0.918,19,0,0
777,Wednesday,Gym,Morning,Sunny,Long,Water_Bottle,0.45,0.917,14,2,1
777,Wednesday,Gym,Morning,Sunny,Long,Earphones,0.4,0.939,9,0,0
777,Wednesday,Gym,Morning,Sunny,Long,ID_Card,0.9,0.222,8,0,0
778,Monday,Shopping,Evening,Sunny,Short,ID_Card,0.9,0.475,8,0,0
778,Monday,Shopping,Evening,Sunny,Short,Charger,0.55,0.146,3,0,1
779,Tuesday,Office,Afternoon,Hot,Short,Water_Bottle,0.45,0.732,8,1,0
779,Tuesday,Office,Afternoon,Hot,Short,Charger,0.55,0.811,15,0,0
779,Tuesday,Office,Afternoon,Hot,Short,Laptop,0.8,0.732,7,1,0
779,Tuesday,Office,Afternoon,Hot,Short,Phone,0.98,0.827,18,0,0
779,Tuesday,Office,Afternoon,Hot,Short,Earphones,0.4,0.364,10,4,1
780,Saturday,College,Evening,Cloudy,Short,ID_Card,0.9,0.951,9,0,0
780,Saturday,College,Evening,Cloudy,Short,Wallet,0.95,0.86,19,0,0
780,Saturday,College,Evening,Cloudy,Short,Keys,0.93,0.688,9,0,0
780,Saturday,College,Evening,Cloudy,Short,Phone,0.98,0.99,18,0,0
780,Saturday,College,Evening,Cloudy,Short,Umbrella,0.35,0.391,7,2,1
780,Saturday,College,Evening,Cloudy,Short,Charger,0.55,0.851,10,2,0
780,Saturday,College,Evening,Cloudy,Short,Laptop,0.8,0.923,12,1,0
781,Sunday,Friends_House,Evening,Sunny,Short,Laptop,0.8,0.171,3,1,1
781,Sunday,Friends_House,Evening,Sunny,Short,Wallet,0.95,0.562,11,0,0
781,Sunday,Friends_House,Evening,Sunny,Short,Earphones,0.4,0.435,4,1,1
782,Friday,Shopping,Evening,Sunny,Medium,Wallet,0.95,0.99,18,0,0
782,Friday,Shopping,Evening,Sunny,Medium,Water_Bottle,0.45,0.311,8,0,0
782,Friday,Shopping,Evening,Sunny,Medium,ID_Card,0.9,0.48,7,0,1
782,Friday,Shopping,Evening,Sunny,Medium,Keys,0.93,0.626,8,1,1
783,Monday,Shopping,Afternoon,Cloudy,Short,ID_Card,0.9,0.462,11,1,0
783,Monday,Shopping,Afternoon,Cloudy,Short,Umbrella,0.35,0.412,8,0,0
783,Monday,Shopping,Afternoon,Cloudy,Short,Wallet,0.95,0.898,11,0,0
783,Monday,Shopping,Afternoon,Cloudy,Short,Phone,0.98,0.835,8,0,0
783,Monday,Shopping,Afternoon,Cloudy,Short,Keys,0.93,0.588,7,0,1
784,Monday,Other,Morning,Sunny,Short,Phone,0.98,0.735,20,0,0
784,Monday,Other,Morning,Sunny,Short,Keys,0.93,0.525,13,0,0
785,Thursday,Other,Evening,Hot,Medium,ID_Card,0.9,0.408,11,2,1
785,Thursday,Other,Evening,Hot,Medium,Laptop,0.8,0.212,3,1,0
785,Thursday,Other,Evening,Hot,Medium,Phone,0.98,0.816,16,0,1
785,Thursday,Other,Evening,Hot,Medium,Umbrella,0.35,0.128,1,0,1
785,Thursday,Other,Evening,Hot,Medium,Wallet,0.95,0.668,10,0,0
786,Friday,Family_Event,Night,Hot,Short,Wallet,0.95,0.643,11,0,1
786,Friday,Family_Event,Night,Hot,Short,Charger,0.55,0.278,7,1,1
787,Monday,College,Afternoon,Sunny,Short,Phone,0.98,0.859,19,0,0
787,Monday,College,Afternoon,Sunny,Short,Wallet,0.95,0.875,17,0,0
787,Monday,College,Afternoon,Sunny,Short,Earphones,0.4,0.641,15,2,1
787,Monday,College,Afternoon,Sunny,Short,Laptop,0.8,0.894,17,0,0
787,Monday,College,Afternoon,Sunny,Short,ID_Card,0.9,0.883,14,0,0
787,Monday,College,Afternoon,Sunny,Short,Notebook,0.5,0.934,12,0,0
787,Monday,College,Afternoon,Sunny,Short,Charger,0.55,0.843,9,0,1
788,Friday,Travel,Evening,Rainy,Medium,Wallet,0.95,0.982,14,1,0
788,Friday,Travel,Evening,Rainy,Medium,Charger,0.55,0.937,22,0,0
788,Friday,Travel,Evening,Rainy,Medium,ID_Card,0.9,0.977,8,1,0
788,Friday,Travel,Evening,Rainy,Medium,Phone,0.98,0.916,18,0,0
788,Friday,Travel,Evening,Rainy,Medium,Notebook,0.5,0.33,3,3,0
788,Friday,Travel,Evening,Rainy,Medium,Laptop,0.8,0.486,5,1,1
788,Friday,Travel,Evening,Rainy,Medium,Umbrella,0.35,0.962,16,2,0
789,Thursday,Family_Event,Afternoon,Sunny,Short,Charger,0.55,0.245,6,4,1
789,Thursday,Family_Event,Afternoon,Sunny,Short,Phone,0.98,0.842,14,0,0
789,Thursday,Family_Event,Afternoon,Sunny,Short,Wallet,0.95,0.603,12,0,0
790,Monday,Gym,Evening,Cloudy,Short,ID_Card,0.9,0.217,9,0,1
790,Monday,Gym,Evening,Cloudy,Short,Water_Bottle,0.45,0.908,13,2,0
790,Monday,Gym,Evening,Cloudy,Short,Earphones,0.4,0.861,14,1,0
790,Monday,Gym,Evening,Cloudy,Short,Wallet,0.95,0.297,7,0,1
791,Monday,College,Night,Cold,Short,Notebook,0.5,0.928,17,0,0
791,Monday,College,Night,Cold,Short,Keys,0.93,0.56,12,0,0
791,Monday,College,Night,Cold,Short,Umbrella,0.35,0.351,8,2,0
791,Monday,College,Night,Cold,Short,ID_Card,0.9,0.88,14,1,0
791,Monday,College,Night,Cold,Short,Phone,0.98,0.82,18,0,0
791,Monday,College,Night,Cold,Short,Charger,0.55,0.828,8,0,0
791,Monday,College,Night,Cold,Short,Water_Bottle,0.45,0.551,5,0,1
792,Thursday,Family_Event,Morning,Rainy,Short,Water_Bottle,0.45,0.293,7,0,1
792,Thursday,Family_Event,Morning,Rainy,Short,Umbrella,0.35,0.882,15,0,1
792,Thursday,Family_Event,Morning,Rainy,Short,Wallet,0.95,0.533,9,0,1
792,Thursday,Family_Event,Morning,Rainy,Short,Charger,0.55,0.295,8,0,1
793,Saturday,Shopping,Morning,Cold,Medium,Charger,0.55,0.213,4,4,1
793,Saturday,Shopping,Morning,Cold,Medium,Wallet,0.95,0.963,17,0,0
793,Saturday,Shopping,Morning,Cold,Medium,Umbrella,0.35,0.345,8,1,0
793,Saturday,Shopping,Morning,Cold,Medium,Laptop,0.8,0.124,5,0,0
794,Saturday,Shopping,Afternoon,Sunny,Short,Phone,0.98,0.824,14,0,0
794,Saturday,Shopping,Afternoon,Sunny,Short,Water_Bottle,0.45,0.335,6,1,0
794,Saturday,Shopping,Afternoon,Sunny,Short,Wallet,0.95,0.969,16,0,0
795,Thursday,Other,Afternoon,Cloudy,Short,Charger,0.55,0.422,9,0,0
795,Thursday,Other,Afternoon,Cloudy,Short,Wallet,0.95,0.535,6,0,0
795,Thursday,Other,Afternoon,Cloudy,Short,Keys,0.93,0.566,15,0,0
796,Wednesday,Travel,Afternoon,Cloudy,Long,Notebook,0.5,0.146,3,2,1
796,Wednesday,Travel,Afternoon,Cloudy,Long,Earphones,0.4,0.573,7,0,0
796,Wednesday,Travel,Afternoon,Cloudy,Long,Phone,0.98,0.914,10,0,0
796,Wednesday,Travel,Afternoon,Cloudy,Long,Charger,0.55,0.878,9,5,0
796,Wednesday,Travel,Afternoon,Cloudy,Long,ID_Card,0.9,0.99,22,0,0
797,Sunday,Gym,Morning,Cloudy,Long,ID_Card,0.9,0.189,3,1,1
797,Sunday,Gym,Morning,Cloudy,Long,Earphones,0.4,0.799,14,1,1
797,Sunday,Gym,Morning,Cloudy,Long,Phone,0.98,0.718,8,0,0
798,Thursday,Gym,Afternoon,Cold,Short,Umbrella,0.35,0.107,5,3,1
798,Thursday,Gym,Afternoon,Cold,Short,Phone,0.98,0.711,9,0,0
798,Thursday,Gym,Afternoon,Cold,Short,Water_Bottle,0.45,0.717,8,4,1
798,Thursday,Gym,Afternoon,Cold,Short,Charger,0.55,0.273,7,2,1
799,Wednesday,Gym,Afternoon,Sunny,Short,Water_Bottle,0.45,0.921,12,1,0
799,Wednesday,Gym,Afternoon,Sunny,Short,Earphones,0.4,0.784,11,1,0
799,Wednesday,Gym,Afternoon,Sunny,Short,Phone,0.98,0.684,12,0,0
799,Wednesday,Gym,Afternoon,Sunny,Short,Keys,0.93,0.531,6,0,0
800,Thursday,College,Afternoon,Cold,Medium,Keys,0.93,0.678,2,0,0
800,Thursday,College,Afternoon,Cold,Medium,Laptop,0.8,0.838,9,1,0
800,Thursday,College,Afternoon,Cold,Medium,Phone,0.98,0.951,17,1,0
800,Thursday,College,Afternoon,Cold,Medium,Notebook,0.5,0.908,15,0,0
800,Thursday,College,Afternoon,Cold,Medium,Water_Bottle,0.45,0.45,5,3,0
800,Thursday,College,Afternoon,Cold,Medium,Charger,0.55,0.812,7,0,0
801,Monday,Friends_House,Evening,Cold,Long,Keys,0.93,0.667,17,0,0
801,Monday,Friends_House,Evening,Cold,Long,Phone,0.98,0.883,14,0,0
801,Monday,Friends_House,Evening,Cold,Long,Charger,0.55,0.33,12,2,1
801,Monday,Friends_House,Evening,Cold,Long,Wallet,0.95,0.551,10,0,0
801,Monday,Friends_House,Evening,Cold,Long,Laptop,0.8,0.209,5,2,0
802,Wednesday,Family_Event,Evening,Rainy,Long,Phone,0.98,0.889,14,0,0
802,Wednesday,Family_Event,Evening,Rainy,Long,Umbrella,0.35,0.875,12,4,1
803,Thursday,Office,Afternoon,Cloudy,Short,Charger,0.55,0.786,15,1,0
803,Thursday,Office,Afternoon,Cloudy,Short,ID_Card,0.9,0.856,19,0,0
803,Thursday,Office,Afternoon,Cloudy,Short,Keys,0.93,0.595,6,1,0
803,Thursday,Office,Afternoon,Cloudy,Short,Laptop,0.8,0.777,11,1,0
803,Thursday,Office,Afternoon,Cloudy,Short,Earphones,0.4,0.377,9,0,0
804,Sunday,Office,Evening,Rainy,Short,Charger,0.55,0.85,16,0,0
804,Sunday,Office,Evening,Rainy,Short,ID_Card,0.9,0.87,12,0,0
804,Sunday,Office,Evening,Rainy,Short,Umbrella,0.35,0.832,18,3,0
804,Sunday,Office,Evening,Rainy,Short,Notebook,0.5,0.462,6,1,0
804,Sunday,Office,Evening,Rainy,Short,Wallet,0.95,0.731,13,0,0
804,Sunday,Office,Evening,Rainy,Short,Phone,0.98,0.891,18,0,0
804,Sunday,Office,Evening,Rainy,Short,Laptop,0.8,0.95,9,2,0
805,Saturday,Family_Event,Afternoon,Sunny,Medium,Phone,0.98,0.823,16,0,0
805,Saturday,Family_Event,Afternoon,Sunny,Medium,Wallet,0.95,0.478,8,0,1
806,Saturday,College,Afternoon,Hot,Long,Laptop,0.8,0.878,13,1,0
806,Saturday,College,Afternoon,Hot,Long,Charger,0.55,0.959,13,0,1
806,Saturday,College,Afternoon,Hot,Long,Water_Bottle,0.45,0.99,15,1,1
806,Saturday,College,Afternoon,Hot,Long,Phone,0.98,0.9,15,0,0
806,Saturday,College,Afternoon,Hot,Long,Notebook,0.5,0.931,15,2,0
806,Saturday,College,Afternoon,Hot,Long,Keys,0.93,0.554,8,0,1
806,Saturday,College,Afternoon,Hot,Long,ID_Card,0.9,0.952,13,0,0
806,Saturday,College,Afternoon,Hot,Long,Wallet,0.95,0.841,12,0,0
807,Thursday,Shopping,Afternoon,Cloudy,Long,Umbrella,0.35,0.457,9,0,1
807,Thursday,Shopping,Afternoon,Cloudy,Long,Wallet,0.95,0.952,10,1,0
807,Thursday,Shopping,Afternoon,Cloudy,Long,ID_Card,0.9,0.548,12,0,0
807,Thursday,Shopping,Afternoon,Cloudy,Long,Phone,0.98,0.803,13,0,0
808,Monday,Gym,Morning,Cold,Short,Keys,0.93,0.486,10,0,0
808,Monday,Gym,Morning,Cold,Short,Earphones,0.4,0.893,16,0,1
808,Monday,Gym,Morning,Cold,Short,ID_Card,0.9,0.145,4,1,0
808,Monday,Gym,Morning,Cold,Short,Water_Bottle,0.45,0.749,11,0,0
808,Monday,Gym,Morning,Cold,Short,Wallet,0.95,0.316,8,0,0
809,Wednesday,Friends_House,Morning,Rainy,Medium,Umbrella,0.35,0.791,14,2,0
810,Sunday,College,Afternoon,Rainy,Short,Laptop,0.8,0.909,13,1,0
810,Sunday,College,Afternoon,Rainy,Short,Wallet,0.95,0.661,10,0,0
810,Sunday,College,Afternoon,Rainy,Short,Umbrella,0.35,0.812,20,1,0
810,Sunday,College,Afternoon,Rainy,Short,Charger,0.55,0.868,18,1,1
810,Sunday,College,Afternoon,Rainy,Short,Water_Bottle,0.45,0.592,13,0,0
811,Monday,Travel,Evening,Hot,Medium,Phone,0.98,0.937,11,0,0
811,Monday,Travel,Evening,Hot,Medium,ID_Card,0.9,0.99,15,1,0
811,Monday,Travel,Evening,Hot,Medium,Charger,0.55,0.896,6,2,1
811,Monday,Travel,Evening,Hot,Medium,Keys,0.93,0.336,3,0,1
811,Monday,Travel,Evening,Hot,Medium,Wallet,0.95,0.863,14,0,0
812,Sunday,Gym,Evening,Rainy,Long,Keys,0.93,0.462,10,0,1
812,Sunday,Gym,Evening,Rainy,Long,Water_Bottle,0.45,0.809,12,0,0
812,Sunday,Gym,Evening,Rainy,Long,Earphones,0.4,0.815,16,1,0
813,Friday,Travel,Morning,Cold,Medium,Phone,0.98,0.902,21,0,0
813,Friday,Travel,Morning,Cold,Medium,Charger,0.55,0.99,14,1,0
813,Friday,Travel,Morning,Cold,Medium,Water_Bottle,0.45,0.487,11,2,0
813,Friday,Travel,Morning,Cold,Medium,Laptop,0.8,0.634,7,1,1
813,Friday,Travel,Morning,Cold,Medium,ID_Card,0.9,0.88,9,0,0
814,Tuesday,College,Afternoon,Sunny,Short,Wallet,0.95,0.725,17,0,0
814,Tuesday,College,Afternoon,Sunny,Short,Umbrella,0.35,0.115,4,0,1
814,Tuesday,College,Afternoon,Sunny,Short,Phone,0.98,0.851,13,0,0
814,Tuesday,College,Afternoon,Sunny,Short,ID_Card,0.9,0.882,12,0,0
815,Saturday,Gym,Morning,Cold,Medium,Phone,0.98,0.698,15,0,0
815,Saturday,Gym,Morning,Cold,Medium,Keys,0.93,0.506,13,0,0
815,Saturday,Gym,Morning,Cold,Medium,Umbrella,0.35,0.197,8,4,1
816,Saturday,Shopping,Evening,Hot,Medium,ID_Card,0.9,0.472,2,1,0
816,Saturday,Shopping,Evening,Hot,Medium,Phone,0.98,0.906,15,0,0
816,Saturday,Shopping,Evening,Hot,Medium,Wallet,0.95,0.958,16,0,0
817,Monday,Office,Evening,Cold,Long,Phone,0.98,0.816,14,0,0
817,Monday,Office,Evening,Cold,Long,ID_Card,0.9,0.941,12,1,0
817,Monday,Office,Evening,Cold,Long,Laptop,0.8,0.959,18,2,0
817,Monday,Office,Evening,Cold,Long,Wallet,0.95,0.743,10,0,0
817,Monday,Office,Evening,Cold,Long,Charger,0.55,0.84,9,1,1
818,Monday,College,Afternoon,Cloudy,Short,Notebook,0.5,0.837,8,1,0
818,Monday,College,Afternoon,Cloudy,Short,Water_Bottle,0.45,0.575,13,0,0
818,Monday,College,Afternoon,Cloudy,Short,Keys,0.93,0.568,8,0,0
818,Monday,College,Afternoon,Cloudy,Short,ID_Card,0.9,0.937,7,1,0
818,Monday,College,Afternoon,Cloudy,Short,Charger,0.55,0.826,16,1,0
818,Monday,College,Afternoon,Cloudy,Short,Phone,0.98,0.911,19,0,0
818,Monday,College,Afternoon,Cloudy,Short,Laptop,0.8,0.968,13,0,0
818,Monday,College,Afternoon,Cloudy,Short,Earphones,0.4,0.555,11,4,1
819,Friday,College,Afternoon,Hot,Long,Charger,0.55,0.751,7,1,1
819,Friday,College,Afternoon,Hot,Long,Earphones,0.4,0.564,10,0,0
819,Friday,College,Afternoon,Hot,Long,Notebook,0.5,0.972,8,0,1
819,Friday,College,Afternoon,Hot,Long,Water_Bottle,0.45,0.943,13,2,1
819,Friday,College,Afternoon,Hot,Long,Phone,0.98,0.916,13,0,0
820,Sunday,Office,Morning,Cloudy,Short,ID_Card,0.9,0.833,15,0,0
820,Sunday,Office,Morning,Cloudy,Short,Charger,0.55,0.797,14,2,1
820,Sunday,Office,Morning,Cloudy,Short,Notebook,0.5,0.519,8,1,1
820,Sunday,Office,Morning,Cloudy,Short,Umbrella,0.35,0.453,11,2,1
821,Monday,College,Afternoon,Hot,Short,Phone,0.98,0.9,12,0,0
821,Monday,College,Afternoon,Hot,Short,Charger,0.55,0.8,14,2,0
821,Monday,College,Afternoon,Hot,Short,ID_Card,0.9,0.821,11,0,0
821,Monday,College,Afternoon,Hot,Short,Wallet,0.95,0.766,15,0,0
821,Monday,College,Afternoon,Hot,Short,Water_Bottle,0.45,0.955,14,1,0
821,Monday,College,Afternoon,Hot,Short,Laptop,0.8,0.923,11,3,0
822,Friday,Other,Evening,Sunny,Short,Wallet,0.95,0.657,12,1,1
822,Friday,Other,Evening,Sunny,Short,ID_Card,0.9,0.447,6,0,1
822,Friday,Other,Evening,Sunny,Short,Notebook,0.5,0.181,3,1,0
823,Monday,Gym,Evening,Cloudy,Short,Water_Bottle,0.45,0.862,17,0,1
824,Friday,Family_Event,Afternoon,Cloudy,Short,Wallet,0.95,0.607,7,0,1
824,Friday,Family_Event,Afternoon,Cloudy,Short,Umbrella,0.35,0.472,6,2,1
824,Friday,Family_Event,Afternoon,Cloudy,Short,Phone,0.98,0.88,16,0,0
824,Friday,Family_Event,Afternoon,Cloudy,Short,Water_Bottle,0.45,0.318,6,2,0
824,Friday,Family_Event,Afternoon,Cloudy,Short,Keys,0.93,0.572,8,0,1
824,Friday,Family_Event,Afternoon,Cloudy,Short,Earphones,0.4,0.197,8,1,1
825,Friday,Other,Afternoon,Cloudy,Medium,Wallet,0.95,0.585,11,0,0
825,Friday,Other,Afternoon,Cloudy,Medium,Charger,0.55,0.404,6,1,1
825,Friday,Other,Afternoon,Cloudy,Medium,Phone,0.98,0.778,12,0,0
825,Friday,Other,Afternoon,Cloudy,Medium,ID_Card,0.9,0.465,11,0,1
825,Friday,Other,Afternoon,Cloudy,Medium,Keys,0.93,0.655,6,1,0
826,Monday,College,Morning,Cloudy,Short,Earphones,0.4,0.623,8,2,1
826,Monday,College,Morning,Cloudy,Short,Notebook,0.5,0.944,15,1,0
826,Monday,College,Morning,Cloudy,Short,Laptop,0.8,0.928,10,0,0
826,Monday,College,Morning,Cloudy,Short,Wallet,0.95,0.848,11,0,0
826,Monday,College,Morning,Cloudy,Short,Charger,0.55,0.904,11,2,1
826,Monday,College,Morning,Cloudy,Short,Water_Bottle,0.45,0.683,6,0,1
826,Monday,College,Morning,Cloudy,Short,ID_Card,0.9,0.937,14,0,0
827,Friday,Travel,Morning,Hot,Short,Earphones,0.4,0.562,7,0,1
827,Friday,Travel,Morning,Hot,Short,Wallet,0.95,0.895,16,1,0
827,Friday,Travel,Morning,Hot,Short,Phone,0.98,0.886,10,0,0
827,Friday,Travel,Morning,Hot,Short,Charger,0.55,0.915,10,0,0
827,Friday,Travel,Morning,Hot,Short,ID_Card,0.9,0.948,16,2,0
828,Sunday,Family_Event,Morning,Sunny,Short,Wallet,0.95,0.616,12,0,0
828,Sunday,Family_Event,Morning,Sunny,Short,Keys,0.93,0.507,11,0,1
828,Sunday,Family_Event,Morning,Sunny,Short,Phone,0.98,0.84,11,0,1
828,Sunday,Family_Event,Morning,Sunny,Short,Earphones,0.4,0.096,3,1,1
829,Sunday,Travel,Afternoon,Hot,Short,ID_Card,0.9,0.856,9,1,0
829,Sunday,Travel,Afternoon,Hot,Short,Laptop,0.8,0.574,8,1,1
829,Sunday,Travel,Afternoon,Hot,Short,Earphones,0.4,0.564,10,0,1
829,Sunday,Travel,Afternoon,Hot,Short,Water_Bottle,0.45,0.841,16,0,0
829,Sunday,Travel,Afternoon,Hot,Short,Wallet,0.95,0.859,20,0,0
830,Monday,Gym,Night,Sunny,Long,Wallet,0.95,0.323,7,0,1
830,Monday,Gym,Night,Sunny,Long,Earphones,0.4,0.834,11,1,1
830,Monday,Gym,Night,Sunny,Long,Phone,0.98,0.688,17,2,0
831,Tuesday,Gym,Afternoon,Hot,Long,Keys,0.93,0.552,14,0,0
831,Tuesday,Gym,Afternoon,Hot,Long,Water_Bottle,0.45,0.982,20,0,0
831,Tuesday,Gym,Afternoon,Hot,Long,Earphones,0.4,0.853,11,1,0
832,Tuesday,College,Morning,Hot,Short,Charger,0.55,0.804,10,0,1
832,Tuesday,College,Morning,Hot,Short,Keys,0.93,0.623,11,0,0
832,Tuesday,College,Morning,Hot,Short,Earphones,0.4,0.565,6,1,1
832,Tuesday,College,Morning,Hot,Short,Wallet,0.95,0.667,10,0,1
832,Tuesday,College,Morning,Hot,Short,Water_Bottle,0.45,0.904,16,1,0
832,Tuesday,College,Morning,Hot,Short,ID_Card,0.9,0.959,18,0,0
832,Tuesday,College,Morning,Hot,Short,Notebook,0.5,0.917,13,1,1
833,Thursday,Shopping,Morning,Cloudy,Medium,Wallet,0.95,0.934,15,0,0
833,Thursday,Shopping,Morning,Cloudy,Medium,Phone,0.98,0.813,15,0,0
834,Tuesday,Other,Morning,Hot,Medium,Phone,0.98,0.926,12,0,0
834,Tuesday,Other,Morning,Hot,Medium,Laptop,0.8,0.351,7,2,0
834,Tuesday,Other,Morning,Hot,Medium,Wallet,0.95,0.608,12,0,0
835,Saturday,Other,Evening,Cold,Long,Umbrella,0.35,0.299,6,1,0
835,Saturday,Other,Evening,Cold,Long,Wallet,0.95,0.662,13,0,0
835,Saturday,Other,Evening,Cold,Long,Keys,0.93,0.539,12,0,0
836,Saturday,College,Afternoon,Hot,Short,Phone,0.98,0.931,12,0,0
836,Saturday,College,Afternoon,Hot,Short,Keys,0.93,0.577,7,0,0
836,Saturday,College,Afternoon,Hot,Short,ID_Card,0.9,0.895,10,0,0
836,Saturday,College,Afternoon,Hot,Short,Earphones,0.4,0.529,10,1,0
836,Saturday,College,Afternoon,Hot,Short,Notebook,0.5,0.808,14,0,1
836,Saturday,College,Afternoon,Hot,Short,Water_Bottle,0.45,0.952,16,0,0
836,Saturday,College,Afternoon,Hot,Short,Umbrella,0.35,0.078,2,2,1
836,Saturday,College,Afternoon,Hot,Short,Laptop,0.8,0.889,19,1,1
837,Saturday,Friends_House,Evening,Cloudy,Short,Water_Bottle,0.45,0.356,9,0,1
837,Saturday,Friends_House,Evening,Cloudy,Short,Phone,0.98,0.799,12,0,1
837,Saturday,Friends_House,Evening,Cloudy,Short,ID_Card,0.9,0.267,6,1,0
838,Tuesday,Office,Evening,Cloudy,Medium,Umbrella,0.35,0.507,6,1,1
838,Tuesday,Office,Evening,Cloudy,Medium,ID_Card,0.9,0.79,13,0,0
838,Tuesday,Office,Evening,Cloudy,Medium,Keys,0.93,0.69,9,0,0
838,Tuesday,Office,Evening,Cloudy,Medium,Notebook,0.5,0.511,7,2,1
838,Tuesday,Office,Evening,Cloudy,Medium,Laptop,0.8,0.827,13,0,1
838,Tuesday,Office,Evening,Cloudy,Medium,Earphones,0.4,0.39,8,2,1
839,Monday,Other,Morning,Hot,Long,Phone,0.98,0.821,18,0,0
839,Monday,Other,Morning,Hot,Long,Notebook,0.5,0.276,5,1,1
839,Monday,Other,Morning,Hot,Long,Wallet,0.95,0.583,9,0,1
839,Monday,Other,Morning,Hot,Long,Water_Bottle,0.45,0.682,7,2,1
839,Monday,Other,Morning,Hot,Long,Keys,0.93,0.577,13,0,0
840,Sunday,College,Afternoon,Sunny,Medium,Phone,0.98,0.9,13,0,0
840,Sunday,College,Afternoon,Sunny,Medium,Wallet,0.95,0.683,9,0,0
840,Sunday,College,Afternoon,Sunny,Medium,Charger,0.55,0.88,14,2,1
840,Sunday,College,Afternoon,Sunny,Medium,Laptop,0.8,0.99,15,0,0
841,Wednesday,Other,Night,Hot,Medium,Water_Bottle,0.45,0.641,9,2,0
841,Wednesday,Other,Night,Hot,Medium,Phone,0.98,0.819,12,0,0
841,Wednesday,Other,Night,Hot,Medium,Umbrella,0.35,0.06,4,1,1
841,Wednesday,Other,Night,Hot,Medium,Keys,0.93,0.582,9,0,0
842,Friday,Family_Event,Afternoon,Cloudy,Short,Keys,0.93,0.616,13,0,0
842,Friday,Family_Event,Afternoon,Cloudy,Short,Charger,0.55,0.385,8,3,0
842,Friday,Family_Event,Afternoon,Cloudy,Short,Umbrella,0.35,0.451,10,0,1
842,Friday,Family_Event,Afternoon,Cloudy,Short,Laptop,0.8,0.12,4,2,0
842,Friday,Family_Event,Afternoon,Cloudy,Short,Phone,0.98,0.869,15,0,0
843,Sunday,College,Morning,Hot,Medium,Wallet,0.95,0.739,14,0,0
843,Sunday,College,Morning,Hot,Medium,Water_Bottle,0.45,0.779,12,3,0
843,Sunday,College,Morning,Hot,Medium,Laptop,0.8,0.976,18,0,0
843,Sunday,College,Morning,Hot,Medium,Notebook,0.5,0.914,16,3,0
843,Sunday,College,Morning,Hot,Medium,Phone,0.98,0.959,14,0,1
844,Monday,College,Night,Sunny,Long,Water_Bottle,0.45,0.582,12,1,0
844,Monday,College,Night,Sunny,Long,Wallet,0.95,0.748,14,0,1
844,Monday,College,Night,Sunny,Long,Laptop,0.8,0.907,12,2,0
844,Monday,College,Night,Sunny,Long,Earphones,0.4,0.519,7,3,1
844,Monday,College,Night,Sunny,Long,Keys,0.93,0.683,9,0,1
845,Monday,Family_Event,Evening,Sunny,Short,Phone,0.98,0.868,15,0,0
845,Monday,Family_Event,Evening,Sunny,Short,ID_Card,0.9,0.314,13,0,0
845,Monday,Family_Event,Evening,Sunny,Short,Wallet,0.95,0.649,6,0,0
845,Monday,Family_Event,Evening,Sunny,Short,Water_Bottle,0.45,0.338,7,2,1
846,Monday,College,Afternoon,Cold,Medium,Water_Bottle,0.45,0.505,7,1,0
846,Monday,College,Afternoon,Cold,Medium,Laptop,0.8,0.896,18,1,1
846,Monday,College,Afternoon,Cold,Medium,Charger,0.55,0.915,18,2,1
846,Monday,College,Afternoon,Cold,Medium,Phone,0.98,0.842,7,0,0
846,Monday,College,Afternoon,Cold,Medium,ID_Card,0.9,0.85,10,0,0
846,Monday,College,Afternoon,Cold,Medium,Notebook,0.5,0.831,12,0,0
847,Tuesday,Shopping,Afternoon,Cold,Medium,Phone,0.98,0.723,14,0,0
847,Tuesday,Shopping,Afternoon,Cold,Medium,ID_Card,0.9,0.446,7,0,1
847,Tuesday,Shopping,Afternoon,Cold,Medium,Wallet,0.95,0.99,13,0,0
847,Tuesday,Shopping,Afternoon,Cold,Medium,Keys,0.93,0.57,7,0,1
847,Tuesday,Shopping,Afternoon,Cold,Medium,Earphones,0.4,0.191,6,1,1
848,Monday,Other,Morning,Cold,Medium,Keys,0.93,0.566,11,0,0
848,Monday,Other,Morning,Cold,Medium,Earphones,0.4,0.365,9,1,0
848,Monday,Other,Morning,Cold,Medium,Wallet,0.95,0.618,13,0,0
848,Monday,Other,Morning,Cold,Medium,Phone,0.98,0.851,9,0,0
849,Saturday,Shopping,Evening,Cold,Medium,Umbrella,0.35,0.277,8,0,1
849,Saturday,Shopping,Evening,Cold,Medium,Keys,0.93,0.551,12,0,0
849,Saturday,Shopping,Evening,Cold,Medium,Earphones,0.4,0.263,5,0,1
849,Saturday,Shopping,Evening,Cold,Medium,Wallet,0.95,0.847,16,0,0
850,Friday,Gym,Afternoon,Cloudy,Medium,Notebook,0.5,0.05,3,1,1
850,Friday,Gym,Afternoon,Cloudy,Medium,Umbrella,0.35,0.35,10,4,0
850,Friday,Gym,Afternoon,Cloudy,Medium,Keys,0.93,0.486,10,0,0
850,Friday,Gym,Afternoon,Cloudy,Medium,Earphones,0.4,0.776,10,0,0
851,Sunday,Gym,Morning,Sunny,Long,Water_Bottle,0.45,0.89,13,1,0
851,Sunday,Gym,Morning,Sunny,Long,ID_Card,0.9,0.154,3,0,1
852,Saturday,College,Evening,Sunny,Medium,Earphones,0.4,0.5,11,2,0
852,Saturday,College,Evening,Sunny,Medium,Charger,0.55,0.855,14,1,0
852,Saturday,College,Evening,Sunny,Medium,Wallet,0.95,0.734,10,0,0
852,Saturday,College,Evening,Sunny,Medium,Keys,0.93,0.612,11,0,0
853,Sunday,Other,Night,Rainy,Short,Umbrella,0.35,0.95,11,1,1
853,Sunday,Other,Night,Rainy,Short,Charger,0.55,0.367,8,5,0
853,Sunday,Other,Night,Rainy,Short,Wallet,0.95,0.564,12,0,0
853,Sunday,Other,Night,Rainy,Short,Keys,0.93,0.466,7,0,0
853,Sunday,Other,Night,Rainy,Short,Phone,0.98,0.863,17,0,0
853,Sunday,Other,Night,Rainy,Short,ID_Card,0.9,0.362,8,0,0
854,Tuesday,Office,Evening,Sunny,Short,Umbrella,0.35,0.088,7,1,0
854,Tuesday,Office,Evening,Sunny,Short,Laptop,0.8,0.807,9,4,1
854,Tuesday,Office,Evening,Sunny,Short,Phone,0.98,0.878,12,0,0
854,Tuesday,Office,Evening,Sunny,Short,Wallet,0.95,0.681,17,0,0
854,Tuesday,Office,Evening,Sunny,Short,ID_Card,0.9,0.815,9,1,0
854,Tuesday,Office,Evening,Sunny,Short,Charger,0.55,0.744,14,1,1
855,Wednesday,College,Morning,Cold,Short,Keys,0.93,0.607,14,0,0
855,Wednesday,College,Morning,Cold,Short,Earphones,0.4,0.48,5,0,0
855,Wednesday,College,Morning,Cold,Short,Wallet,0.95,0.739,11,0,0
855,Wednesday,College,Morning,Cold,Short,Phone,0.98,0.823,15,0,0
855,Wednesday,College,Morning,Cold,Short,ID_Card,0.9,0.928,20,0,0
855,Wednesday,College,Morning,Cold,Short,Charger,0.55,0.845,6,3,0
855,Wednesday,College,Morning,Cold,Short,Notebook,0.5,0.817,10,1,0
855,Wednesday,College,Morning,Cold,Short,Laptop,0.8,0.928,13,1,0
856,Saturday,Office,Morning,Sunny,Short,Earphones,0.4,0.448,6,0,1
856,Saturday,Office,Morning,Sunny,Short,Wallet,0.95,0.61,7,0,0
856,Saturday,Office,Morning,Sunny,Short,Water_Bottle,0.45,0.491,6,0,0
856,Saturday,Office,Morning,Sunny,Short,Phone,0.98,0.865,11,0,0
856,Saturday,Office,Morning,Sunny,Short,ID_Card,0.9,0.828,14,1,1
856,Saturday,Office,Morning,Sunny,Short,Laptop,0.8,0.796,16,2,0
857,Tuesday,Other,Night,Sunny,Short,Phone,0.98,0.82,10,0,0
857,Tuesday,Other,Night,Sunny,Short,ID_Card,0.9,0.367,6,1,0
857,Tuesday,Other,Night,Sunny,Short,Umbrella,0.35,0.134,4,3,1
857,Tuesday,Other,Night,Sunny,Short,Water_Bottle,0.45,0.462,12,1,1
857,Tuesday,Other,Night,Sunny,Short,Wallet,0.95,0.584,13,0,0
858,Monday,College,Night,Sunny,Medium,Keys,0.93,0.579,10,0,0
858,Monday,College,Night,Sunny,Medium,Charger,0.55,0.849,20,1,0
858,Monday,College,Night,Sunny,Medium,Umbrella,0.35,0.155,4,3,1
858,Monday,College,Night,Sunny,Medium,Wallet,0.95,0.743,12,0,0
858,Monday,College,Night,Sunny,Medium,Notebook,0.5,0.977,19,0,0
858,Monday,College,Night,Sunny,Medium,Phone,0.98,0.971,16,0,0
858,Monday,College,Night,Sunny,Medium,ID_Card,0.9,0.912,14,0,0
859,Friday,Family_Event,Afternoon,Sunny,Short,Charger,0.55,0.233,9,2,0
859,Friday,Family_Event,Afternoon,Sunny,Short,Keys,0.93,0.491,6,1,0
859,Friday,Family_Event,Afternoon,Sunny,Short,Phone,0.98,0.852,17,0,0
860,Saturday,Friends_House,Afternoon,Sunny,Short,Charger,0.55,0.389,10,1,1
860,Saturday,Friends_House,Afternoon,Sunny,Short,ID_Card,0.9,0.215,4,0,1
860,Saturday,Friends_House,Afternoon,Sunny,Short,Phone,0.98,0.861,11,0,0
861,Sunday,Family_Event,Afternoon,Rainy,Medium,Charger,0.55,0.353,14,0,1
862,Sunday,Other,Afternoon,Cloudy,Short,Laptop,0.8,0.347,5,2,0
862,Sunday,Other,Afternoon,Cloudy,Short,Water_Bottle,0.45,0.369,8,1,0
862,Sunday,Other,Afternoon,Cloudy,Short,Phone,0.98,0.774,13,0,0
862,Sunday,Other,Afternoon,Cloudy,Short,Umbrella,0.35,0.404,8,2,1
862,Sunday,Other,Afternoon,Cloudy,Short,Earphones,0.4,0.324,17,1,0
862,Sunday,Other,Afternoon,Cloudy,Short,Wallet,0.95,0.587,8,1,0
863,Monday,Family_Event,Morning,Rainy,Medium,Phone,0.98,0.844,12,0,0
864,Saturday,Other,Morning,Cold,Long,Laptop,0.8,0.265,2,1,1
864,Saturday,Other,Morning,Cold,Long,Wallet,0.95,0.589,16,0,0
864,Saturday,Other,Morning,Cold,Long,Phone,0.98,0.831,16,0,0
865,Saturday,College,Morning,Rainy,Medium,Phone,0.98,0.893,18,0,0
865,Saturday,College,Morning,Rainy,Medium,Notebook,0.5,0.88,11,0,1
865,Saturday,College,Morning,Rainy,Medium,ID_Card,0.9,0.871,17,0,0
865,Saturday,College,Morning,Rainy,Medium,Earphones,0.4,0.518,9,2,1
865,Saturday,College,Morning,Rainy,Medium,Laptop,0.8,0.889,23,0,0
865,Saturday,College,Morning,Rainy,Medium,Wallet,0.95,0.728,11,0,0
865,Saturday,College,Morning,Rainy,Medium,Charger,0.55,0.836,15,0,1
866,Friday,Friends_House,Evening,Rainy,Short,Laptop,0.8,0.188,8,0,0
866,Friday,Friends_House,Evening,Rainy,Short,Wallet,0.95,0.462,13,0,0
866,Friday,Friends_House,Evening,Rainy,Short,ID_Card,0.9,0.138,8,2,0
866,Friday,Friends_House,Evening,Rainy,Short,Water_Bottle,0.45,0.303,7,1,1
866,Friday,Friends_House,Evening,Rainy,Short,Earphones,0.4,0.386,9,1,1
867,Saturday,Shopping,Morning,Cloudy,Short,Earphones,0.4,0.379,6,1,1
867,Saturday,Shopping,Morning,Cloudy,Short,Wallet,0.95,0.921,14,0,0
867,Saturday,Shopping,Morning,Cloudy,Short,Water_Bottle,0.45,0.213,5,1,1
868,Saturday,Shopping,Morning,Sunny,Medium,Phone,0.98,0.903,18,0,0
868,Saturday,Shopping,Morning,Sunny,Medium,ID_Card,0.9,0.469,8,1,1
869,Thursday,Family_Event,Afternoon,Cloudy,Medium,Water_Bottle,0.45,0.219,5,2,1
869,Thursday,Family_Event,Afternoon,Cloudy,Medium,Keys,0.93,0.518,8,0,0
869,Thursday,Family_Event,Afternoon,Cloudy,Medium,Wallet,0.95,0.627,6,0,0
869,Thursday,Family_Event,Afternoon,Cloudy,Medium,Phone,0.98,0.825,17,0,0
870,Monday,Other,Morning,Cold,Short,Phone,0.98,0.848,16,0,1
870,Monday,Other,Morning,Cold,Short,Wallet,0.95,0.609,4,0,1
870,Monday,Other,Morning,Cold,Short,Earphones,0.4,0.387,13,1,0
870,Monday,Other,Morning,Cold,Short,Charger,0.55,0.408,8,1,1
870,Monday,Other,Morning,Cold,Short,ID_Card,0.9,0.431,5,0,1
871,Thursday,Friends_House,Morning,Rainy,Medium,Keys,0.93,0.592,13,0,0
871,Thursday,Friends_House,Morning,Rainy,Medium,Charger,0.55,0.332,11,2,0
871,Thursday,Friends_House,Morning,Rainy,Medium,Wallet,0.95,0.477,14,0,0
871,Thursday,Friends_House,Morning,Rainy,Medium,Phone,0.98,0.746,3,0,0
872,Tuesday,Shopping,Afternoon,Sunny,Medium,Phone,0.98,0.76,15,0,0
872,Tuesday,Shopping,Afternoon,Sunny,Medium,Keys,0.93,0.566,10,0,0
873,Monday,Gym,Afternoon,Cloudy,Short,Earphones,0.4,0.836,10,3,0
873,Monday,Gym,Afternoon,Cloudy,Short,Notebook,0.5,0.092,4,1,0
873,Monday,Gym,Afternoon,Cloudy,Short,Wallet,0.95,0.308,4,0,0
873,Monday,Gym,Afternoon,Cloudy,Short,Umbrella,0.35,0.382,6,2,1
874,Monday,Gym,Afternoon,Hot,Medium,Earphones,0.4,0.797,12,1,0
874,Monday,Gym,Afternoon,Hot,Medium,Charger,0.55,0.177,4,0,1
874,Monday,Gym,Afternoon,Hot,Medium,Water_Bottle,0.45,0.96,15,0,0
874,Monday,Gym,Afternoon,Hot,Medium,Keys,0.93,0.499,13,0,0
875,Friday,Gym,Night,Rainy,Short,ID_Card,0.9,0.179,3,0,1
875,Friday,Gym,Night,Rainy,Short,Wallet,0.95,0.297,11,0,0
875,Friday,Gym,Night,Rainy,Short,Notebook,0.5,0.091,2,0,0
875,Friday,Gym,Night,Rainy,Short,Water_Bottle,0.45,0.89,9,1,0
875,Friday,Gym,Night,Rainy,Short,Keys,0.93,0.533,5,0,0
875,Friday,Gym,Night,Rainy,Short,Phone,0.98,0.643,11,0,0
875,Friday,Gym,Night,Rainy,Short,Umbrella,0.35,0.654,15,3,1
876,Thursday,Gym,Morning,Rainy,Short,Charger,0.55,0.099,4,3,1
876,Thursday,Gym,Morning,Rainy,Short,ID_Card,0.9,0.21,13,1,0
876,Thursday,Gym,Morning,Rainy,Short,Water_Bottle,0.45,0.897,13,0,0
877,Thursday,College,Night,Cold,Long,ID_Card,0.9,0.832,12,0,0
877,Thursday,College,Night,Cold,Long,Keys,0.93,0.654,10,0,0
877,Thursday,College,Night,Cold,Long,Laptop,0.8,0.821,11,2,0
877,Thursday,College,Night,Cold,Long,Wallet,0.95,0.755,17,0,0
877,Thursday,College,Night,Cold,Long,Phone,0.98,0.885,9,0,0
878,Saturday,College,Night,Rainy,Short,Wallet,0.95,0.659,21,0,0
878,Saturday,College,Night,Rainy,Short,ID_Card,0.9,0.965,11,0,0
878,Saturday,College,Night,Rainy,Short,Laptop,0.8,0.848,15,0,0
878,Saturday,College,Night,Rainy,Short,Phone,0.98,0.958,12,0,0
878,Saturday,College,Night,Rainy,Short,Umbrella,0.35,0.766,14,0,0
878,Saturday,College,Night,Rainy,Short,Charger,0.55,0.813,10,1,0
878,Saturday,College,Night,Rainy,Short,Notebook,0.5,0.903,8,1,1
880,Friday,Gym,Afternoon,Sunny,Medium,Earphones,0.4,0.802,16,1,0
880,Friday,Gym,Afternoon,Sunny,Medium,Water_Bottle,0.45,0.92,17,1,0
880,Friday,Gym,Afternoon,Sunny,Medium,Phone,0.98,0.694,10,0,0
881,Monday,Other,Afternoon,Sunny,Short,ID_Card,0.9,0.379,7,0,0
881,Monday,Other,Afternoon,Sunny,Short,Wallet,0.95,0.544,7,0,1
882,Saturday,Travel,Afternoon,Cold,Long,Wallet,0.95,0.897,22,0,0
882,Saturday,Travel,Afternoon,Cold,Long,ID_Card,0.9,0.956,17,0,0
882,Saturday,Travel,Afternoon,Cold,Long,Umbrella,0.35,0.349,5,3,1
882,Saturday,Travel,Afternoon,Cold,Long,Phone,0.98,0.93,20,0,0
882,Saturday,Travel,Afternoon,Cold,Long,Earphones,0.4,0.494,5,2,1
882,Saturday,Travel,Afternoon,Cold,Long,Charger,0.55,0.947,10,0,1
883,Thursday,College,Evening,Rainy,Short,Umbrella,0.35,0.834,11,0,1
883,Thursday,College,Evening,Rainy,Short,Wallet,0.95,0.764,15,0,0
883,Thursday,College,Evening,Rainy,Short,Earphones,0.4,0.589,6,3,0
883,Thursday,College,Evening,Rainy,Short,Charger,0.55,0.834,10,1,1
883,Thursday,College,Evening,Rainy,Short,Notebook,0.5,0.936,13,0,0
883,Thursday,College,Evening,Rainy,Short,Keys,0.93,0.557,18,0,0
884,Tuesday,College,Morning,Cloudy,Short,Umbrella,0.35,0.449,13,0,1
884,Tuesday,College,Morning,Cloudy,Short,Water_Bottle,0.45,0.683,17,0,0
884,Tuesday,College,Morning,Cloudy,Short,Wallet,0.95,0.764,19,1,0
884,Tuesday,College,Morning,Cloudy,Short,Notebook,0.5,0.842,15,1,0
884,Tuesday,College,Morning,Cloudy,Short,Phone,0.98,0.872,11,1,0
884,Tuesday,College,Morning,Cloudy,Short,Earphones,0.4,0.608,12,0,0
884,Tuesday,College,Morning,Cloudy,Short,ID_Card,0.9,0.921,17,0,0
884,Tuesday,College,Morning,Cloudy,Short,Charger,0.55,0.848,14,3,1
885,Saturday,Office,Night,Rainy,Long,Laptop,0.8,0.743,15,0,1
885,Saturday,Office,Night,Rainy,Long,Earphones,0.4,0.39,7,2,0
885,Saturday,Office,Night,Rainy,Long,Wallet,0.95,0.732,16,0,0
885,Saturday,Office,Night,Rainy,Long,Phone,0.98,0.868,10,0,0
885,Saturday,Office,Night,Rainy,Long,Keys,0.93,0.609,15,0,1
885,Saturday,Office,Night,Rainy,Long,Water_Bottle,0.45,0.53,8,1,0
885,Saturday,Office,Night,Rainy,Long,ID_Card,0.9,0.722,11,0,0
886,Saturday,Other,Afternoon,Sunny,Medium,Wallet,0.95,0.63,11,0,0
886,Saturday,Other,Afternoon,Sunny,Medium,Keys,0.93,0.544,10,0,0
886,Saturday,Other,Afternoon,Sunny,Medium,Charger,0.55,0.4,10,2,0
886,Saturday,Other,Afternoon,Sunny,Medium,Phone,0.98,0.839,8,0,0
887,Monday,Office,Evening,Hot,Medium,Wallet,0.95,0.762,16,0,0
887,Monday,Office,Evening,Hot,Medium,Laptop,0.8,0.84,12,2,1
887,Monday,Office,Evening,Hot,Medium,Earphones,0.4,0.484,10,0,1
887,Monday,Office,Evening,Hot,Medium,Water_Bottle,0.45,0.744,14,1,0
888,Tuesday,Shopping,Afternoon,Sunny,Short,Wallet,0.95,0.99,14,0,0
888,Tuesday,Shopping,Afternoon,Sunny,Short,ID_Card,0.9,0.564,8,0,1
888,Tuesday,Shopping,Afternoon,Sunny,Short,Water_Bottle,0.45,0.386,5,0,1
888,Tuesday,Shopping,Afternoon,Sunny,Short,Notebook,0.5,0.01,3,4,1
889,Monday,Other,Morning,Hot,Short,Charger,0.55,0.402,5,0,1
889,Monday,Other,Morning,Hot,Short,Phone,0.98,0.768,4,0,1
889,Monday,Other,Morning,Hot,Short,Laptop,0.8,0.271,10,0,1
890,Tuesday,Other,Afternoon,Rainy,Medium,Phone,0.98,0.884,20,0,0
890,Tuesday,Other,Afternoon,Rainy,Medium,Keys,0.93,0.662,6,0,0
890,Tuesday,Other,Afternoon,Rainy,Medium,Umbrella,0.35,0.831,13,1,1
891,Monday,Office,Afternoon,Sunny,Short,Phone,0.98,0.942,8,0,0
891,Monday,Office,Afternoon,Sunny,Short,Wallet,0.95,0.662,8,0,0
891,Monday,Office,Afternoon,Sunny,Short,Charger,0.55,0.832,12,0,0
891,Monday,Office,Afternoon,Sunny,Short,ID_Card,0.9,0.875,19,0,0
891,Monday,Office,Afternoon,Sunny,Short,Laptop,0.8,0.896,20,0,0
892,Friday,College,Afternoon,Sunny,Short,Wallet,0.95,0.803,15,0,0
892,Friday,College,Afternoon,Sunny,Short,Charger,0.55,0.809,18,0,1
892,Friday,College,Afternoon,Sunny,Short,Keys,0.93,0.589,4,1,0
892,Friday,College,Afternoon,Sunny,Short,Earphones,0.4,0.602,15,1,0
892,Friday,College,Afternoon,Sunny,Short,Laptop,0.8,0.895,13,2,0
892,Friday,College,Afternoon,Sunny,Short,ID_Card,0.9,0.871,8,0,0
892,Friday,College,Afternoon,Sunny,Short,Water_Bottle,0.45,0.556,5,2,1
892,Friday,College,Afternoon,Sunny,Short,Phone,0.98,0.86,11,0,0
892,Friday,College,Afternoon,Sunny,Short,Notebook,0.5,0.867,20,0,0
893,Thursday,College,Morning,Hot,Medium,Water_Bottle,0.45,0.927,14,0,0
893,Thursday,College,Morning,Hot,Medium,Laptop,0.8,0.953,14,0,1
893,Thursday,College,Morning,Hot,Medium,Charger,0.55,0.828,16,1,0
893,Thursday,College,Morning,Hot,Medium,ID_Card,0.9,0.901,12,0,0
893,Thursday,College,Morning,Hot,Medium,Phone,0.98,0.957,18,0,0
894,Sunday,College,Morning,Sunny,Short,Charger,0.55,0.771,8,3,1
894,Sunday,College,Morning,Sunny,Short,Notebook,0.5,0.948,17,0,1
894,Sunday,College,Morning,Sunny,Short,Wallet,0.95,0.746,12,0,0
894,Sunday,College,Morning,Sunny,Short,Phone,0.98,0.879,10,0,0
894,Sunday,College,Morning,Sunny,Short,Keys,0.93,0.607,10,0,0
895,Saturday,College,Afternoon,Sunny,Short,Earphones,0.4,0.521,11,1,0
895,Saturday,College,Afternoon,Sunny,Short,Charger,0.55,0.794,9,1,0
895,Saturday,College,Afternoon,Sunny,Short,Phone,0.98,0.881,7,0,1
895,Saturday,College,Afternoon,Sunny,Short,Wallet,0.95,0.73,11,0,0
895,Saturday,College,Afternoon,Sunny,Short,Notebook,0.5,0.85,16,1,1
896,Friday,Shopping,Afternoon,Hot,Short,ID_Card,0.9,0.538,10,0,0
896,Friday,Shopping,Afternoon,Hot,Short,Wallet,0.95,0.908,10,0,0
896,Friday,Shopping,Afternoon,Hot,Short,Phone,0.98,0.77,17,0,0
897,Thursday,Other,Night,Cloudy,Medium,Wallet,0.95,0.632,12,0,0
897,Thursday,Other,Night,Cloudy,Medium,Phone,0.98,0.752,9,0,0
897,Thursday,Other,Night,Cloudy,Medium,Laptop,0.8,0.258,10,0,0
898,Monday,Shopping,Morning,Cloudy,Medium,Umbrella,0.35,0.523,15,1,0
898,Monday,Shopping,Morning,Cloudy,Medium,Keys,0.93,0.71,12,0,1
899,Monday,Travel,Morning,Sunny,Long,ID_Card,0.9,0.99,19,1,0
899,Monday,Travel,Morning,Sunny,Long,Wallet,0.95,0.927,15,0,0
899,Monday,Travel,Morning,Sunny,Long,Keys,0.93,0.416,2,0,0
899,Monday,Travel,Morning,Sunny,Long,Phone,0.98,0.862,19,0,0
899,Monday,Travel,Morning,Sunny,Long,Charger,0.55,0.868,14,1,1
899,Monday,Travel,Morning,Sunny,Long,Laptop,0.8,0.542,9,1,1
900,Friday,Office,Morning,Cold,Short,Umbrella,0.35,0.306,3,0,1
900,Friday,Office,Morning,Cold,Short,Wallet,0.95,0.736,10,0,0
900,Friday,Office,Morning,Cold,Short,Charger,0.55,0.831,15,1,0
900,Friday,Office,Morning,Cold,Short,ID_Card,0.9,0.857,12,1,0
901,Monday,Family_Event,Afternoon,Sunny,Short,Phone,0.98,0.813,15,0,0
901,Monday,Family_Event,Afternoon,Sunny,Short,Water_Bottle,0.45,0.332,6,5,1
902,Monday,Travel,Afternoon,Sunny,Medium,Charger,0.55,0.896,13,2,1
902,Monday,Travel,Afternoon,Sunny,Medium,Wallet,0.95,0.861,15,0,0
902,Monday,Travel,Afternoon,Sunny,Medium,Water_Bottle,0.45,0.577,7,2,0
903,Tuesday,Family_Event,Afternoon,Cloudy,Short,Wallet,0.95,0.641,8,0,0
903,Tuesday,Family_Event,Afternoon,Cloudy,Short,Water_Bottle,0.45,0.342,4,2,1
903,Tuesday,Family_Event,Afternoon,Cloudy,Short,Charger,0.55,0.297,4,2,1
904,Sunday,Other,Night,Sunny,Medium,Notebook,0.5,0.285,7,5,1
904,Sunday,Other,Night,Sunny,Medium,Keys,0.93,0.587,8,0,0
904,Sunday,Other,Night,Sunny,Medium,Water_Bottle,0.45,0.322,8,0,1
904,Sunday,Other,Night,Sunny,Medium,Laptop,0.8,0.32,9,2,0
904,Sunday,Other,Night,Sunny,Medium,Phone,0.98,0.776,9,0,0
905,Thursday,Office,Morning,Cloudy,Long,Water_Bottle,0.45,0.548,11,0,1
905,Thursday,Office,Morning,Cloudy,Long,Wallet,0.95,0.729,8,0,0
905,Thursday,Office,Morning,Cloudy,Long,Phone,0.98,0.99,18,0,0
905,Thursday,Office,Morning,Cloudy,Long,Umbrella,0.35,0.401,5,4,1
905,Thursday,Office,Morning,Cloudy,Long,Charger,0.55,0.84,12,2,1
905,Thursday,Office,Morning,Cloudy,Long,Keys,0.93,0.594,7,0,0
905,Thursday,Office,Morning,Cloudy,Long,Notebook,0.5,0.53,12,0,1
905,Thursday,Office,Morning,Cloudy,Long,Earphones,0.4,0.397,8,1,0
906,Friday,College,Evening,Sunny,Medium,Notebook,0.5,0.778,9,0,0
906,Friday,College,Evening,Sunny,Medium,ID_Card,0.9,0.849,9,1,0
906,Friday,College,Evening,Sunny,Medium,Wallet,0.95,0.745,11,0,0
906,Friday,College,Evening,Sunny,Medium,Laptop,0.8,0.857,13,1,0
906,Friday,College,Evening,Sunny,Medium,Phone,0.98,0.933,12,0,1
907,Wednesday,Office,Morning,Sunny,Medium,Laptop,0.8,0.863,14,0,0
907,Wednesday,Office,Morning,Sunny,Medium,Earphones,0.4,0.408,7,3,0
907,Wednesday,Office,Morning,Sunny,Medium,Phone,0.98,0.849,12,0,0
907,Wednesday,Office,Morning,Sunny,Medium,ID_Card,0.9,0.875,12,0,0
907,Wednesday,Office,Morning,Sunny,Medium,Keys,0.93,0.63,13,0,0
908,Tuesday,Gym,Morning,Cloudy,Long,Keys,0.93,0.489,10,0,1
908,Tuesday,Gym,Morning,Cloudy,Long,Water_Bottle,0.45,0.945,16,2,1
909,Wednesday,Other,Afternoon,Cold,Short,Phone,0.98,0.864,6,0,0
909,Wednesday,Other,Afternoon,Cold,Short,Wallet,0.95,0.653,12,0,0
909,Wednesday,Other,Afternoon,Cold,Short,Charger,0.55,0.377,4,2,1
910,Monday,Gym,Morning,Sunny,Long,Keys,0.93,0.525,9,0,0
910,Monday,Gym,Morning,Sunny,Long,Phone,0.98,0.703,6,0,0
910,Monday,Gym,Morning,Sunny,Long,Notebook,0.5,0.095,4,1,1
911,Saturday,Friends_House,Afternoon,Sunny,Medium,Earphones,0.4,0.429,11,1,1
911,Saturday,Friends_House,Afternoon,Sunny,Medium,Phone,0.98,0.906,13,0,0
912,Tuesday,Shopping,Evening,Cold,Medium,Phone,0.98,0.864,11,0,0
912,Tuesday,Shopping,Evening,Cold,Medium,Keys,0.93,0.626,15,0,0
912,Tuesday,Shopping,Evening,Cold,Medium,Wallet,0.95,0.97,15,1,0
913,Wednesday,College,Evening,Cold,Long,ID_Card,0.9,0.9,13,1,0
913,Wednesday,College,Evening,Cold,Long,Charger,0.55,0.906,17,0,0
913,Wednesday,College,Evening,Cold,Long,Notebook,0.5,0.887,7,0,0
913,Wednesday,College,Evening,Cold,Long,Phone,0.98,0.893,15,0,0
913,Wednesday,College,Evening,Cold,Long,Laptop,0.8,0.942,17,1,0
913,Wednesday,College,Evening,Cold,Long,Keys,0.93,0.512,11,0,1
914,Sunday,Office,Afternoon,Rainy,Medium,Water_Bottle,0.45,0.455,8,0,1
914,Sunday,Office,Afternoon,Rainy,Medium,Laptop,0.8,0.839,20,0,0
914,Sunday,Office,Afternoon,Rainy,Medium,Keys,0.93,0.588,12,0,0
914,Sunday,Office,Afternoon,Rainy,Medium,ID_Card,0.9,0.811,13,1,0
914,Sunday,Office,Afternoon,Rainy,Medium,Charger,0.55,0.781,13,1,0
914,Sunday,Office,Afternoon,Rainy,Medium,Phone,0.98,0.907,15,1,1
914,Sunday,Office,Afternoon,Rainy,Medium,Notebook,0.5,0.528,12,2,1
914,Sunday,Office,Afternoon,Rainy,Medium,Wallet,0.95,0.712,17,0,0
914,Sunday,Office,Afternoon,Rainy,Medium,Umbrella,0.35,0.879,11,1,1
915,Friday,Travel,Afternoon,Sunny,Medium,ID_Card,0.9,0.982,15,1,0
915,Friday,Travel,Afternoon,Sunny,Medium,Keys,0.93,0.365,9,0,1
915,Friday,Travel,Afternoon,Sunny,Medium,Wallet,0.95,0.878,14,0,0
915,Friday,Travel,Afternoon,Sunny,Medium,Laptop,0.8,0.539,6,0,0
915,Friday,Travel,Afternoon,Sunny,Medium,Charger,0.55,0.957,22,3,0
916,Thursday,Travel,Afternoon,Cloudy,Short,Charger,0.55,0.954,15,1,0
916,Thursday,Travel,Afternoon,Cloudy,Short,Laptop,0.8,0.602,14,3,1
916,Thursday,Travel,Afternoon,Cloudy,Short,ID_Card,0.9,0.99,23,0,0
916,Thursday,Travel,Afternoon,Cloudy,Short,Keys,0.93,0.415,9,0,0
916,Thursday,Travel,Afternoon,Cloudy,Short,Umbrella,0.35,0.562,4,3,1
917,Thursday,Gym,Morning,Sunny,Medium,Water_Bottle,0.45,0.825,18,0,0
917,Thursday,Gym,Morning,Sunny,Medium,Umbrella,0.35,0.073,0,2,1
917,Thursday,Gym,Morning,Sunny,Medium,Wallet,0.95,0.244,4,0,0
918,Saturday,Office,Morning,Sunny,Medium,Water_Bottle,0.45,0.415,10,1,1
918,Saturday,Office,Morning,Sunny,Medium,Charger,0.55,0.713,8,4,0
918,Saturday,Office,Morning,Sunny,Medium,Notebook,0.5,0.548,8,4,1
918,Saturday,Office,Morning,Sunny,Medium,Wallet,0.95,0.714,12,0,1
918,Saturday,Office,Morning,Sunny,Medium,Phone,0.98,0.811,8,1,0
918,Saturday,Office,Morning,Sunny,Medium,Laptop,0.8,0.795,13,0,0
919,Tuesday,Friends_House,Evening,Cloudy,Short,Earphones,0.4,0.364,3,0,1
919,Tuesday,Friends_House,Evening,Cloudy,Short,Phone,0.98,0.851,14,0,0
919,Tuesday,Friends_House,Evening,Cloudy,Short,Keys,0.93,0.507,8,0,0
920,Friday,College,Night,Rainy,Medium,Notebook,0.5,0.834,12,1,0
920,Friday,College,Night,Rainy,Medium,Wallet,0.95,0.809,13,1,0
920,Friday,College,Night,Rainy,Medium,Charger,0.55,0.834,14,0,0
920,Friday,College,Night,Rainy,Medium,Water_Bottle,0.45,0.584,6,3,1
920,Friday,College,Night,Rainy,Medium,Laptop,0.8,0.882,10,0,1
920,Friday,College,Night,Rainy,Medium,ID_Card,0.9,0.99,11,0,0
920,Friday,College,Night,Rainy,Medium,Phone,0.98,0.896,16,0,0
921,Sunday,Other,Morning,Cloudy,Medium,Phone,0.98,0.788,15,0,0
921,Sunday,Other,Morning,Cloudy,Medium,ID_Card,0.9,0.397,3,0,1
921,Sunday,Other,Morning,Cloudy,Medium,Wallet,0.95,0.61,15,0,0
922,Friday,College,Afternoon,Rainy,Short,Notebook,0.5,0.99,9,0,0
922,Friday,College,Afternoon,Rainy,Short,Wallet,0.95,0.725,7,0,0
922,Friday,College,Afternoon,Rainy,Short,Umbrella,0.35,0.882,14,1,0
922,Friday,College,Afternoon,Rainy,Short,Laptop,0.8,0.99,7,0,0
922,Friday,College,Afternoon,Rainy,Short,Keys,0.93,0.574,14,0,0
922,Friday,College,Afternoon,Rainy,Short,Phone,0.98,0.931,14,0,0
922,Friday,College,Afternoon,Rainy,Short,Earphones,0.4,0.612,3,0,0
922,Friday,College,Afternoon,Rainy,Short,ID_Card,0.9,0.977,23,0,0
923,Thursday,College,Evening,Sunny,Short,Phone,0.98,0.917,21,0,0
923,Thursday,College,Evening,Sunny,Short,Keys,0.93,0.625,7,0,1
923,Thursday,College,Evening,Sunny,Short,Earphones,0.4,0.482,8,1,0
923,Thursday,College,Evening,Sunny,Short,Charger,0.55,0.815,18,2,1
923,Thursday,College,Evening,Sunny,Short,ID_Card,0.9,0.829,13,0,0
924,Tuesday,Shopping,Evening,Cloudy,Medium,Keys,0.93,0.559,8,0,0
924,Tuesday,Shopping,Evening,Cloudy,Medium,Umbrella,0.35,0.485,2,1,1
924,Tuesday,Shopping,Evening,Cloudy,Medium,Wallet,0.95,0.931,10,0,0
924,Tuesday,Shopping,Evening,Cloudy,Medium,Water_Bottle,0.45,0.25,6,2,1
925,Tuesday,Shopping,Afternoon,Hot,Short,Water_Bottle,0.45,0.652,8,1,0
925,Tuesday,Shopping,Afternoon,Hot,Short,Wallet,0.95,0.874,17,0,0
925,Tuesday,Shopping,Afternoon,Hot,Short,Phone,0.98,0.836,16,0,0
926,Sunday,Shopping,Afternoon,Cold,Short,Keys,0.93,0.606,7,0,0
926,Sunday,Shopping,Afternoon,Cold,Short,Earphones,0.4,0.302,5,3,1
926,Sunday,Shopping,Afternoon,Cold,Short,Wallet,0.95,0.94,14,0,0
927,Thursday,Gym,Evening,Cloudy,Medium,Notebook,0.5,0.016,5,1,0
927,Thursday,Gym,Evening,Cloudy,Medium,Earphones,0.4,0.89,12,0,0
927,Thursday,Gym,Evening,Cloudy,Medium,Keys,0.93,0.537,14,0,0
927,Thursday,Gym,Evening,Cloudy,Medium,Wallet,0.95,0.303,6,0,1
927,Thursday,Gym,Evening,Cloudy,Medium,Charger,0.55,0.115,4,2,1
928,Wednesday,Other,Evening,Rainy,Short,Water_Bottle,0.45,0.377,8,0,1
928,Wednesday,Other,Evening,Rainy,Short,ID_Card,0.9,0.365,7,1,0
928,Wednesday,Other,Evening,Rainy,Short,Phone,0.98,0.832,19,0,0
928,Wednesday,Other,Evening,Rainy,Short,Umbrella,0.35,0.884,12,1,0
928,Wednesday,Other,Evening,Rainy,Short,Laptop,0.8,0.323,6,0,1
929,Wednesday,Shopping,Morning,Sunny,Short,Keys,0.93,0.682,7,0,0
929,Wednesday,Shopping,Morning,Sunny,Short,ID_Card,0.9,0.409,9,2,0
929,Wednesday,Shopping,Morning,Sunny,Short,Notebook,0.5,0.108,8,1,1
929,Wednesday,Shopping,Morning,Sunny,Short,Wallet,0.95,0.99,14,0,0
930,Friday,Gym,Night,Sunny,Medium,Earphones,0.4,0.841,12,1,1
930,Friday,Gym,Night,Sunny,Medium,Wallet,0.95,0.32,5,0,0
930,Friday,Gym,Night,Sunny,Medium,Laptop,0.8,0.038,5,0,0
930,Friday,Gym,Night,Sunny,Medium,Phone,0.98,0.71,13,0,0
931,Thursday,Gym,Morning,Hot,Short,Wallet,0.95,0.213,3,0,1
931,Thursday,Gym,Morning,Hot,Short,Earphones,0.4,0.853,13,1,0
931,Thursday,Gym,Morning,Hot,Short,Phone,0.98,0.626,21,0,0
931,Thursday,Gym,Morning,Hot,Short,Water_Bottle,0.45,0.99,16,1,1
932,Friday,College,Evening,Sunny,Long,Keys,0.93,0.59,6,0,0
932,Friday,College,Evening,Sunny,Long,Laptop,0.8,0.898,14,0,1
932,Friday,College,Evening,Sunny,Long,Wallet,0.95,0.735,13,0,1
932,Friday,College,Evening,Sunny,Long,ID_Card,0.9,0.905,14,0,1
932,Friday,College,Evening,Sunny,Long,Notebook,0.5,0.862,17,2,1
932,Friday,College,Evening,Sunny,Long,Phone,0.98,0.91,19,0,0
933,Tuesday,Travel,Morning,Cloudy,Long,ID_Card,0.9,0.97,14,1,0
933,Tuesday,Travel,Morning,Cloudy,Long,Phone,0.98,0.974,20,0,1
933,Tuesday,Travel,Morning,Cloudy,Long,Umbrella,0.35,0.535,12,1,1
933,Tuesday,Travel,Morning,Cloudy,Long,Charger,0.55,0.909,12,1,0
933,Tuesday,Travel,Morning,Cloudy,Long,Earphones,0.4,0.591,9,0,1
934,Friday,Office,Morning,Cloudy,Medium,Umbrella,0.35,0.396,15,3,1
934,Friday,Office,Morning,Cloudy,Medium,Keys,0.93,0.569,6,0,1
934,Friday,Office,Morning,Cloudy,Medium,ID_Card,0.9,0.878,11,1,0
934,Friday,Office,Morning,Cloudy,Medium,Phone,0.98,0.892,15,0,0
934,Friday,Office,Morning,Cloudy,Medium,Earphones,0.4,0.494,14,1,0
934,Friday,Office,Morning,Cloudy,Medium,Wallet,0.95,0.606,11,0,0
934,Friday,Office,Morning,Cloudy,Medium,Charger,0.55,0.753,8,2,1
935,Thursday,Travel,Morning,Sunny,Long,ID_Card,0.9,0.856,9,0,0
935,Thursday,Travel,Morning,Sunny,Long,Charger,0.55,0.819,18,2,0
935,Thursday,Travel,Morning,Sunny,Long,Water_Bottle,0.45,0.564,11,2,1
935,Thursday,Travel,Morning,Sunny,Long,Earphones,0.4,0.568,9,0,1
935,Thursday,Travel,Morning,Sunny,Long,Laptop,0.8,0.647,7,1,1
935,Thursday,Travel,Morning,Sunny,Long,Wallet,0.95,0.896,13,0,0
936,Sunday,College,Afternoon,Sunny,Long,Charger,0.55,0.849,13,1,1
936,Sunday,College,Afternoon,Sunny,Long,Water_Bottle,0.45,0.612,5,1,0
936,Sunday,College,Afternoon,Sunny,Long,Laptop,0.8,0.941,13,0,0
936,Sunday,College,Afternoon,Sunny,Long,ID_Card,0.9,0.879,8,0,0
936,Sunday,College,Afternoon,Sunny,Long,Notebook,0.5,0.809,17,0,1
936,Sunday,College,Afternoon,Sunny,Long,Keys,0.93,0.52,7,0,0
936,Sunday,College,Afternoon,Sunny,Long,Wallet,0.95,0.818,7,0,0
937,Tuesday,Other,Morning,Cloudy,Short,Phone,0.98,0.747,8,0,0
937,Tuesday,Other,Morning,Cloudy,Short,Laptop,0.8,0.263,4,2,1
937,Tuesday,Other,Morning,Cloudy,Short,Keys,0.93,0.585,9,0,0
938,Tuesday,Gym,Morning,Cold,Medium,Water_Bottle,0.45,0.698,14,0,0
938,Tuesday,Gym,Morning,Cold,Medium,Wallet,0.95,0.324,4,0,0
938,Tuesday,Gym,Morning,Cold,Medium,Phone,0.98,0.683,14,0,0
938,Tuesday,Gym,Morning,Cold,Medium,Umbrella,0.35,0.122,4,5,1
939,Thursday,Family_Event,Afternoon,Rainy,Short,Phone,0.98,0.82,9,0,0
939,Thursday,Family_Event,Afternoon,Rainy,Short,Wallet,0.95,0.573,12,0,0
939,Thursday,Family_Event,Afternoon,Rainy,Short,ID_Card,0.9,0.298,6,0,0
939,Thursday,Family_Event,Afternoon,Rainy,Short,Umbrella,0.35,0.85,11,0,0
939,Thursday,Family_Event,Afternoon,Rainy,Short,Charger,0.55,0.308,15,1,1
939,Thursday,Family_Event,Afternoon,Rainy,Short,Keys,0.93,0.567,11,1,1
940,Thursday,Gym,Afternoon,Cloudy,Medium,Water_Bottle,0.45,0.926,18,1,1
940,Thursday,Gym,Afternoon,Cloudy,Medium,Keys,0.93,0.516,10,0,0
940,Thursday,Gym,Afternoon,Cloudy,Medium,Phone,0.98,0.743,12,0,0
941,Friday,College,Evening,Sunny,Medium,Water_Bottle,0.45,0.593,13,0,0
941,Friday,College,Evening,Sunny,Medium,Earphones,0.4,0.539,15,2,1
941,Friday,College,Evening,Sunny,Medium,Phone,0.98,0.986,8,0,0
941,Friday,College,Evening,Sunny,Medium,Notebook,0.5,0.973,18,1,0
941,Friday,College,Evening,Sunny,Medium,Charger,0.55,0.937,13,2,1
941,Friday,College,Evening,Sunny,Medium,Laptop,0.8,0.941,16,1,0
941,Friday,College,Evening,Sunny,Medium,Wallet,0.95,0.716,9,0,0
942,Wednesday,Family_Event,Evening,Rainy,Short,ID_Card,0.9,0.32,9,0,0
942,Wednesday,Family_Event,Evening,Rainy,Short,Phone,0.98,0.743,11,0,0
942,Wednesday,Family_Event,Evening,Rainy,Short,Wallet,0.95,0.596,10,0,0
943,Sunday,Travel,Evening,Sunny,Short,Keys,0.93,0.402,7,0,0
943,Sunday,Travel,Evening,Sunny,Short,ID_Card,0.9,0.99,19,0,0
943,Sunday,Travel,Evening,Sunny,Short,Water_Bottle,0.45,0.509,4,3,1
943,Sunday,Travel,Evening,Sunny,Short,Laptop,0.8,0.541,9,0,0
943,Sunday,Travel,Evening,Sunny,Short,Phone,0.98,0.955,16,0,1
944,Thursday,Friends_House,Morning,Rainy,Long,Phone,0.98,0.927,16,0,0
944,Thursday,Friends_House,Morning,Rainy,Long,Earphones,0.4,0.434,15,1,1
944,Thursday,Friends_House,Morning,Rainy,Long,Notebook,0.5,0.01,4,0,1
944,Thursday,Friends_House,Morning,Rainy,Long,ID_Card,0.9,0.34,5,0,0
944,Thursday,Friends_House,Morning,Rainy,Long,Keys,0.93,0.667,17,0,1
945,Monday,Gym,Morning,Hot,Short,Earphones,0.4,0.834,11,0,0
945,Monday,Gym,Morning,Hot,Short,Keys,0.93,0.515,9,1,0
945,Monday,Gym,Morning,Hot,Short,Phone,0.98,0.648,9,0,1
946,Monday,Travel,Night,Cloudy,Short,Water_Bottle,0.45,0.538,16,2,1
946,Monday,Travel,Night,Cloudy,Short,Wallet,0.95,0.944,14,0,0
946,Monday,Travel,Night,Cloudy,Short,Charger,0.55,0.839,12,0,0
946,Monday,Travel,Night,Cloudy,Short,Earphones,0.4,0.636,7,1,1
947,Sunday,Family_Event,Morning,Sunny,Short,Charger,0.55,0.308,5,1,1
947,Sunday,Family_Event,Morning,Sunny,Short,Keys,0.93,0.456,12,0,0
947,Sunday,Family_Event,Morning,Sunny,Short,Phone,0.98,0.805,11,0,0
948,Monday,Travel,Afternoon,Sunny,Medium,Water_Bottle,0.45,0.586,15,0,0
948,Monday,Travel,Afternoon,Sunny,Medium,Phone,0.98,0.973,18,0,0
948,Monday,Travel,Afternoon,Sunny,Medium,Earphones,0.4,0.564,10,1,1
948,Monday,Travel,Afternoon,Sunny,Medium,Laptop,0.8,0.53,10,2,0
948,Monday,Travel,Afternoon,Sunny,Medium,Keys,0.93,0.3,9,0,0
948,Monday,Travel,Afternoon,Sunny,Medium,Charger,0.55,0.857,16,0,0
949,Sunday,Office,Night,Sunny,Long,Laptop,0.8,0.77,11,0,1
949,Sunday,Office,Night,Sunny,Long,Phone,0.98,0.858,17,0,0
950,Tuesday,Travel,Night,Cloudy,Medium,Earphones,0.4,0.631,9,1,0
950,Tuesday,Travel,Night,Cloudy,Medium,Phone,0.98,0.897,10,0,0
950,Tuesday,Travel,Night,Cloudy,Medium,Wallet,0.95,0.887,17,0,0
951,Monday,Travel,Afternoon,Cold,Medium,Umbrella,0.35,0.352,9,1,0
951,Monday,Travel,Afternoon,Cold,Medium,Wallet,0.95,0.864,17,0,1
951,Monday,Travel,Afternoon,Cold,Medium,Phone,0.98,0.972,18,0,0
951,Monday,Travel,Afternoon,Cold,Medium,Water_Bottle,0.45,0.401,10,2,0
951,Monday,Travel,Afternoon,Cold,Medium,Keys,0.93,0.331,6,1,1
951,Monday,Travel,Afternoon,Cold,Medium,ID_Card,0.9,0.959,14,2,1
952,Wednesday,Other,Evening,Sunny,Short,Phone,0.98,0.719,23,0,0
952,Wednesday,Other,Evening,Sunny,Short,Wallet,0.95,0.547,6,0,0
952,Wednesday,Other,Evening,Sunny,Short,Earphones,0.4,0.398,4,1,1
953,Friday,Gym,Afternoon,Rainy,Short,Water_Bottle,0.45,0.913,13,1,0
953,Friday,Gym,Afternoon,Rainy,Short,Wallet,0.95,0.288,7,0,0
953,Friday,Gym,Afternoon,Rainy,Short,Laptop,0.8,0.057,2,1,1
953,Friday,Gym,Afternoon,Rainy,Short,Earphones,0.4,0.783,13,2,0
953,Friday,Gym,Afternoon,Rainy,Short,Charger,0.55,0.162,2,0,1
953,Friday,Gym,Afternoon,Rainy,Short,Phone,0.98,0.659,10,0,0
954,Wednesday,Gym,Evening,Rainy,Medium,Wallet,0.95,0.267,9,0,0
954,Wednesday,Gym,Evening,Rainy,Medium,Water_Bottle,0.45,0.972,14,1,0
954,Wednesday,Gym,Evening,Rainy,Medium,Earphones,0.4,0.925,7,0,0
956,Friday,Shopping,Morning,Sunny,Medium,Umbrella,0.35,0.271,3,1,1
956,Friday,Shopping,Morning,Sunny,Medium,Phone,0.98,0.803,12,0,0
956,Friday,Shopping,Morning,Sunny,Medium,Wallet,0.95,0.934,14,0,0
957,Wednesday,Friends_House,Afternoon,Cloudy,Medium,Umbrella,0.35,0.487,10,3,1
957,Wednesday,Friends_House,Afternoon,Cloudy,Medium,Keys,0.93,0.584,7,1,0
957,Wednesday,Friends_House,Afternoon,Cloudy,Medium,Earphones,0.4,0.419,1,1,0
958,Friday,Gym,Morning,Rainy,Medium,Water_Bottle,0.45,0.84,14,1,0
958,Friday,Gym,Morning,Rainy,Medium,Earphones,0.4,0.715,9,1,1
959,Sunday,Office,Evening,Cloudy,Medium,Keys,0.93,0.621,11,0,0
959,Sunday,Office,Evening,Cloudy,Medium,Laptop,0.8,0.819,7,1,1
959,Sunday,Office,Evening,Cloudy,Medium,Water_Bottle,0.45,0.538,4,0,1
960,Wednesday,Friends_House,Afternoon,Hot,Medium,Phone,0.98,0.906,14,0,1
960,Wednesday,Friends_House,Afternoon,Hot,Medium,Water_Bottle,0.45,0.584,9,1,0
960,Wednesday,Friends_House,Afternoon,Hot,Medium,ID_Card,0.9,0.204,3,4,1
960,Wednesday,Friends_House,Afternoon,Hot,Medium,Keys,0.93,0.556,14,0,0
960,Wednesday,Friends_House,Afternoon,Hot,Medium,Earphones,0.4,0.295,9,0,0
960,Wednesday,Friends_House,Afternoon,Hot,Medium,Notebook,0.5,0.056,5,1,1
961,Tuesday,College,Evening,Cold,Medium,ID_Card,0.9,0.953,18,0,1
961,Tuesday,College,Evening,Cold,Medium,Phone,0.98,0.947,11,0,0
961,Tuesday,College,Evening,Cold,Medium,Charger,0.55,0.885,9,3,1
961,Tuesday,College,Evening,Cold,Medium,Water_Bottle,0.45,0.363,8,0,1
962,Wednesday,College,Evening,Hot,Medium,Keys,0.93,0.554,8,0,0
962,Wednesday,College,Evening,Hot,Medium,Umbrella,0.35,0.176,4,0,1
962,Wednesday,College,Evening,Hot,Medium,Phone,0.98,0.967,14,0,0
962,Wednesday,College,Evening,Hot,Medium,Earphones,0.4,0.589,7,0,0
962,Wednesday,College,Evening,Hot,Medium,ID_Card,0.9,0.989,11,0,0
962,Wednesday,College,Evening,Hot,Medium,Laptop,0.8,0.841,14,0,0
962,Wednesday,College,Evening,Hot,Medium,Water_Bottle,0.45,0.884,10,2,0
963,Saturday,Travel,Afternoon,Cold,Medium,Charger,0.55,0.911,12,0,0
963,Saturday,Travel,Afternoon,Cold,Medium,ID_Card,0.9,0.985,13,1,0
963,Saturday,Travel,Afternoon,Cold,Medium,Wallet,0.95,0.847,18,0,0
963,Saturday,Travel,Afternoon,Cold,Medium,Earphones,0.4,0.671,14,0,0
964,Tuesday,Friends_House,Evening,Hot,Long,Phone,0.98,0.726,15,0,1
964,Tuesday,Friends_House,Evening,Hot,Long,Keys,0.93,0.652,11,0,0
965,Sunday,Family_Event,Morning,Cold,Medium,Umbrella,0.35,0.326,6,0,1
966,Friday,Office,Afternoon,Hot,Short,ID_Card,0.9,0.886,10,0,1
966,Friday,Office,Afternoon,Hot,Short,Water_Bottle,0.45,0.909,14,2,1
966,Friday,Office,Afternoon,Hot,Short,Charger,0.55,0.796,13,0,0
966,Friday,Office,Afternoon,Hot,Short,Laptop,0.8,0.873,15,1,0
967,Friday,College,Morning,Hot,Short,ID_Card,0.9,0.881,19,0,0
967,Friday,College,Morning,Hot,Short,Water_Bottle,0.45,0.944,12,1,0
967,Friday,College,Morning,Hot,Short,Laptop,0.8,0.741,10,1,0
967,Friday,College,Morning,Hot,Short,Wallet,0.95,0.726,13,0,0
967,Friday,College,Morning,Hot,Short,Phone,0.98,0.833,7,0,0
968,Wednesday,Other,Evening,Hot,Medium,Phone,0.98,0.832,17,0,0
968,Wednesday,Other,Evening,Hot,Medium,Keys,0.93,0.566,10,0,1
969,Sunday,College,Evening,Cold,Medium,ID_Card,0.9,0.883,12,1,0
969,Sunday,College,Evening,Cold,Medium,Keys,0.93,0.624,10,0,0
969,Sunday,College,Evening,Cold,Medium,Phone,0.98,0.924,16,0,1
969,Sunday,College,Evening,Cold,Medium,Charger,0.55,0.853,17,1,1
969,Sunday,College,Evening,Cold,Medium,Notebook,0.5,0.944,16,2,0
969,Sunday,College,Evening,Cold,Medium,Laptop,0.8,0.947,14,1,0
969,Sunday,College,Evening,Cold,Medium,Earphones,0.4,0.58,6,3,1
970,Monday,College,Night,Cloudy,Medium,Phone,0.98,0.814,11,0,0
970,Monday,College,Night,Cloudy,Medium,Charger,0.55,0.797,16,3,0
970,Monday,College,Night,Cloudy,Medium,Notebook,0.5,0.864,17,1,0
970,Monday,College,Night,Cloudy,Medium,Water_Bottle,0.45,0.586,6,1,0
970,Monday,College,Night,Cloudy,Medium,Laptop,0.8,0.891,15,4,1
971,Wednesday,Office,Evening,Rainy,Medium,Notebook,0.5,0.526,9,2,1
971,Wednesday,Office,Evening,Rainy,Medium,Earphones,0.4,0.462,8,1,0
971,Wednesday,Office,Evening,Rainy,Medium,ID_Card,0.9,0.9,13,1,0
971,Wednesday,Office,Evening,Rainy,Medium,Phone,0.98,0.93,13,0,0
971,Wednesday,Office,Evening,Rainy,Medium,Laptop,0.8,0.843,7,0,0
971,Wednesday,Office,Evening,Rainy,Medium,Charger,0.55,0.871,6,1,0
971,Wednesday,Office,Evening,Rainy,Medium,Keys,0.93,0.612,9,0,0
972,Wednesday,Shopping,Night,Rainy,Short,ID_Card,0.9,0.5,6,1,1
972,Wednesday,Shopping,Night,Rainy,Short,Water_Bottle,0.45,0.279,7,0,1
972,Wednesday,Shopping,Night,Rainy,Short,Earphones,0.4,0.311,3,2,1
972,Wednesday,Shopping,Night,Rainy,Short,Keys,0.93,0.623,8,0,0
972,Wednesday,Shopping,Night,Rainy,Short,Phone,0.98,0.816,11,0,0
972,Wednesday,Shopping,Night,Rainy,Short,Umbrella,0.35,0.828,13,0,1
973,Thursday,Family_Event,Morning,Cold,Medium,Wallet,0.95,0.599,17,0,1
973,Thursday,Family_Event,Morning,Cold,Medium,Earphones,0.4,0.088,6,0,1
973,Thursday,Family_Event,Morning,Cold,Medium,Phone,0.98,0.832,7,0,0
974,Thursday,Friends_House,Night,Cloudy,Medium,Water_Bottle,0.45,0.297,4,1,1
975,Tuesday,Friends_House,Afternoon,Hot,Medium,Wallet,0.95,0.512,8,0,0
975,Tuesday,Friends_House,Afternoon,Hot,Medium,Water_Bottle,0.45,0.558,11,0,0
975,Tuesday,Friends_House,Afternoon,Hot,Medium,Laptop,0.8,0.176,7,0,0
976,Tuesday,College,Afternoon,Hot,Medium,Charger,0.55,0.926,14,0,0
976,Tuesday,College,Afternoon,Hot,Medium,Notebook,0.5,0.914,17,0,0
976,Tuesday,College,Afternoon,Hot,Medium,Water_Bottle,0.45,0.864,8,1,0
976,Tuesday,College,Afternoon,Hot,Medium,ID_Card,0.9,0.892,11,1,0
976,Tuesday,College,Afternoon,Hot,Medium,Earphones,0.4,0.55,6,3,1
977,Monday,Office,Afternoon,Cold,Short,Phone,0.98,0.928,12,0,0
977,Monday,Office,Afternoon,Cold,Short,ID_Card,0.9,0.824,11,0,1
977,Monday,Office,Afternoon,Cold,Short,Earphones,0.4,0.422,4,1,1
977,Monday,Office,Afternoon,Cold,Short,Notebook,0.5,0.485,9,0,1
977,Monday,Office,Afternoon,Cold,Short,Wallet,0.95,0.681,7,1,0
978,Friday,Gym,Morning,Sunny,Medium,ID_Card,0.9,0.118,3,1,1
978,Friday,Gym,Morning,Sunny,Medium,Water_Bottle,0.45,0.882,11,0,1
979,Wednesday,College,Morning,Hot,Medium,Charger,0.55,0.924,25,0,0
979,Wednesday,College,Morning,Hot,Medium,Wallet,0.95,0.75,10,0,0
979,Wednesday,College,Morning,Hot,Medium,Notebook,0.5,0.924,15,0,0
979,Wednesday,College,Morning,Hot,Medium,ID_Card,0.9,0.955,12,0,0
979,Wednesday,College,Morning,Hot,Medium,Keys,0.93,0.562,8,0,0
979,Wednesday,College,Morning,Hot,Medium,Phone,0.98,0.947,11,0,0
979,Wednesday,College,Morning,Hot,Medium,Water_Bottle,0.45,0.863,10,1,1
980,Thursday,Office,Morning,Hot,Long,Laptop,0.8,0.865,14,0,1
980,Thursday,Office,Morning,Hot,Long,Charger,0.55,0.829,12,2,1
981,Friday,Office,Morning,Cold,Medium,Phone,0.98,0.874,12,0,0
981,Friday,Office,Morning,Cold,Medium,Earphones,0.4,0.35,6,1,0
981,Friday,Office,Morning,Cold,Medium,Water_Bottle,0.45,0.375,11,0,0
981,Friday,Office,Morning,Cold,Medium,Laptop,0.8,0.826,7,1,0
981,Friday,Office,Morning,Cold,Medium,Charger,0.55,0.82,12,2,1
982,Friday,College,Afternoon,Cold,Short,Charger,0.55,0.89,9,1,1
982,Friday,College,Afternoon,Cold,Short,Wallet,0.95,0.641,7,0,0
982,Friday,College,Afternoon,Cold,Short,Phone,0.98,0.847,7,0,0
982,Friday,College,Afternoon,Cold,Short,Notebook,0.5,0.939,18,0,0
982,Friday,College,Afternoon,Cold,Short,Laptop,0.8,0.925,10,1,0
982,Friday,College,Afternoon,Cold,Short,Water_Bottle,0.45,0.518,10,0,0
982,Friday,College,Afternoon,Cold,Short,ID_Card,0.9,0.861,6,0,0
983,Thursday,Shopping,Evening,Rainy,Medium,Keys,0.93,0.561,18,1,0
983,Thursday,Shopping,Evening,Rainy,Medium,Wallet,0.95,0.942,13,0,0
983,Thursday,Shopping,Evening,Rainy,Medium,Umbrella,0.35,0.734,8,0,0
983,Thursday,Shopping,Evening,Rainy,Medium,Phone,0.98,0.902,19,0,1
984,Friday,Friends_House,Afternoon,Rainy,Medium,Phone,0.98,0.95,14,0,0
984,Friday,Friends_House,Afternoon,Rainy,Medium,ID_Card,0.9,0.34,4,1,0
984,Friday,Friends_House,Afternoon,Rainy,Medium,Keys,0.93,0.59,15,0,1
985,Friday,College,Afternoon,Sunny,Short,Laptop,0.8,0.894,5,0,0
985,Friday,College,Afternoon,Sunny,Short,Umbrella,0.35,0.203,5,2,1
986,Friday,Shopping,Afternoon,Cold,Long,Umbrella,0.35,0.283,7,3,0
986,Friday,Shopping,Afternoon,Cold,Long,Wallet,0.95,0.825,9,0,0
986,Friday,Shopping,Afternoon,Cold,Long,Phone,0.98,0.804,14,0,0
986,Friday,Shopping,Afternoon,Cold,Long,Notebook,0.5,0.01,8,2,0
987,Friday,Friends_House,Afternoon,Sunny,Short,Keys,0.93,0.589,12,0,0
987,Friday,Friends_House,Afternoon,Sunny,Short,ID_Card,0.9,0.233,2,0,1
988,Wednesday,Friends_House,Morning,Hot,Short,Umbrella,0.35,0.144,5,1,0
989,Tuesday,Family_Event,Evening,Hot,Short,Keys,0.93,0.531,12,0,1
989,Tuesday,Family_Event,Evening,Hot,Short,Phone,0.98,0.837,12,0,0
989,Tuesday,Family_Event,Evening,Hot,Short,Water_Bottle,0.45,0.639,8,1,1
990,Saturday,Gym,Morning,Cloudy,Short,Water_Bottle,0.45,0.959,10,1,0
990,Saturday,Gym,Morning,Cloudy,Short,ID_Card,0.9,0.245,4,2,0
990,Saturday,Gym,Morning,Cloudy,Short,Phone,0.98,0.644,8,0,0
990,Saturday,Gym,Morning,Cloudy,Short,Keys,0.93,0.563,17,0,1
991,Wednesday,Family_Event,Evening,Sunny,Long,Phone,0.98,0.903,12,0,0
992,Thursday,Office,Evening,Sunny,Medium,Keys,0.93,0.602,8,0,0
992,Thursday,Office,Evening,Sunny,Medium,Charger,0.55,0.709,13,0,0
992,Thursday,Office,Evening,Sunny,Medium,Water_Bottle,0.45,0.406,8,2,1
992,Thursday,Office,Evening,Sunny,Medium,Wallet,0.95,0.701,10,1,0
992,Thursday,Office,Evening,Sunny,Medium,ID_Card,0.9,0.876,21,0,0
992,Thursday,Office,Evening,Sunny,Medium,Phone,0.98,0.917,15,0,0
992,Thursday,Office,Evening,Sunny,Medium,Umbrella,0.35,0.136,2,1,1
992,Thursday,Office,Evening,Sunny,Medium,Notebook,0.5,0.582,16,1,0
993,Tuesday,Gym,Afternoon,Cold,Short,Earphones,0.4,0.858,11,3,0
994,Thursday,College,Evening,Rainy,Medium,Wallet,0.95,0.731,14,0,0
994,Thursday,College,Evening,Rainy,Medium,Charger,0.55,0.936,19,2,0
994,Thursday,College,Evening,Rainy,Medium,Water_Bottle,0.45,0.611,12,3,1
994,Thursday,College,Evening,Rainy,Medium,Umbrella,0.35,0.882,17,2,0
994,Thursday,College,Evening,Rainy,Medium,Notebook,0.5,0.927,17,0,0
994,Thursday,College,Evening,Rainy,Medium,ID_Card,0.9,0.909,14,0,0
994,Thursday,College,Evening,Rainy,Medium,Phone,0.98,0.922,9,0,0
994,Thursday,College,Evening,Rainy,Medium,Laptop,0.8,0.956,12,1,0
995,Thursday,Gym,Morning,Sunny,Short,Water_Bottle,0.45,0.783,17,2,0
995,Thursday,Gym,Morning,Sunny,Short,Earphones,0.4,0.871,15,1,0
996,Friday,Gym,Evening,Hot,Short,Charger,0.55,0.174,7,0,1
996,Friday,Gym,Evening,Hot,Short,Earphones,0.4,0.737,16,0,1
997,Thursday,Office,Evening,Sunny,Short,Charger,0.55,0.884,6,3,0
997,Thursday,Office,Evening,Sunny,Short,ID_Card,0.9,0.81,13,0,0
997,Thursday,Office,Evening,Sunny,Short,Wallet,0.95,0.719,12,0,0
997,Thursday,Office,Evening,Sunny,Short,Laptop,0.8,0.814,13,0,0
997,Thursday,Office,Evening,Sunny,Short,Keys,0.93,0.497,4,0,1
997,Thursday,Office,Evening,Sunny,Short,Phone,0.98,0.897,11,0,0
997,Thursday,Office,Evening,Sunny,Short,Notebook,0.5,0.58,18,0,0
998,Wednesday,Friends_House,Evening,Cold,Medium,Phone,0.98,0.885,15,0,0
998,Wednesday,Friends_House,Evening,Cold,Medium,ID_Card,0.9,0.233,6,0,1
998,Wednesday,Friends_House,Evening,Cold,Medium,Wallet,0.95,0.53,12,0,0
999,Sunday,Office,Evening,Cloudy,Short,Charger,0.55,0.718,13,2,1
999,Sunday,Office,Evening,Cloudy,Short,Laptop,0.8,0.9,19,0,0
999,Sunday,Office,Evening,Cloudy,Short,Keys,0.93,0.702,13,0,0
999,Sunday,Office,Evening,Cloudy,Short,Wallet,0.95,0.63,6,0,0
999,Sunday,Office,Evening,Cloudy,Short,Water_Bottle,0.45,0.547,11,4,0
1000,Thursday,Office,Evening,Sunny,Medium,Charger,0.55,0.743,9,1,1
1000,Thursday,Office,Evening,Sunny,Medium,ID_Card,0.9,0.848,13,0,0
1000,Thursday,Office,Evening,Sunny,Medium,Phone,0.98,0.91,17,0,0
1000,Thursday,Office,Evening,Sunny,Medium,Water_Bottle,0.45,0.556,8,1,1
1001,Saturday,College,Night,Sunny,Short,Keys,0.93,0.643,10,1,0
1001,Saturday,College,Night,Sunny,Short,Phone,0.98,0.876,12,0,0
1001,Saturday,College,Night,Sunny,Short,ID_Card,0.9,0.88,12,1,0
1001,Saturday,College,Night,Sunny,Short,Laptop,0.8,0.843,13,1,0
1001,Saturday,College,Night,Sunny,Short,Water_Bottle,0.45,0.558,13,0,1
1001,Saturday,College,Night,Sunny,Short,Charger,0.55,0.869,9,3,1
1001,Saturday,College,Night,Sunny,Short,Wallet,0.95,0.832,14,0,0
1001,Saturday,College,Night,Sunny,Short,Notebook,0.5,0.901,16,0,1
1002,Saturday,Gym,Afternoon,Rainy,Medium,Earphones,0.4,0.939,17,0,0
1002,Saturday,Gym,Afternoon,Rainy,Medium,Charger,0.55,0.151,5,1,1
1002,Saturday,Gym,Afternoon,Rainy,Medium,Phone,0.98,0.642,10,0,1
1002,Saturday,Gym,Afternoon,Rainy,Medium,Umbrella,0.35,0.73,12,3,1
1003,Thursday,Office,Evening,Cloudy,Long,Charger,0.55,0.79,11,1,0
1003,Thursday,Office,Evening,Cloudy,Long,ID_Card,0.9,0.865,16,0,0
1003,Thursday,Office,Evening,Cloudy,Long,Water_Bottle,0.45,0.51,10,2,1
1004,Sunday,Gym,Evening,Hot,Short,Phone,0.98,0.692,12,0,0
1004,Sunday,Gym,Evening,Hot,Short,Water_Bottle,0.45,0.99,11,3,0
1005,Monday,Office,Afternoon,Cloudy,Short,Wallet,0.95,0.716,7,0,0
1005,Monday,Office,Afternoon,Cloudy,Short,Phone,0.98,0.895,14,0,0
1005,Monday,Office,Afternoon,Cloudy,Short,Earphones,0.4,0.448,8,3,1
1005,Monday,Office,Afternoon,Cloudy,Short,Umbrella,0.35,0.397,5,0,0
1005,Monday,Office,Afternoon,Cloudy,Short,Charger,0.55,0.713,10,2,0
1005,Monday,Office,Afternoon,Cloudy,Short,Laptop,0.8,0.811,15,1,0
1006,Sunday,Friends_House,Night,Cloudy,Long,Keys,0.93,0.62,7,1,0
1006,Sunday,Friends_House,Night,Cloudy,Long,Water_Bottle,0.45,0.289,7,1,1
1006,Sunday,Friends_House,Night,Cloudy,Long,Earphones,0.4,0.37,5,4,1
1006,Sunday,Friends_House,Night,Cloudy,Long,Charger,0.55,0.31,3,0,1
1006,Sunday,Friends_House,Night,Cloudy,Long,Laptop,0.8,0.119,7,1,0
1006,Sunday,Friends_House,Night,Cloudy,Long,Phone,0.98,0.843,14,0,0
1007,Saturday,Other,Afternoon,Sunny,Medium,Water_Bottle,0.45,0.41,6,1,1
1007,Saturday,Other,Afternoon,Sunny,Medium,ID_Card,0.9,0.446,5,0,0
1007,Saturday,Other,Afternoon,Sunny,Medium,Phone,0.98,0.757,6,0,1
1008,Thursday,Shopping,Afternoon,Sunny,Medium,Water_Bottle,0.45,0.375,9,1,0
1008,Thursday,Shopping,Afternoon,Sunny,Medium,Phone,0.98,0.865,14,0,0
1008,Thursday,Shopping,Afternoon,Sunny,Medium,Wallet,0.95,0.99,15,0,0
1009,Saturday,Travel,Morning,Cold,Short,Laptop,0.8,0.582,6,1,0
1009,Saturday,Travel,Morning,Cold,Short,Phone,0.98,0.963,25,0,0
1009,Saturday,Travel,Morning,Cold,Short,Umbrella,0.35,0.367,9,1,0
1009,Saturday,Travel,Morning,Cold,Short,Charger,0.55,0.892,13,3,1
1009,Saturday,Travel,Morning,Cold,Short,Keys,0.93,0.322,8,0,0
1010,Thursday,Family_Event,Morning,Sunny,Short,Water_Bottle,0.45,0.211,4,0,1
1010,Thursday,Family_Event,Morning,Sunny,Short,Wallet,0.95,0.564,4,0,0
1010,Thursday,Family_Event,Morning,Sunny,Short,Charger,0.55,0.352,2,0,1
1010,Thursday,Family_Event,Morning,Sunny,Short,Phone,0.98,0.786,7,0,0
1011,Tuesday,Other,Evening,Cold,Medium,Phone,0.98,0.765,19,0,0
1012,Saturday,Travel,Afternoon,Cloudy,Long,Earphones,0.4,0.56,10,2,0
1012,Saturday,Travel,Afternoon,Cloudy,Long,Phone,0.98,0.912,14,0,0
1012,Saturday,Travel,Afternoon,Cloudy,Long,Charger,0.55,0.949,12,2,0
1012,Saturday,Travel,Afternoon,Cloudy,Long,ID_Card,0.9,0.904,12,1,0
1013,Tuesday,Family_Event,Afternoon,Sunny,Short,Charger,0.55,0.349,8,0,0
1013,Tuesday,Family_Event,Afternoon,Sunny,Short,Notebook,0.5,0.064,8,3,1
1013,Tuesday,Family_Event,Afternoon,Sunny,Short,Wallet,0.95,0.499,14,0,0
1013,Tuesday,Family_Event,Afternoon,Sunny,Short,Phone,0.98,0.827,19,0,0
1014,Wednesday,Other,Morning,Sunny,Medium,Water_Bottle,0.45,0.55,7,1,1
1014,Wednesday,Other,Morning,Sunny,Medium,Phone,0.98,0.69,5,0,0
1014,Wednesday,Other,Morning,Sunny,Medium,Charger,0.55,0.373,8,1,1
1014,Wednesday,Other,Morning,Sunny,Medium,ID_Card,0.9,0.455,5,0,0
1014,Wednesday,Other,Morning,Sunny,Medium,Earphones,0.4,0.338,6,1,0
1015,Thursday,Friends_House,Afternoon,Sunny,Medium,Phone,0.98,0.788,7,0,0
1015,Thursday,Friends_House,Afternoon,Sunny,Medium,Charger,0.55,0.324,4,0,0
1016,Saturday,Gym,Evening,Hot,Short,Water_Bottle,0.45,0.934,14,1,1
1016,Saturday,Gym,Evening,Hot,Short,Phone,0.98,0.703,11,0,0
1017,Wednesday,College,Evening,Rainy,Short,Earphones,0.4,0.5,12,1,0
1017,Wednesday,College,Evening,Rainy,Short,Phone,0.98,0.92,12,0,0
1017,Wednesday,College,Evening,Rainy,Short,Laptop,0.8,0.892,12,0,0
1017,Wednesday,College,Evening,Rainy,Short,Keys,0.93,0.566,12,0,0
1018,Thursday,College,Morning,Cloudy,Short,Earphones,0.4,0.51,5,5,1
1018,Thursday,College,Morning,Cloudy,Short,Umbrella,0.35,0.432,7,1,1
1018,Thursday,College,Morning,Cloudy,Short,Keys,0.93,0.531,12,0,0
1018,Thursday,College,Morning,Cloudy,Short,ID_Card,0.9,0.921,10,0,0
1018,Thursday,College,Morning,Cloudy,Short,Laptop,0.8,0.888,13,1,1
1018,Thursday,College,Morning,Cloudy,Short,Notebook,0.5,0.934,18,1,0
1019,Monday,Gym,Afternoon,Rainy,Medium,Laptop,0.8,0.031,2,3,1
1019,Monday,Gym,Afternoon,Rainy,Medium,Earphones,0.4,0.776,12,2,1
1019,Monday,Gym,Afternoon,Rainy,Medium,Umbrella,0.35,0.691,16,3,1
1020,Monday,Shopping,Afternoon,Rainy,Medium,Keys,0.93,0.649,9,0,1
1020,Monday,Shopping,Afternoon,Rainy,Medium,Earphones,0.4,0.303,5,1,0
1020,Monday,Shopping,Afternoon,Rainy,Medium,Charger,0.55,0.183,4,4,0
1020,Monday,Shopping,Afternoon,Rainy,Medium,Wallet,0.95,0.913,13,0,0
1020,Monday,Shopping,Afternoon,Rainy,Medium,ID_Card,0.9,0.51,11,0,0
1020,Monday,Shopping,Afternoon,Rainy,Medium,Phone,0.98,0.92,7,0,0
1021,Monday,Gym,Afternoon,Cold,Medium,Phone,0.98,0.778,14,0,0
1021,Monday,Gym,Afternoon,Cold,Medium,Water_Bottle,0.45,0.794,17,0,0
1021,Monday,Gym,Afternoon,Cold,Medium,Wallet,0.95,0.446,5,0,0
1022,Monday,Shopping,Afternoon,Cold,Short,Phone,0.98,0.801,11,0,1
1022,Monday,Shopping,Afternoon,Cold,Short,Earphones,0.4,0.354,9,0,0
1022,Monday,Shopping,Afternoon,Cold,Short,Water_Bottle,0.45,0.294,7,1,0
1022,Monday,Shopping,Afternoon,Cold,Short,Wallet,0.95,0.839,15,0,0
1022,Monday,Shopping,Afternoon,Cold,Short,ID_Card,0.9,0.562,6,2,0
1023,Sunday,Shopping,Afternoon,Rainy,Medium,Phone,0.98,0.796,17,0,0
1023,Sunday,Shopping,Afternoon,Rainy,Medium,ID_Card,0.9,0.587,11,1,0
1023,Sunday,Shopping,Afternoon,Rainy,Medium,Umbrella,0.35,0.817,17,2,0
1023,Sunday,Shopping,Afternoon,Rainy,Medium,Water_Bottle,0.45,0.346,8,0,1
1024,Saturday,Family_Event,Afternoon,Hot,Medium,Keys,0.93,0.625,11,0,0
1024,Saturday,Family_Event,Afternoon,Hot,Medium,Phone,0.98,0.748,12,0,0
1024,Saturday,Family_Event,Afternoon,Hot,Medium,Water_Bottle,0.45,0.634,15,0,0
1025,Saturday,College,Afternoon,Hot,Medium,Phone,0.98,0.909,20,0,0
1025,Saturday,College,Afternoon,Hot,Medium,Umbrella,0.35,0.205,5,2,1
1025,Saturday,College,Afternoon,Hot,Medium,Wallet,0.95,0.767,12,0,0
1025,Saturday,College,Afternoon,Hot,Medium,Charger,0.55,0.92,14,1,0
1025,Saturday,College,Afternoon,Hot,Medium,Water_Bottle,0.45,0.888,8,1,0
1025,Saturday,College,Afternoon,Hot,Medium,Notebook,0.5,0.945,19,1,0
1026,Monday,Office,Afternoon,Cloudy,Medium,Phone,0.98,0.888,17,0,0
1026,Monday,Office,Afternoon,Cloudy,Medium,Laptop,0.8,0.873,11,3,1
1026,Monday,Office,Afternoon,Cloudy,Medium,Charger,0.55,0.92,13,1,1
1026,Monday,Office,Afternoon,Cloudy,Medium,Earphones,0.4,0.474,9,0,1
1026,Monday,Office,Afternoon,Cloudy,Medium,ID_Card,0.9,0.898,11,0,0
1027,Monday,Friends_House,Afternoon,Hot,Short,ID_Card,0.9,0.259,9,2,0
1027,Monday,Friends_House,Afternoon,Hot,Short,Water_Bottle,0.45,0.644,11,3,1
1027,Monday,Friends_House,Afternoon,Hot,Short,Keys,0.93,0.55,12,0,0
1027,Monday,Friends_House,Afternoon,Hot,Short,Phone,0.98,0.811,11,0,1
1028,Tuesday,Family_Event,Evening,Sunny,Medium,Keys,0.93,0.626,13,0,0
1028,Tuesday,Family_Event,Evening,Sunny,Medium,Phone,0.98,0.791,16,0,1
1028,Tuesday,Family_Event,Evening,Sunny,Medium,Water_Bottle,0.45,0.307,8,0,0
1028,Tuesday,Family_Event,Evening,Sunny,Medium,Wallet,0.95,0.683,7,0,0
1028,Tuesday,Family_Event,Evening,Sunny,Medium,Earphones,0.4,0.178,9,0,1
1029,Thursday,Other,Evening,Hot,Short,Phone,0.98,0.771,10,0,1
1029,Thursday,Other,Evening,Hot,Short,Charger,0.55,0.386,1,2,1
1029,Thursday,Other,Evening,Hot,Short,Wallet,0.95,0.546,7,0,0
1030,Wednesday,Family_Event,Morning,Cold,Short,Umbrella,0.35,0.351,5,0,1
1030,Wednesday,Family_Event,Morning,Cold,Short,Phone,0.98,0.717,15,0,0
1030,Wednesday,Family_Event,Morning,Cold,Short,Charger,0.55,0.329,10,6,1
1031,Thursday,Family_Event,Evening,Sunny,Short,Keys,0.93,0.48,8,0,0
1031,Thursday,Family_Event,Evening,Sunny,Short,Earphones,0.4,0.223,4,0,0
1031,Thursday,Family_Event,Evening,Sunny,Short,Wallet,0.95,0.465,6,0,1
1031,Thursday,Family_Event,Evening,Sunny,Short,Phone,0.98,0.8,12,0,0
1031,Thursday,Family_Event,Evening,Sunny,Short,Umbrella,0.35,0.12,5,2,0
1032,Tuesday,Office,Evening,Hot,Medium,Umbrella,0.35,0.169,3,1,1
1032,Tuesday,Office,Evening,Hot,Medium,Water_Bottle,0.45,0.902,16,1,0
1032,Tuesday,Office,Evening,Hot,Medium,Keys,0.93,0.561,7,0,0
1032,Tuesday,Office,Evening,Hot,Medium,Earphones,0.4,0.497,4,1,1
1032,Tuesday,Office,Evening,Hot,Medium,Wallet,0.95,0.741,8,0,0
1032,Tuesday,Office,Evening,Hot,Medium,ID_Card,0.9,0.815,10,0,0
1032,Tuesday,Office,Evening,Hot,Medium,Phone,0.98,0.778,6,0,0
1033,Saturday,Gym,Morning,Cold,Medium,Phone,0.98,0.708,8,0,0
1033,Saturday,Gym,Morning,Cold,Medium,Charger,0.55,0.213,4,3,1
1033,Saturday,Gym,Morning,Cold,Medium,Earphones,0.4,0.766,4,2,1
1034,Wednesday,Office,Afternoon,Sunny,Short,Phone,0.98,0.898,11,0,0
1034,Wednesday,Office,Afternoon,Sunny,Short,Keys,0.93,0.649,8,1,0
1034,Wednesday,Office,Afternoon,Sunny,Short,Umbrella,0.35,0.163,5,0,1
1034,Wednesday,Office,Afternoon,Sunny,Short,Notebook,0.5,0.646,12,0,0
1034,Wednesday,Office,Afternoon,Sunny,Short,Laptop,0.8,0.848,7,2,1
1034,Wednesday,Office,Afternoon,Sunny,Short,ID_Card,0.9,0.829,14,2,0
1035,Monday,Travel,Morning,Rainy,Long,Phone,0.98,0.99,15,0,0
1035,Monday,Travel,Morning,Rainy,Long,ID_Card,0.9,0.914,21,0,1
1035,Monday,Travel,Morning,Rainy,Long,Umbrella,0.35,0.853,8,3,1
1035,Monday,Travel,Morning,Rainy,Long,Earphones,0.4,0.544,15,1,0
1035,Monday,Travel,Morning,Rainy,Long,Laptop,0.8,0.618,10,0,1
1035,Monday,Travel,Morning,Rainy,Long,Water_Bottle,0.45,0.502,11,0,1
1035,Monday,Travel,Morning,Rainy,Long,Charger,0.55,0.84,11,0,1
1035,Monday,Travel,Morning,Rainy,Long,Keys,0.93,0.466,9,0,0
1036,Saturday,Other,Evening,Cold,Long,Phone,0.98,0.938,11,0,0
1036,Saturday,Other,Evening,Cold,Long,ID_Card,0.9,0.343,13,0,0
1036,Saturday,Other,Evening,Cold,Long,Wallet,0.95,0.626,12,0,0
1036,Saturday,Other,Evening,Cold,Long,Laptop,0.8,0.293,6,0,1
1037,Sunday,Office,Morning,Cold,Short,Wallet,0.95,0.663,9,0,0
1037,Sunday,Office,Morning,Cold,Short,Charger,0.55,0.751,11,1,1
1037,Sunday,Office,Morning,Cold,Short,Notebook,0.5,0.516,10,2,0
1037,Sunday,Office,Morning,Cold,Short,Keys,0.93,0.56,11,0,0
1037,Sunday,Office,Morning,Cold,Short,Phone,0.98,0.948,13,1,0
1037,Sunday,Office,Morning,Cold,Short,Laptop,0.8,0.761,19,0,0
1038,Monday,Shopping,Evening,Sunny,Medium,Umbrella,0.35,0.027,6,0,1
1038,Monday,Shopping,Evening,Sunny,Medium,Wallet,0.95,0.93,19,0,0
1038,Monday,Shopping,Evening,Sunny,Medium,Phone,0.98,0.9,8,0,0
1039,Thursday,Office,Morning,Cloudy,Short,Notebook,0.5,0.569,7,0,1
1039,Thursday,Office,Morning,Cloudy,Short,Umbrella,0.35,0.464,8,1,1
1039,Thursday,Office,Morning,Cloudy,Short,Wallet,0.95,0.798,12,0,0
1039,Thursday,Office,Morning,Cloudy,Short,Laptop,0.8,0.814,13,0,1
1039,Thursday,Office,Morning,Cloudy,Short,Charger,0.55,0.764,11,1,1
1039,Thursday,Office,Morning,Cloudy,Short,Keys,0.93,0.648,11,0,0
1040,Saturday,College,Afternoon,Rainy,Long,Umbrella,0.35,0.798,15,3,1
1040,Saturday,College,Afternoon,Rainy,Long,Notebook,0.5,0.949,12,1,1
1040,Saturday,College,Afternoon,Rainy,Long,Charger,0.55,0.835,15,2,0
1040,Saturday,College,Afternoon,Rainy,Long,Earphones,0.4,0.521,13,0,0
1040,Saturday,College,Afternoon,Rainy,Long,ID_Card,0.9,0.947,19,1,0
1040,Saturday,College,Afternoon,Rainy,Long,Wallet,0.95,0.826,13,0,1
1041,Friday,College,Night,Sunny,Short,Laptop,0.8,0.928,15,0,0
1041,Friday,College,Night,Sunny,Short,Water_Bottle,0.45,0.699,9,3,1
1041,Friday,College,Night,Sunny,Short,Charger,0.55,0.769,8,2,1
1041,Friday,College,Night,Sunny,Short,Notebook,0.5,0.834,13,1,0
1041,Friday,College,Night,Sunny,Short,ID_Card,0.9,0.965,10,1,0
1041,Friday,College,Night,Sunny,Short,Wallet,0.95,0.788,13,0,0
1041,Friday,College,Night,Sunny,Short,Keys,0.93,0.609,7,0,0
1041,Friday,College,Night,Sunny,Short,Phone,0.98,0.959,13,0,0
1042,Saturday,College,Afternoon,Cloudy,Short,Charger,0.55,0.903,14,3,0
1042,Saturday,College,Afternoon,Cloudy,Short,Laptop,0.8,0.849,9,1,1
1042,Saturday,College,Afternoon,Cloudy,Short,ID_Card,0.9,0.931,11,0,1
1042,Saturday,College,Afternoon,Cloudy,Short,Phone,0.98,0.934,15,0,0
1042,Saturday,College,Afternoon,Cloudy,Short,Notebook,0.5,0.925,18,0,1
1042,Saturday,College,Afternoon,Cloudy,Short,Earphones,0.4,0.64,6,0,0
1043,Wednesday,Other,Evening,Sunny,Medium,Earphones,0.4,0.417,2,2,0
1043,Wednesday,Other,Evening,Sunny,Medium,Umbrella,0.35,0.124,3,3,1
1043,Wednesday,Other,Evening,Sunny,Medium,Laptop,0.8,0.28,6,1,0
1043,Wednesday,Other,Evening,Sunny,Medium,Keys,0.93,0.537,11,0,1
1043,Wednesday,Other,Evening,Sunny,Medium,Wallet,0.95,0.575,8,0,0
1044,Wednesday,Gym,Night,Sunny,Short,Water_Bottle,0.45,0.902,8,0,0
1044,Wednesday,Gym,Night,Sunny,Short,Phone,0.98,0.764,11,0,0
1045,Friday,Family_Event,Evening,Rainy,Medium,ID_Card,0.9,0.373,9,0,1
1045,Friday,Family_Event,Evening,Rainy,Medium,Phone,0.98,0.761,13,0,0
1045,Friday,Family_Event,Evening,Rainy,Medium,Umbrella,0.35,0.895,16,0,0
1046,Tuesday,Friends_House,Morning,Rainy,Medium,Umbrella,0.35,0.812,17,3,0
1046,Tuesday,Friends_House,Morning,Rainy,Medium,Phone,0.98,0.917,18,0,0
1046,Tuesday,Friends_House,Morning,Rainy,Medium,Earphones,0.4,0.412,6,5,1
1046,Tuesday,Friends_House,Morning,Rainy,Medium,Charger,0.55,0.314,4,0,0
1046,Tuesday,Friends_House,Morning,Rainy,Medium,Water_Bottle,0.45,0.302,6,2,1
1047,Tuesday,College,Evening,Rainy,Short,ID_Card,0.9,0.857,15,0,1
1047,Tuesday,College,Evening,Rainy,Short,Wallet,0.95,0.784,12,0,0
1047,Tuesday,College,Evening,Rainy,Short,Notebook,0.5,0.824,8,0,1
1047,Tuesday,College,Evening,Rainy,Short,Water_Bottle,0.45,0.626,12,3,0
1047,Tuesday,College,Evening,Rainy,Short,Keys,0.93,0.532,14,0,0
1047,Tuesday,College,Evening,Rainy,Short,Phone,0.98,0.916,13,0,0
1047,Tuesday,College,Evening,Rainy,Short,Laptop,0.8,0.948,18,0,0
1047,Tuesday,College,Evening,Rainy,Short,Umbrella,0.35,0.925,12,3,0
1048,Friday,College,Morning,Hot,Medium,Laptop,0.8,0.924,16,0,1
1048,Friday,College,Morning,Hot,Medium,Keys,0.93,0.634,13,0,1
1048,Friday,College,Morning,Hot,Medium,Earphones,0.4,0.516,9,2,0
1048,Friday,College,Morning,Hot,Medium,Phone,0.98,0.99,18,0,0
1048,Friday,College,Morning,Hot,Medium,ID_Card,0.9,0.901,5,0,0
1049,Friday,Family_Event,Afternoon,Cloudy,Long,Phone,0.98,0.769,12,0,0
1049,Friday,Family_Event,Afternoon,Cloudy,Long,ID_Card,0.9,0.383,7,0,1
1049,Friday,Family_Event,Afternoon,Cloudy,Long,Keys,0.93,0.595,8,0,0
1050,Monday,Office,Evening,Sunny,Medium,Notebook,0.5,0.499,14,3,1
1050,Monday,Office,Evening,Sunny,Medium,Charger,0.55,0.814,17,2,0
1050,Monday,Office,Evening,Sunny,Medium,Wallet,0.95,0.675,11,0,0
1050,Monday,Office,Evening,Sunny,Medium,Keys,0.93,0.579,13,0,0
1050,Monday,Office,Evening,Sunny,Medium,Water_Bottle,0.45,0.443,12,0,0
1051,Thursday,Other,Evening,Sunny,Medium,ID_Card,0.9,0.525,12,0,1
1051,Thursday,Other,Evening,Sunny,Medium,Phone,0.98,0.808,9,0,0
1051,Thursday,Other,Evening,Sunny,Medium,Earphones,0.4,0.38,7,3,1
1051,Thursday,Other,Evening,Sunny,Medium,Wallet,0.95,0.587,9,0,0
1052,Wednesday,College,Afternoon,Sunny,Short,Earphones,0.4,0.499,6,0,0
1052,Wednesday,College,Afternoon,Sunny,Short,ID_Card,0.9,0.967,14,0,0
1052,Wednesday,College,Afternoon,Sunny,Short,Notebook,0.5,0.866,12,0,1
1052,Wednesday,College,Afternoon,Sunny,Short,Keys,0.93,0.614,8,0,0
1052,Wednesday,College,Afternoon,Sunny,Short,Umbrella,0.35,0.051,4,3,1
1052,Wednesday,College,Afternoon,Sunny,Short,Phone,0.98,0.842,11,0,0
1052,Wednesday,College,Afternoon,Sunny,Short,Wallet,0.95,0.73,7,0,0
1052,Wednesday,College,Afternoon,Sunny,Short,Laptop,0.8,0.823,12,1,1
1053,Thursday,Travel,Afternoon,Cloudy,Short,Water_Bottle,0.45,0.569,9,1,1
1053,Thursday,Travel,Afternoon,Cloudy,Short,Phone,0.98,0.972,22,0,0
1053,Thursday,Travel,Afternoon,Cloudy,Short,ID_Card,0.9,0.95,10,1,0
1053,Thursday,Travel,Afternoon,Cloudy,Short,Laptop,0.8,0.497,12,0,0
1053,Thursday,Travel,Afternoon,Cloudy,Short,Charger,0.55,0.908,15,3,1
1053,Thursday,Travel,Afternoon,Cloudy,Short,Wallet,0.95,0.833,18,0,1
1054,Sunday,Family_Event,Evening,Sunny,Long,Phone,0.98,0.812,20,1,0
1054,Sunday,Family_Event,Evening,Sunny,Long,ID_Card,0.9,0.375,5,0,0
1054,Sunday,Family_Event,Evening,Sunny,Long,Water_Bottle,0.45,0.291,11,2,0
1055,Monday,Office,Evening,Sunny,Medium,Laptop,0.8,0.819,16,1,0
1055,Monday,Office,Evening,Sunny,Medium,ID_Card,0.9,0.81,15,0,0
1055,Monday,Office,Evening,Sunny,Medium,Wallet,0.95,0.705,16,0,0
1055,Monday,Office,Evening,Sunny,Medium,Notebook,0.5,0.59,6,2,1
1055,Monday,Office,Evening,Sunny,Medium,Phone,0.98,0.939,17,0,0
1055,Monday,Office,Evening,Sunny,Medium,Earphones,0.4,0.466,8,1,0
1056,Sunday,Office,Afternoon,Sunny,Medium,Charger,0.55,0.772,14,3,1
1056,Sunday,Office,Afternoon,Sunny,Medium,Earphones,0.4,0.409,6,1,1
1056,Sunday,Office,Afternoon,Sunny,Medium,Phone,0.98,0.875,12,0,0
1057,Thursday,Other,Evening,Rainy,Long,Umbrella,0.35,0.883,15,1,0
1057,Thursday,Other,Evening,Rainy,Long,Earphones,0.4,0.342,6,0,1
1057,Thursday,Other,Evening,Rainy,Long,Phone,0.98,0.818,10,0,0
1057,Thursday,Other,Evening,Rainy,Long,Keys,0.93,0.576,6,0,0
1057,Thursday,Other,Evening,Rainy,Long,Wallet,0.95,0.595,8,1,1
1058,Saturday,Office,Morning,Rainy,Short,ID_Card,0.9,0.823,22,0,0
1058,Saturday,Office,Morning,Rainy,Short,Phone,0.98,0.844,13,0,0
1058,Saturday,Office,Morning,Rainy,Short,Water_Bottle,0.45,0.461,12,2,1
1058,Saturday,Office,Morning,Rainy,Short,Charger,0.55,0.829,15,1,0
1058,Saturday,Office,Morning,Rainy,Short,Laptop,0.8,0.818,8,0,0
1058,Saturday,Office,Morning,Rainy,Short,Notebook,0.5,0.539,9,0,0
1058,Saturday,Office,Morning,Rainy,Short,Umbrella,0.35,0.881,14,0,0
1059,Wednesday,Gym,Morning,Cold,Medium,Umbrella,0.35,0.197,6,1,1
1059,Wednesday,Gym,Morning,Cold,Medium,Charger,0.55,0.188,1,2,0
1059,Wednesday,Gym,Morning,Cold,Medium,Water_Bottle,0.45,0.784,15,1,0
1059,Wednesday,Gym,Morning,Cold,Medium,Earphones,0.4,0.857,10,2,1
1059,Wednesday,Gym,Morning,Cold,Medium,Keys,0.93,0.544,12,0,0
1060,Wednesday,Gym,Afternoon,Hot,Short,Water_Bottle,0.45,0.931,17,0,1
1060,Wednesday,Gym,Afternoon,Hot,Short,Keys,0.93,0.391,8,0,0
1060,Wednesday,Gym,Afternoon,Hot,Short,Earphones,0.4,0.804,12,0,1
1060,Wednesday,Gym,Afternoon,Hot,Short,Phone,0.98,0.713,13,0,0
1061,Saturday,Office,Night,Rainy,Short,Umbrella,0.35,0.94,8,4,0
1061,Saturday,Office,Night,Rainy,Short,ID_Card,0.9,0.816,14,0,0
1061,Saturday,Office,Night,Rainy,Short,Charger,0.55,0.808,12,1,1
1061,Saturday,Office,Night,Rainy,Short,Earphones,0.4,0.432,5,0,0
1061,Saturday,Office,Night,Rainy,Short,Wallet,0.95,0.714,11,0,0
1061,Saturday,Office,Night,Rainy,Short,Laptop,0.8,0.856,15,0,0
1061,Saturday,Office,Night,Rainy,Short,Keys,0.93,0.635,11,0,0
1062,Friday,Friends_House,Morning,Sunny,Medium,Phone,0.98,0.817,7,0,0
1062,Friday,Friends_House,Morning,Sunny,Medium,Earphones,0.4,0.366,12,1,1
1062,Friday,Friends_House,Morning,Sunny,Medium,Notebook,0.5,0.054,2,0,1
1063,Tuesday,Friends_House,Morning,Rainy,Short,Keys,0.93,0.527,11,0,0
1063,Tuesday,Friends_House,Morning,Rainy,Short,Phone,0.98,0.824,17,0,0
1063,Tuesday,Friends_House,Morning,Rainy,Short,Charger,0.55,0.263,3,1,0
1064,Friday,Gym,Morning,Sunny,Long,Wallet,0.95,0.38,5,0,1
1064,Friday,Gym,Morning,Sunny,Long,Earphones,0.4,0.8,10,1,1
1064,Friday,Gym,Morning,Sunny,Long,Phone,0.98,0.764,11,0,0
1065,Saturday,Family_Event,Evening,Cloudy,Short,Umbrella,0.35,0.548,4,0,1
1065,Saturday,Family_Event,Evening,Cloudy,Short,Laptop,0.8,0.025,3,0,1
1065,Saturday,Family_Event,Evening,Cloudy,Short,Keys,0.93,0.563,6,0,0
1065,Saturday,Family_Event,Evening,Cloudy,Short,Phone,0.98,0.778,20,0,0
1065,Saturday,Family_Event,Evening,Cloudy,Short,Water_Bottle,0.45,0.327,5,3,1
1065,Saturday,Family_Event,Evening,Cloudy,Short,Wallet,0.95,0.524,11,0,0
1066,Wednesday,Office,Morning,Cloudy,Long,Wallet,0.95,0.686,13,0,1
1066,Wednesday,Office,Morning,Cloudy,Long,Phone,0.98,0.896,11,0,0
1066,Wednesday,Office,Morning,Cloudy,Long,Charger,0.55,0.794,8,1,1
1066,Wednesday,Office,Morning,Cloudy,Long,Earphones,0.4,0.457,9,2,1
1066,Wednesday,Office,Morning,Cloudy,Long,Notebook,0.5,0.583,8,2,0
1066,Wednesday,Office,Morning,Cloudy,Long,Water_Bottle,0.45,0.439,5,0,1
1066,Wednesday,Office,Morning,Cloudy,Long,Keys,0.93,0.617,12,0,1
1067,Sunday,College,Afternoon,Cloudy,Medium,Notebook,0.5,0.88,7,0,0
1067,Sunday,College,Afternoon,Cloudy,Medium,Laptop,0.8,0.916,14,0,0
1067,Sunday,College,Afternoon,Cloudy,Medium,Wallet,0.95,0.728,12,0,0
1067,Sunday,College,Afternoon,Cloudy,Medium,Earphones,0.4,0.481,10,1,1
1067,Sunday,College,Afternoon,Cloudy,Medium,Charger,0.55,0.902,15,1,0
1068,Friday,Shopping,Night,Sunny,Medium,ID_Card,0.9,0.486,6,0,1
1068,Friday,Shopping,Night,Sunny,Medium,Phone,0.98,0.906,17,0,0
1068,Friday,Shopping,Night,Sunny,Medium,Wallet,0.95,0.939,23,0,0
1069,Wednesday,Other,Morning,Rainy,Long,Phone,0.98,0.806,6,0,0
1069,Wednesday,Other,Morning,Rainy,Long,Charger,0.55,0.454,9,4,1
1069,Wednesday,Other,Morning,Rainy,Long,Umbrella,0.35,0.896,14,2,0
1070,Monday,College,Afternoon,Hot,Medium,Charger,0.55,0.867,15,0,0
1070,Monday,College,Afternoon,Hot,Medium,ID_Card,0.9,0.849,14,0,0
1070,Monday,College,Afternoon,Hot,Medium,Laptop,0.8,0.955,19,1,1
1070,Monday,College,Afternoon,Hot,Medium,Notebook,0.5,0.763,13,0,1
1070,Monday,College,Afternoon,Hot,Medium,Phone,0.98,0.901,21,0,0
1070,Monday,College,Afternoon,Hot,Medium,Wallet,0.95,0.793,6,0,0
1070,Monday,College,Afternoon,Hot,Medium,Water_Bottle,0.45,0.911,7,2,0
1071,Friday,Office,Afternoon,Hot,Short,Keys,0.93,0.622,8,0,0
1071,Friday,Office,Afternoon,Hot,Short,Wallet,0.95,0.68,18,0,0
1071,Friday,Office,Afternoon,Hot,Short,Water_Bottle,0.45,0.756,5,1,1
1071,Friday,Office,Afternoon,Hot,Short,ID_Card,0.9,0.82,10,1,1
1071,Friday,Office,Afternoon,Hot,Short,Phone,0.98,0.983,10,1,1
1072,Tuesday,Shopping,Evening,Rainy,Short,Earphones,0.4,0.285,9,0,1
1072,Tuesday,Shopping,Evening,Rainy,Short,ID_Card,0.9,0.472,8,0,0
1073,Saturday,Family_Event,Afternoon,Rainy,Short,Keys,0.93,0.581,8,0,0
1073,Saturday,Family_Event,Afternoon,Rainy,Short,Laptop,0.8,0.143,3,2,1
1073,Saturday,Family_Event,Afternoon,Rainy,Short,ID_Card,0.9,0.32,4,2,1
1073,Saturday,Family_Event,Afternoon,Rainy,Short,Umbrella,0.35,0.845,6,1,0
1073,Saturday,Family_Event,Afternoon,Rainy,Short,Phone,0.98,0.774,9,0,1
1073,Saturday,Family_Event,Afternoon,Rainy,Short,Wallet,0.95,0.614,11,0,0
1074,Thursday,College,Afternoon,Sunny,Long,Phone,0.98,0.849,12,0,0
1074,Thursday,College,Afternoon,Sunny,Long,ID_Card,0.9,0.981,15,0,0
1074,Thursday,College,Afternoon,Sunny,Long,Laptop,0.8,0.99,27,0,0
1074,Thursday,College,Afternoon,Sunny,Long,Earphones,0.4,0.527,17,1,1
1074,Thursday,College,Afternoon,Sunny,Long,Charger,0.55,0.896,10,2,0
1075,Thursday,Gym,Morning,Hot,Medium,Earphones,0.4,0.882,18,4,0
1075,Thursday,Gym,Morning,Hot,Medium,Phone,0.98,0.583,19,0,1
1075,Thursday,Gym,Morning,Hot,Medium,Umbrella,0.35,0.01,2,4,1
1076,Tuesday,Friends_House,Evening,Rainy,Short,Notebook,0.5,0.049,5,1,1
1076,Tuesday,Friends_House,Evening,Rainy,Short,Keys,0.93,0.579,12,0,0
1077,Friday,Gym,Evening,Sunny,Short,Water_Bottle,0.45,0.864,15,2,1
1078,Tuesday,College,Morning,Cloudy,Medium,Laptop,0.8,0.853,15,0,0
1078,Tuesday,College,Morning,Cloudy,Medium,Keys,0.93,0.673,12,0,0
1078,Tuesday,College,Morning,Cloudy,Medium,Charger,0.55,0.859,15,0,1
1078,Tuesday,College,Morning,Cloudy,Medium,Phone,0.98,0.849,15,1,0
1078,Tuesday,College,Morning,Cloudy,Medium,Water_Bottle,0.45,0.536,6,0,1
1079,Wednesday,College,Afternoon,Cold,Medium,Notebook,0.5,0.941,20,1,1
1079,Wednesday,College,Afternoon,Cold,Medium,ID_Card,0.9,0.851,13,0,0
1079,Wednesday,College,Afternoon,Cold,Medium,Charger,0.55,0.767,8,0,0
1079,Wednesday,College,Afternoon,Cold,Medium,Earphones,0.4,0.569,15,0,1
1079,Wednesday,College,Afternoon,Cold,Medium,Wallet,0.95,0.767,17,0,0
1079,Wednesday,College,Afternoon,Cold,Medium,Laptop,0.8,0.823,14,0,0
1079,Wednesday,College,Afternoon,Cold,Medium,Phone,0.98,0.827,10,0,0
1080,Saturday,Gym,Evening,Rainy,Short,Keys,0.93,0.454,6,2,0
1080,Saturday,Gym,Evening,Rainy,Short,Water_Bottle,0.45,0.914,17,4,1
1080,Saturday,Gym,Evening,Rainy,Short,ID_Card,0.9,0.244,8,0,0
1080,Saturday,Gym,Evening,Rainy,Short,Earphones,0.4,0.826,14,1,1
1081,Sunday,Gym,Morning,Cloudy,Medium,Phone,0.98,0.708,11,0,0
1081,Sunday,Gym,Morning,Cloudy,Medium,Water_Bottle,0.45,0.869,14,0,0
1081,Sunday,Gym,Morning,Cloudy,Medium,Keys,0.93,0.437,8,0,1
1081,Sunday,Gym,Morning,Cloudy,Medium,Earphones,0.4,0.925,21,2,1
1081,Sunday,Gym,Morning,Cloudy,Medium,Umbrella,0.35,0.319,12,1,1
1082,Sunday,Family_Event,Morning,Rainy,Medium,Umbrella,0.35,0.778,11,2,0
1082,Sunday,Family_Event,Morning,Rainy,Medium,Water_Bottle,0.45,0.296,10,0,0
1082,Sunday,Family_Event,Morning,Rainy,Medium,Keys,0.93,0.554,14,0,0
1082,Sunday,Family_Event,Morning,Rainy,Medium,Phone,0.98,0.858,12,0,0
1083,Sunday,Travel,Afternoon,Cloudy,Medium,Wallet,0.95,0.929,14,0,0
1083,Sunday,Travel,Afternoon,Cloudy,Medium,ID_Card,0.9,0.99,19,0,1
1083,Sunday,Travel,Afternoon,Cloudy,Medium,Water_Bottle,0.45,0.587,5,0,1
1083,Sunday,Travel,Afternoon,Cloudy,Medium,Earphones,0.4,0.659,16,1,1
1083,Sunday,Travel,Afternoon,Cloudy,Medium,Charger,0.55,0.86,14,0,0
1084,Thursday,Friends_House,Morning,Cloudy,Short,Wallet,0.95,0.451,8,0,0
1084,Thursday,Friends_House,Morning,Cloudy,Short,Umbrella,0.35,0.414,11,2,1
1085,Tuesday,Other,Morning,Sunny,Medium,Phone,0.98,0.833,14,0,0
1085,Tuesday,Other,Morning,Sunny,Medium,Earphones,0.4,0.313,5,1,1
1085,Tuesday,Other,Morning,Sunny,Medium,ID_Card,0.9,0.395,8,2,0
1086,Saturday,Gym,Afternoon,Cloudy,Short,Water_Bottle,0.45,0.833,15,0,1
1086,Saturday,Gym,Afternoon,Cloudy,Short,Phone,0.98,0.748,8,0,0
1086,Saturday,Gym,Afternoon,Cloudy,Short,Umbrella,0.35,0.315,2,4,1
1087,Saturday,Gym,Morning,Rainy,Short,Phone,0.98,0.741,20,0,0
1087,Saturday,Gym,Morning,Rainy,Short,Water_Bottle,0.45,0.823,18,2,1
1087,Saturday,Gym,Morning,Rainy,Short,Earphones,0.4,0.83,8,2,1
1087,Saturday,Gym,Morning,Rainy,Short,Umbrella,0.35,0.738,15,1,0
1088,Sunday,Other,Afternoon,Sunny,Medium,Laptop,0.8,0.267,7,2,0
1088,Sunday,Other,Afternoon,Sunny,Medium,Notebook,0.5,0.142,3,1,1
1088,Sunday,Other,Afternoon,Sunny,Medium,Wallet,0.95,0.646,17,0,0
1088,Sunday,Other,Afternoon,Sunny,Medium,Phone,0.98,0.795,11,0,0
1089,Friday,Office,Evening,Hot,Medium,Wallet,0.95,0.667,7,0,0
1089,Friday,Office,Evening,Hot,Medium,ID_Card,0.9,0.782,16,1,0
1090,Monday,Friends_House,Afternoon,Sunny,Short,Keys,0.93,0.578,14,0,0
1090,Monday,Friends_House,Afternoon,Sunny,Short,Phone,0.98,0.903,16,0,0
1090,Monday,Friends_House,Afternoon,Sunny,Short,Umbrella,0.35,0.155,5,1,1
1091,Thursday,Friends_House,Morning,Rainy,Long,Phone,0.98,0.853,21,0,0
1091,Thursday,Friends_House,Morning,Rainy,Long,Umbrella,0.35,0.798,12,0,0
1092,Thursday,College,Evening,Rainy,Short,Notebook,0.5,0.84,17,0,1
1092,Thursday,College,Evening,Rainy,Short,Earphones,0.4,0.468,7,1,1
1092,Thursday,College,Evening,Rainy,Short,Laptop,0.8,0.812,14,0,0
1092,Thursday,College,Evening,Rainy,Short,Keys,0.93,0.659,15,0,0
1092,Thursday,College,Evening,Rainy,Short,ID_Card,0.9,0.845,13,0,1
1092,Thursday,College,Evening,Rainy,Short,Water_Bottle,0.45,0.478,6,2,0
1092,Thursday,College,Evening,Rainy,Short,Umbrella,0.35,0.934,12,2,0
1092,Thursday,College,Evening,Rainy,Short,Charger,0.55,0.879,10,2,0
1093,Saturday,Gym,Morning,Rainy,Medium,Phone,0.98,0.715,16,0,1
1093,Saturday,Gym,Morning,Rainy,Medium,Charger,0.55,0.181,5,0,0
1093,Saturday,Gym,Morning,Rainy,Medium,Earphones,0.4,0.895,8,2,1
1093,Saturday,Gym,Morning,Rainy,Medium,Water_Bottle,0.45,0.886,14,0,1
1094,Wednesday,Office,Evening,Rainy,Long,Phone,0.98,0.86,15,0,0
1094,Wednesday,Office,Evening,Rainy,Long,Umbrella,0.35,0.849,14,1,0
1094,Wednesday,Office,Evening,Rainy,Long,ID_Card,0.9,0.823,4,1,1
1094,Wednesday,Office,Evening,Rainy,Long,Charger,0.55,0.785,14,0,0
1094,Wednesday,Office,Evening,Rainy,Long,Notebook,0.5,0.544,6,2,1
1094,Wednesday,Office,Evening,Rainy,Long,Keys,0.93,0.503,6,0,0
1095,Wednesday,College,Afternoon,Cold,Medium,Umbrella,0.35,0.323,11,1,1
1095,Wednesday,College,Afternoon,Cold,Medium,Earphones,0.4,0.573,8,1,0
1095,Wednesday,College,Afternoon,Cold,Medium,ID_Card,0.9,0.915,10,0,0
1095,Wednesday,College,Afternoon,Cold,Medium,Charger,0.55,0.818,15,2,1
1095,Wednesday,College,Afternoon,Cold,Medium,Laptop,0.8,0.836,12,0,0
1095,Wednesday,College,Afternoon,Cold,Medium,Phone,0.98,0.954,16,0,1
1095,Wednesday,College,Afternoon,Cold,Medium,Water_Bottle,0.45,0.527,20,2,0
1096,Monday,Gym,Evening,Rainy,Long,Umbrella,0.35,0.672,10,1,0
1096,Monday,Gym,Evening,Rainy,Long,Earphones,0.4,0.845,13,1,0
1096,Monday,Gym,Evening,Rainy,Long,Keys,0.93,0.449,11,0,0
1097,Saturday,Office,Morning,Hot,Medium,Phone,0.98,0.919,17,0,0
1097,Saturday,Office,Morning,Hot,Medium,Charger,0.55,0.774,15,1,0
1097,Saturday,Office,Morning,Hot,Medium,Water_Bottle,0.45,0.849,16,0,0
1097,Saturday,Office,Morning,Hot,Medium,Wallet,0.95,0.724,17,0,1
1097,Saturday,Office,Morning,Hot,Medium,Laptop,0.8,0.809,14,0,0
1098,Saturday,Friends_House,Morning,Hot,Medium,Earphones,0.4,0.323,6,0,1
1098,Saturday,Friends_House,Morning,Hot,Medium,Charger,0.55,0.445,9,2,1
1099,Monday,Other,Afternoon,Sunny,Medium,ID_Card,0.9,0.399,10,1,1
1099,Monday,Other,Afternoon,Sunny,Medium,Charger,0.55,0.493,14,0,0
1099,Monday,Other,Afternoon,Sunny,Medium,Notebook,0.5,0.233,8,0,1
1099,Monday,Other,Afternoon,Sunny,Medium,Keys,0.93,0.617,12,0,0
1100,Thursday,Family_Event,Morning,Sunny,Medium,ID_Card,0.9,0.194,3,3,1
1100,Thursday,Family_Event,Morning,Sunny,Medium,Water_Bottle,0.45,0.312,5,1,0
1100,Thursday,Family_Event,Morning,Sunny,Medium,Keys,0.93,0.534,12,0,0
1100,Thursday,Family_Event,Morning,Sunny,Medium,Phone,0.98,0.8,8,0,0
1100,Thursday,Family_Event,Morning,Sunny,Medium,Charger,0.55,0.293,4,1,1
